2025-12-30 10:36:52.343 [INFO] IEC 104 service starting...
2025-12-30 10:36:52.402 [INFO] IEC104 Server started at 192.168.1.86:2404
2025-12-30 10:37:14.187 [ERROR] IEC104 error: A task was canceled.
2025-12-30 10:37:14.187 [INFO] IEC 104 service stopped.
2025-12-30 12:23:50.371 [INFO] IEC 104 service starting...
2025-12-30 12:23:50.396 [INFO] IEC104 Server started at 192.168.1.86:2404
2025-12-30 12:23:57.303 [ERROR] IEC104 error: A task was canceled.
2025-12-30 12:23:57.304 [INFO] IEC 104 service stopped.
2025-12-30 12:32:33.809 [INFO] IEC 104 service starting...
2025-12-30 12:32:33.823 [INFO] IEC104 Server started at 192.168.1.86:2404
2025-12-30 12:32:41.377 [INFO] [IEC104] Connection request from 192.168.1.57
2025-12-30 12:32:41.465 [INFO] [Client->GW] => General Interrogation from SCADA
2025-12-30 12:32:41.520 [INFO] [GW -> Client] GI-ME  CA=1, IOA=4352 ValueFloat=0 ValueBool=False
2025-12-30 12:32:41.522 [INFO] [GW -> Client] GI-ME  CA=1, IOA=4354 ValueFloat=0 ValueBool=False
2025-12-30 12:32:41.524 [INFO] [GW -> Client] GI-ME  CA=1, IOA=4356 ValueFloat=0 ValueBool=False
2025-12-30 12:32:41.524 [INFO] [GW -> Client] GI-ME  CA=1, IOA=4392 ValueFloat=0 ValueBool=False
2025-12-30 12:32:41.525 [INFO] [GW -> Client] GI-ME  CA=1, IOA=4394 ValueFloat=0 ValueBool=False
2025-12-30 12:32:41.526 [INFO] [GW -> Client] GI-ME  CA=1, IOA=4396 ValueFloat=0 ValueBool=False
2025-12-30 12:32:41.526 [INFO] [GW -> Client] GI-ME  CA=1, IOA=8322 ValueFloat=0 ValueBool=False
2025-12-30 12:32:41.527 [INFO] [GW -> Client] GI-ME  CA=1, IOA=8323 ValueFloat=0 ValueBool=False
2025-12-30 12:32:56.533 [INFO] [IEC104] Client 62476613 event = CLOSED
2025-12-30 12:32:57.555 [INFO] [IEC104] Connection request from 192.168.1.57
2025-12-30 12:32:57.606 [INFO] [Client->GW] => General Interrogation from SCADA
2025-12-30 12:32:57.608 [INFO] [GW -> Client] GI-ME  CA=1, IOA=4352 ValueFloat=0 ValueBool=False
2025-12-30 12:32:57.608 [INFO] [GW -> Client] GI-ME  CA=1, IOA=4354 ValueFloat=0 ValueBool=False
2025-12-30 12:32:57.609 [INFO] [GW -> Client] GI-ME  CA=1, IOA=4356 ValueFloat=0 ValueBool=False
2025-12-30 12:32:57.609 [INFO] [GW -> Client] GI-ME  CA=1, IOA=4392 ValueFloat=0 ValueBool=False
2025-12-30 12:32:57.610 [INFO] [GW -> Client] GI-ME  CA=1, IOA=4394 ValueFloat=0 ValueBool=False
2025-12-30 12:32:57.610 [INFO] [GW -> Client] GI-ME  CA=1, IOA=4396 ValueFloat=0 ValueBool=False
2025-12-30 12:32:57.611 [INFO] [GW -> Client] GI-ME  CA=1, IOA=8322 ValueFloat=0 ValueBool=False
2025-12-30 12:32:57.611 [INFO] [GW -> Client] GI-ME  CA=1, IOA=8323 ValueFloat=0 ValueBool=False
2025-12-30 12:33:12.626 [INFO] [IEC104] Client 39086322 event = CLOSED
2025-12-30 12:33:13.649 [INFO] [IEC104] Connection request from 192.168.1.57
2025-12-30 12:33:13.716 [INFO] [Client->GW] => General Interrogation from SCADA
2025-12-30 12:33:13.718 [INFO] [GW -> Client] GI-ME  CA=1, IOA=4352 ValueFloat=0 ValueBool=False
2025-12-30 12:33:13.719 [INFO] [GW -> Client] GI-ME  CA=1, IOA=4354 ValueFloat=0 ValueBool=False
2025-12-30 12:33:13.720 [INFO] [GW -> Client] GI-ME  CA=1, IOA=4356 ValueFloat=0 ValueBool=False
2025-12-30 12:33:13.721 [INFO] [GW -> Client] GI-ME  CA=1, IOA=4392 ValueFloat=0 ValueBool=False
2025-12-30 12:33:13.722 [INFO] [GW -> Client] GI-ME  CA=1, IOA=4394 ValueFloat=0 ValueBool=False
2025-12-30 12:33:13.722 [INFO] [GW -> Client] GI-ME  CA=1, IOA=4396 ValueFloat=0 ValueBool=False
2025-12-30 12:33:13.723 [INFO] [GW -> Client] GI-ME  CA=1, IOA=8322 ValueFloat=0 ValueBool=False
2025-12-30 12:33:13.724 [INFO] [GW -> Client] GI-ME  CA=1, IOA=8323 ValueFloat=0 ValueBool=False
2025-12-30 12:33:28.756 [INFO] [IEC104] Client 20554616 event = CLOSED
2025-12-30 12:33:29.767 [INFO] [IEC104] Connection request from 192.168.1.57
2025-12-30 12:33:29.832 [INFO] [Client->GW] => General Interrogation from SCADA
2025-12-30 12:33:29.834 [INFO] [GW -> Client] GI-ME  CA=1, IOA=4352 ValueFloat=0 ValueBool=False
2025-12-30 12:33:29.835 [INFO] [GW -> Client] GI-ME  CA=1, IOA=4354 ValueFloat=0 ValueBool=False
2025-12-30 12:33:29.836 [INFO] [GW -> Client] GI-ME  CA=1, IOA=4356 ValueFloat=0 ValueBool=False
2025-12-30 12:33:29.837 [INFO] [GW -> Client] GI-ME  CA=1, IOA=4392 ValueFloat=0 ValueBool=False
2025-12-30 12:33:29.837 [INFO] [GW -> Client] GI-ME  CA=1, IOA=4394 ValueFloat=0 ValueBool=False
2025-12-30 12:33:29.838 [INFO] [GW -> Client] GI-ME  CA=1, IOA=4396 ValueFloat=0 ValueBool=False
2025-12-30 12:33:29.838 [INFO] [GW -> Client] GI-ME  CA=1, IOA=8322 ValueFloat=0 ValueBool=False
2025-12-30 12:33:29.839 [INFO] [GW -> Client] GI-ME  CA=1, IOA=8323 ValueFloat=0 ValueBool=False
2025-12-30 12:33:44.848 [INFO] [IEC104] Client 28106152 event = CLOSED
2025-12-30 12:33:45.867 [INFO] [IEC104] Connection request from 192.168.1.57
2025-12-30 12:33:45.924 [INFO] [Client->GW] => General Interrogation from SCADA
2025-12-30 12:33:45.928 [INFO] [GW -> Client] GI-ME  CA=1, IOA=4352 ValueFloat=0 ValueBool=False
2025-12-30 12:33:45.933 [INFO] [GW -> Client] GI-ME  CA=1, IOA=4354 ValueFloat=0 ValueBool=False
2025-12-30 12:33:45.935 [INFO] [GW -> Client] GI-ME  CA=1, IOA=4356 ValueFloat=0 ValueBool=False
2025-12-30 12:33:45.937 [INFO] [GW -> Client] GI-ME  CA=1, IOA=4392 ValueFloat=0 ValueBool=False
2025-12-30 12:33:45.940 [INFO] [GW -> Client] GI-ME  CA=1, IOA=4394 ValueFloat=0 ValueBool=False
2025-12-30 12:33:45.941 [INFO] [GW -> Client] GI-ME  CA=1, IOA=4396 ValueFloat=0 ValueBool=False
2025-12-30 12:33:45.944 [INFO] [GW -> Client] GI-ME  CA=1, IOA=8322 ValueFloat=0 ValueBool=False
2025-12-30 12:33:45.946 [INFO] [GW -> Client] GI-ME  CA=1, IOA=8323 ValueFloat=0 ValueBool=False
2025-12-30 12:34:00.977 [INFO] [IEC104] Client 7185836 event = CLOSED
2025-12-30 12:34:01.994 [INFO] [IEC104] Connection request from 192.168.1.57
2025-12-30 12:34:02.051 [INFO] [Client->GW] => General Interrogation from SCADA
2025-12-30 12:34:02.053 [INFO] [GW -> Client] GI-ME  CA=1, IOA=4352 ValueFloat=0 ValueBool=False
2025-12-30 12:34:02.053 [INFO] [GW -> Client] GI-ME  CA=1, IOA=4354 ValueFloat=0 ValueBool=False
2025-12-30 12:34:02.054 [INFO] [GW -> Client] GI-ME  CA=1, IOA=4356 ValueFloat=0 ValueBool=False
2025-12-30 12:34:02.054 [INFO] [GW -> Client] GI-ME  CA=1, IOA=4392 ValueFloat=0 ValueBool=False
2025-12-30 12:34:02.054 [INFO] [GW -> Client] GI-ME  CA=1, IOA=4394 ValueFloat=0 ValueBool=False
2025-12-30 12:34:02.055 [INFO] [GW -> Client] GI-ME  CA=1, IOA=4396 ValueFloat=0 ValueBool=False
2025-12-30 12:34:02.055 [INFO] [GW -> Client] GI-ME  CA=1, IOA=8322 ValueFloat=0 ValueBool=False
2025-12-30 12:34:02.056 [INFO] [GW -> Client] GI-ME  CA=1, IOA=8323 ValueFloat=0 ValueBool=False
2025-12-30 12:34:17.089 [INFO] [IEC104] Client 23469504 event = CLOSED
2025-12-30 12:34:18.100 [INFO] [IEC104] Connection request from 192.168.1.57
2025-12-30 12:34:18.161 [INFO] [Client->GW] => General Interrogation from SCADA
2025-12-30 12:34:18.162 [INFO] [GW -> Client] GI-ME  CA=1, IOA=4352 ValueFloat=0 ValueBool=False
2025-12-30 12:34:18.163 [INFO] [GW -> Client] GI-ME  CA=1, IOA=4354 ValueFloat=0 ValueBool=False
2025-12-30 12:34:18.164 [INFO] [GW -> Client] GI-ME  CA=1, IOA=4356 ValueFloat=0 ValueBool=False
2025-12-30 12:34:18.164 [INFO] [GW -> Client] GI-ME  CA=1, IOA=4392 ValueFloat=0 ValueBool=False
2025-12-30 12:34:18.165 [INFO] [GW -> Client] GI-ME  CA=1, IOA=4394 ValueFloat=0 ValueBool=False
2025-12-30 12:34:18.166 [INFO] [GW -> Client] GI-ME  CA=1, IOA=4396 ValueFloat=0 ValueBool=False
2025-12-30 12:34:18.167 [INFO] [GW -> Client] GI-ME  CA=1, IOA=8322 ValueFloat=0 ValueBool=False
2025-12-30 12:34:18.167 [INFO] [GW -> Client] GI-ME  CA=1, IOA=8323 ValueFloat=0 ValueBool=False
2025-12-30 12:34:33.188 [INFO] [IEC104] Client 22042885 event = CLOSED
2025-12-30 12:34:34.203 [INFO] [IEC104] Connection request from 192.168.1.57
2025-12-30 12:34:34.262 [INFO] [Client->GW] => General Interrogation from SCADA
2025-12-30 12:34:34.264 [INFO] [GW -> Client] GI-ME  CA=1, IOA=4352 ValueFloat=0 ValueBool=False
2025-12-30 12:34:34.265 [INFO] [GW -> Client] GI-ME  CA=1, IOA=4354 ValueFloat=0 ValueBool=False
2025-12-30 12:34:34.266 [INFO] [GW -> Client] GI-ME  CA=1, IOA=4356 ValueFloat=0 ValueBool=False
2025-12-30 12:34:34.267 [INFO] [GW -> Client] GI-ME  CA=1, IOA=4392 ValueFloat=0 ValueBool=False
2025-12-30 12:34:34.268 [INFO] [GW -> Client] GI-ME  CA=1, IOA=4394 ValueFloat=0 ValueBool=False
2025-12-30 12:34:34.268 [INFO] [GW -> Client] GI-ME  CA=1, IOA=4396 ValueFloat=0 ValueBool=False
2025-12-30 12:34:34.269 [INFO] [GW -> Client] GI-ME  CA=1, IOA=8322 ValueFloat=0 ValueBool=False
2025-12-30 12:34:34.270 [INFO] [GW -> Client] GI-ME  CA=1, IOA=8323 ValueFloat=0 ValueBool=False
2025-12-30 12:34:49.274 [INFO] [IEC104] Client 34036288 event = CLOSED
2025-12-30 12:34:50.289 [INFO] [IEC104] Connection request from 192.168.1.57
2025-12-30 12:34:50.340 [INFO] [Client->GW] => General Interrogation from SCADA
2025-12-30 12:34:50.341 [INFO] [GW -> Client] GI-ME  CA=1, IOA=4352 ValueFloat=0 ValueBool=False
2025-12-30 12:34:50.342 [INFO] [GW -> Client] GI-ME  CA=1, IOA=4354 ValueFloat=0 ValueBool=False
2025-12-30 12:34:50.342 [INFO] [GW -> Client] GI-ME  CA=1, IOA=4356 ValueFloat=0 ValueBool=False
2025-12-30 12:34:50.342 [INFO] [GW -> Client] GI-ME  CA=1, IOA=4392 ValueFloat=0 ValueBool=False
2025-12-30 12:34:50.343 [INFO] [GW -> Client] GI-ME  CA=1, IOA=4394 ValueFloat=0 ValueBool=False
2025-12-30 12:34:50.344 [INFO] [GW -> Client] GI-ME  CA=1, IOA=4396 ValueFloat=0 ValueBool=False
2025-12-30 12:34:50.344 [INFO] [GW -> Client] GI-ME  CA=1, IOA=8322 ValueFloat=0 ValueBool=False
2025-12-30 12:34:50.345 [INFO] [GW -> Client] GI-ME  CA=1, IOA=8323 ValueFloat=0 ValueBool=False
2025-12-30 12:35:05.371 [INFO] [IEC104] Client 15469180 event = CLOSED
2025-12-30 12:35:06.390 [INFO] [IEC104] Connection request from 192.168.1.57
2025-12-30 12:35:06.454 [INFO] [Client->GW] => General Interrogation from SCADA
2025-12-30 12:35:06.455 [INFO] [GW -> Client] GI-ME  CA=1, IOA=4352 ValueFloat=0 ValueBool=False
2025-12-30 12:35:06.455 [INFO] [GW -> Client] GI-ME  CA=1, IOA=4354 ValueFloat=0 ValueBool=False
2025-12-30 12:35:06.456 [INFO] [GW -> Client] GI-ME  CA=1, IOA=4356 ValueFloat=0 ValueBool=False
2025-12-30 12:35:06.456 [INFO] [GW -> Client] GI-ME  CA=1, IOA=4392 ValueFloat=0 ValueBool=False
2025-12-30 12:35:06.456 [INFO] [GW -> Client] GI-ME  CA=1, IOA=4394 ValueFloat=0 ValueBool=False
2025-12-30 12:35:06.457 [INFO] [GW -> Client] GI-ME  CA=1, IOA=4396 ValueFloat=0 ValueBool=False
2025-12-30 12:35:06.457 [INFO] [GW -> Client] GI-ME  CA=1, IOA=8322 ValueFloat=0 ValueBool=False
2025-12-30 12:35:06.458 [INFO] [GW -> Client] GI-ME  CA=1, IOA=8323 ValueFloat=0 ValueBool=False
2025-12-30 12:35:21.471 [INFO] [IEC104] Client 57883912 event = CLOSED
2025-12-30 12:35:22.486 [INFO] [IEC104] Connection request from 192.168.1.57
2025-12-30 12:35:22.539 [INFO] [Client->GW] => General Interrogation from SCADA
2025-12-30 12:35:22.540 [INFO] [GW -> Client] GI-ME  CA=1, IOA=4352 ValueFloat=0 ValueBool=False
2025-12-30 12:35:22.541 [INFO] [GW -> Client] GI-ME  CA=1, IOA=4354 ValueFloat=0 ValueBool=False
2025-12-30 12:35:22.542 [INFO] [GW -> Client] GI-ME  CA=1, IOA=4356 ValueFloat=0 ValueBool=False
2025-12-30 12:35:22.542 [INFO] [GW -> Client] GI-ME  CA=1, IOA=4392 ValueFloat=0 ValueBool=False
2025-12-30 12:35:22.543 [INFO] [GW -> Client] GI-ME  CA=1, IOA=4394 ValueFloat=0 ValueBool=False
2025-12-30 12:35:22.543 [INFO] [GW -> Client] GI-ME  CA=1, IOA=4396 ValueFloat=0 ValueBool=False
2025-12-30 12:35:22.544 [INFO] [GW -> Client] GI-ME  CA=1, IOA=8322 ValueFloat=0 ValueBool=False
2025-12-30 12:35:22.544 [INFO] [GW -> Client] GI-ME  CA=1, IOA=8323 ValueFloat=0 ValueBool=False
2025-12-30 12:35:37.551 [INFO] [IEC104] Client 58899178 event = CLOSED
2025-12-30 12:35:38.572 [INFO] [IEC104] Connection request from 192.168.1.57
2025-12-30 12:35:38.628 [INFO] [Client->GW] => General Interrogation from SCADA
2025-12-30 12:35:38.629 [INFO] [GW -> Client] GI-ME  CA=1, IOA=4352 ValueFloat=0 ValueBool=False
2025-12-30 12:35:38.630 [INFO] [GW -> Client] GI-ME  CA=1, IOA=4354 ValueFloat=0 ValueBool=False
2025-12-30 12:35:38.631 [INFO] [GW -> Client] GI-ME  CA=1, IOA=4356 ValueFloat=0 ValueBool=False
2025-12-30 12:35:38.632 [INFO] [GW -> Client] GI-ME  CA=1, IOA=4392 ValueFloat=0 ValueBool=False
2025-12-30 12:35:38.633 [INFO] [GW -> Client] GI-ME  CA=1, IOA=4394 ValueFloat=0 ValueBool=False
2025-12-30 12:35:38.634 [INFO] [GW -> Client] GI-ME  CA=1, IOA=4396 ValueFloat=0 ValueBool=False
2025-12-30 12:35:38.634 [INFO] [GW -> Client] GI-ME  CA=1, IOA=8322 ValueFloat=0 ValueBool=False
2025-12-30 12:35:38.635 [INFO] [GW -> Client] GI-ME  CA=1, IOA=8323 ValueFloat=0 ValueBool=False
2025-12-30 12:35:53.660 [INFO] [IEC104] Client 4341305 event = CLOSED
2025-12-30 12:35:54.675 [INFO] [IEC104] Connection request from 192.168.1.57
2025-12-30 12:35:54.738 [INFO] [Client->GW] => General Interrogation from SCADA
2025-12-30 12:35:54.740 [INFO] [GW -> Client] GI-ME  CA=1, IOA=4352 ValueFloat=0 ValueBool=False
2025-12-30 12:35:54.741 [INFO] [GW -> Client] GI-ME  CA=1, IOA=4354 ValueFloat=0 ValueBool=False
2025-12-30 12:35:54.742 [INFO] [GW -> Client] GI-ME  CA=1, IOA=4356 ValueFloat=0 ValueBool=False
2025-12-30 12:35:54.743 [INFO] [GW -> Client] GI-ME  CA=1, IOA=4392 ValueFloat=0 ValueBool=False
2025-12-30 12:35:54.744 [INFO] [GW -> Client] GI-ME  CA=1, IOA=4394 ValueFloat=0 ValueBool=False
2025-12-30 12:35:54.744 [INFO] [GW -> Client] GI-ME  CA=1, IOA=4396 ValueFloat=0 ValueBool=False
2025-12-30 12:35:54.745 [INFO] [GW -> Client] GI-ME  CA=1, IOA=8322 ValueFloat=0 ValueBool=False
2025-12-30 12:35:54.745 [INFO] [GW -> Client] GI-ME  CA=1, IOA=8323 ValueFloat=0 ValueBool=False
2025-12-30 12:36:09.769 [INFO] [IEC104] Client 6581872 event = CLOSED
2025-12-30 12:36:10.777 [INFO] [IEC104] Connection request from 192.168.1.57
2025-12-30 12:36:10.831 [INFO] [Client->GW] => General Interrogation from SCADA
2025-12-30 12:36:10.832 [INFO] [GW -> Client] GI-ME  CA=1, IOA=4352 ValueFloat=0 ValueBool=False
2025-12-30 12:36:10.833 [INFO] [GW -> Client] GI-ME  CA=1, IOA=4354 ValueFloat=0 ValueBool=False
2025-12-30 12:36:10.833 [INFO] [GW -> Client] GI-ME  CA=1, IOA=4356 ValueFloat=0 ValueBool=False
2025-12-30 12:36:10.834 [INFO] [GW -> Client] GI-ME  CA=1, IOA=4392 ValueFloat=0 ValueBool=False
2025-12-30 12:36:10.834 [INFO] [GW -> Client] GI-ME  CA=1, IOA=4394 ValueFloat=0 ValueBool=False
2025-12-30 12:36:10.835 [INFO] [GW -> Client] GI-ME  CA=1, IOA=4396 ValueFloat=0 ValueBool=False
2025-12-30 12:36:10.835 [INFO] [GW -> Client] GI-ME  CA=1, IOA=8322 ValueFloat=0 ValueBool=False
2025-12-30 12:36:10.837 [INFO] [GW -> Client] GI-ME  CA=1, IOA=8323 ValueFloat=0 ValueBool=False
2025-12-30 12:36:13.391 [INFO] [IEC104] Client 23356521 event = CLOSED
2025-12-30 12:36:34.392 [INFO] [IEC104] Connection request from 192.168.1.86
2025-12-30 12:36:34.456 [INFO] [Client->GW] => General Interrogation from SCADA
2025-12-30 12:36:34.457 [INFO] [GW -> Client] GI-ME  CA=1, IOA=4352 ValueFloat=0 ValueBool=False
2025-12-30 12:36:34.457 [INFO] [GW -> Client] GI-ME  CA=1, IOA=4354 ValueFloat=0 ValueBool=False
2025-12-30 12:36:34.458 [INFO] [GW -> Client] GI-ME  CA=1, IOA=4356 ValueFloat=0 ValueBool=False
2025-12-30 12:36:34.458 [INFO] [GW -> Client] GI-ME  CA=1, IOA=4392 ValueFloat=0 ValueBool=False
2025-12-30 12:36:34.459 [INFO] [GW -> Client] GI-ME  CA=1, IOA=4394 ValueFloat=0 ValueBool=False
2025-12-30 12:36:34.459 [INFO] [GW -> Client] GI-ME  CA=1, IOA=4396 ValueFloat=0 ValueBool=False
2025-12-30 12:36:34.460 [INFO] [GW -> Client] GI-ME  CA=1, IOA=8322 ValueFloat=0 ValueBool=False
2025-12-30 12:36:34.460 [INFO] [GW -> Client] GI-ME  CA=1, IOA=8323 ValueFloat=0 ValueBool=False
2025-12-30 12:36:49.487 [INFO] [IEC104] Client 54776394 event = CLOSED
2025-12-30 12:36:50.505 [INFO] [IEC104] Connection request from 192.168.1.86
2025-12-30 12:36:50.566 [INFO] [Client->GW] => General Interrogation from SCADA
2025-12-30 12:36:50.567 [INFO] [GW -> Client] GI-ME  CA=1, IOA=4352 ValueFloat=0 ValueBool=False
2025-12-30 12:36:50.568 [INFO] [GW -> Client] GI-ME  CA=1, IOA=4354 ValueFloat=0 ValueBool=False
2025-12-30 12:36:50.569 [INFO] [GW -> Client] GI-ME  CA=1, IOA=4356 ValueFloat=0 ValueBool=False
2025-12-30 12:36:50.570 [INFO] [GW -> Client] GI-ME  CA=1, IOA=4392 ValueFloat=0 ValueBool=False
2025-12-30 12:36:50.571 [INFO] [GW -> Client] GI-ME  CA=1, IOA=4394 ValueFloat=0 ValueBool=False
2025-12-30 12:36:50.572 [INFO] [GW -> Client] GI-ME  CA=1, IOA=4396 ValueFloat=0 ValueBool=False
2025-12-30 12:36:50.573 [INFO] [GW -> Client] GI-ME  CA=1, IOA=8322 ValueFloat=0 ValueBool=False
2025-12-30 12:36:50.574 [INFO] [GW -> Client] GI-ME  CA=1, IOA=8323 ValueFloat=0 ValueBool=False
2025-12-30 12:37:05.612 [INFO] [IEC104] Client 5227990 event = CLOSED
2025-12-30 12:37:06.615 [INFO] [IEC104] Connection request from 192.168.1.86
2025-12-30 12:37:06.676 [INFO] [Client->GW] => General Interrogation from SCADA
2025-12-30 12:37:06.678 [INFO] [GW -> Client] GI-ME  CA=1, IOA=4352 ValueFloat=0 ValueBool=False
2025-12-30 12:37:06.680 [INFO] [GW -> Client] GI-ME  CA=1, IOA=4354 ValueFloat=0 ValueBool=False
2025-12-30 12:37:06.681 [INFO] [GW -> Client] GI-ME  CA=1, IOA=4356 ValueFloat=0 ValueBool=False
2025-12-30 12:37:06.682 [INFO] [GW -> Client] GI-ME  CA=1, IOA=4392 ValueFloat=0 ValueBool=False
2025-12-30 12:37:06.684 [INFO] [GW -> Client] GI-ME  CA=1, IOA=4394 ValueFloat=0 ValueBool=False
2025-12-30 12:37:06.686 [INFO] [GW -> Client] GI-ME  CA=1, IOA=4396 ValueFloat=0 ValueBool=False
2025-12-30 12:37:06.690 [INFO] [GW -> Client] GI-ME  CA=1, IOA=8322 ValueFloat=0 ValueBool=False
2025-12-30 12:37:06.691 [INFO] [GW -> Client] GI-ME  CA=1, IOA=8323 ValueFloat=0 ValueBool=False
2025-12-30 12:37:21.722 [INFO] [IEC104] Client 53570991 event = CLOSED
2025-12-30 12:37:22.740 [INFO] [IEC104] Connection request from 192.168.1.86
2025-12-30 12:37:22.799 [INFO] [Client->GW] => General Interrogation from SCADA
2025-12-30 12:37:22.801 [INFO] [GW -> Client] GI-ME  CA=1, IOA=4352 ValueFloat=0 ValueBool=False
2025-12-30 12:37:22.803 [INFO] [GW -> Client] GI-ME  CA=1, IOA=4354 ValueFloat=0 ValueBool=False
2025-12-30 12:37:22.805 [INFO] [GW -> Client] GI-ME  CA=1, IOA=4356 ValueFloat=0 ValueBool=False
2025-12-30 12:37:22.806 [INFO] [GW -> Client] GI-ME  CA=1, IOA=4392 ValueFloat=0 ValueBool=False
2025-12-30 12:37:22.808 [INFO] [GW -> Client] GI-ME  CA=1, IOA=4394 ValueFloat=0 ValueBool=False
2025-12-30 12:37:22.809 [INFO] [GW -> Client] GI-ME  CA=1, IOA=4396 ValueFloat=0 ValueBool=False
2025-12-30 12:37:22.811 [INFO] [GW -> Client] GI-ME  CA=1, IOA=8322 ValueFloat=0 ValueBool=False
2025-12-30 12:37:22.812 [INFO] [GW -> Client] GI-ME  CA=1, IOA=8323 ValueFloat=0 ValueBool=False
2025-12-30 12:37:37.831 [INFO] [IEC104] Client 5857376 event = CLOSED
2025-12-30 12:37:38.848 [INFO] [IEC104] Connection request from 192.168.1.86
2025-12-30 12:37:38.908 [INFO] [Client->GW] => General Interrogation from SCADA
2025-12-30 12:37:38.909 [INFO] [GW -> Client] GI-ME  CA=1, IOA=4352 ValueFloat=0 ValueBool=False
2025-12-30 12:37:38.910 [INFO] [GW -> Client] GI-ME  CA=1, IOA=4354 ValueFloat=0 ValueBool=False
2025-12-30 12:37:38.910 [INFO] [GW -> Client] GI-ME  CA=1, IOA=4356 ValueFloat=0 ValueBool=False
2025-12-30 12:37:38.911 [INFO] [GW -> Client] GI-ME  CA=1, IOA=4392 ValueFloat=0 ValueBool=False
2025-12-30 12:37:38.911 [INFO] [GW -> Client] GI-ME  CA=1, IOA=4394 ValueFloat=0 ValueBool=False
2025-12-30 12:37:38.912 [INFO] [GW -> Client] GI-ME  CA=1, IOA=4396 ValueFloat=0 ValueBool=False
2025-12-30 12:37:38.913 [INFO] [GW -> Client] GI-ME  CA=1, IOA=8322 ValueFloat=0 ValueBool=False
2025-12-30 12:37:38.913 [INFO] [GW -> Client] GI-ME  CA=1, IOA=8323 ValueFloat=0 ValueBool=False
2025-12-30 12:38:01.191 [INFO] IEC 104 service starting...
2025-12-30 12:38:01.202 [INFO] IEC104 Server started at 192.168.1.86:2404
2025-12-30 12:39:06.021 [INFO] IEC 104 service starting...
2025-12-30 12:39:06.032 [INFO] IEC104 Server started at 192.168.1.86:2404
2025-12-30 12:40:00.292 [INFO] [IEC104] Connection request from 192.168.1.57
2025-12-30 12:40:00.365 [INFO] [Client->GW] => General Interrogation from SCADA
2025-12-30 12:40:00.379 [INFO] [GW -> Client] GI-ME  CA=1, IOA=4352 ValueFloat=131.442 ValueBool=False
2025-12-30 12:40:00.395 [INFO] [GW -> Client] GI-ME  CA=1, IOA=4354 ValueFloat=65.536 ValueBool=False
2025-12-30 12:40:00.411 [INFO] [GW -> Client] GI-ME  CA=1, IOA=4356 ValueFloat=65.536 ValueBool=False
2025-12-30 12:40:00.427 [INFO] [GW -> Client] GI-ME  CA=1, IOA=4392 ValueFloat=131.294 ValueBool=False
2025-12-30 12:40:00.443 [INFO] [GW -> Client] GI-ME  CA=1, IOA=4394 ValueFloat=0.13000001 ValueBool=False
2025-12-30 12:40:00.459 [INFO] [GW -> Client] GI-ME  CA=1, IOA=4396 ValueFloat=65.536 ValueBool=False
2025-12-30 12:40:00.476 [INFO] [GW -> Client] GI-ME  CA=1, IOA=8322 ValueFloat=0 ValueBool=False
2025-12-30 12:40:00.491 [INFO] [GW -> Client] GI-ME  CA=1, IOA=8323 ValueFloat=0 ValueBool=False
2025-12-30 12:40:15.510 [INFO] [IEC104] Client 27778196 event = CLOSED
2025-12-30 12:40:16.526 [INFO] [IEC104] Connection request from 192.168.1.57
2025-12-30 12:40:16.581 [INFO] [Client->GW] => General Interrogation from SCADA
2025-12-30 12:40:16.597 [INFO] [GW -> Client] GI-ME  CA=1, IOA=4352 ValueFloat=131.442 ValueBool=False
2025-12-30 12:40:16.613 [INFO] [GW -> Client] GI-ME  CA=1, IOA=4354 ValueFloat=65.536 ValueBool=False
2025-12-30 12:40:16.629 [INFO] [GW -> Client] GI-ME  CA=1, IOA=4356 ValueFloat=65.536 ValueBool=False
2025-12-30 12:40:16.645 [INFO] [GW -> Client] GI-ME  CA=1, IOA=4392 ValueFloat=131.294 ValueBool=False
2025-12-30 12:40:16.661 [INFO] [GW -> Client] GI-ME  CA=1, IOA=4394 ValueFloat=0.13000001 ValueBool=False
2025-12-30 12:40:16.677 [INFO] [GW -> Client] GI-ME  CA=1, IOA=4396 ValueFloat=65.536 ValueBool=False
2025-12-30 12:40:16.693 [INFO] [GW -> Client] GI-ME  CA=1, IOA=8322 ValueFloat=0 ValueBool=False
2025-12-30 12:40:16.708 [INFO] [GW -> Client] GI-ME  CA=1, IOA=8323 ValueFloat=0 ValueBool=False
2025-12-30 12:40:31.754 [INFO] [IEC104] Client 39458692 event = CLOSED
2025-12-30 12:40:32.764 [INFO] [IEC104] Connection request from 192.168.1.57
2025-12-30 12:40:32.832 [INFO] [Client->GW] => General Interrogation from SCADA
2025-12-30 12:40:32.848 [INFO] [GW -> Client] GI-ME  CA=1, IOA=4352 ValueFloat=131.442 ValueBool=False
2025-12-30 12:40:32.864 [INFO] [GW -> Client] GI-ME  CA=1, IOA=4354 ValueFloat=65.536 ValueBool=False
2025-12-30 12:40:32.880 [INFO] [GW -> Client] GI-ME  CA=1, IOA=4356 ValueFloat=65.536 ValueBool=False
2025-12-30 12:40:32.896 [INFO] [GW -> Client] GI-ME  CA=1, IOA=4392 ValueFloat=131.294 ValueBool=False
2025-12-30 12:40:32.912 [INFO] [GW -> Client] GI-ME  CA=1, IOA=4394 ValueFloat=0.13000001 ValueBool=False
2025-12-30 12:40:32.928 [INFO] [GW -> Client] GI-ME  CA=1, IOA=4396 ValueFloat=65.536 ValueBool=False
2025-12-30 12:40:32.940 [INFO] [GW -> Client] GI-ME  CA=1, IOA=8322 ValueFloat=0 ValueBool=False
2025-12-30 12:40:32.956 [INFO] [GW -> Client] GI-ME  CA=1, IOA=8323 ValueFloat=0 ValueBool=False
2025-12-30 12:40:47.988 [INFO] [IEC104] Client 399557 event = CLOSED
2025-12-30 12:40:49.005 [INFO] [IEC104] Connection request from 192.168.1.57
2025-12-30 12:40:49.067 [INFO] [Client->GW] => General Interrogation from SCADA
2025-12-30 12:40:49.083 [INFO] [GW -> Client] GI-ME  CA=1, IOA=4352 ValueFloat=131.442 ValueBool=False
2025-12-30 12:40:49.100 [INFO] [GW -> Client] GI-ME  CA=1, IOA=4354 ValueFloat=65.536 ValueBool=False
2025-12-30 12:40:49.128 [INFO] [GW -> Client] GI-ME  CA=1, IOA=4356 ValueFloat=65.536 ValueBool=False
2025-12-30 12:40:49.144 [INFO] [GW -> Client] GI-ME  CA=1, IOA=4392 ValueFloat=131.294 ValueBool=False
2025-12-30 12:40:49.160 [INFO] [GW -> Client] GI-ME  CA=1, IOA=4394 ValueFloat=0.13000001 ValueBool=False
2025-12-30 12:40:49.177 [INFO] [GW -> Client] GI-ME  CA=1, IOA=4396 ValueFloat=65.536 ValueBool=False
2025-12-30 12:40:49.192 [INFO] [GW -> Client] GI-ME  CA=1, IOA=8322 ValueFloat=0 ValueBool=False
2025-12-30 12:40:49.208 [INFO] [GW -> Client] GI-ME  CA=1, IOA=8323 ValueFloat=0 ValueBool=False
2025-12-30 12:41:04.238 [INFO] [IEC104] Client 26947686 event = CLOSED
2025-12-30 12:41:05.253 [INFO] [IEC104] Connection request from 192.168.1.57
2025-12-30 12:41:05.331 [INFO] [Client->GW] => General Interrogation from SCADA
2025-12-30 12:41:05.347 [INFO] [GW -> Client] GI-ME  CA=1, IOA=4352 ValueFloat=131.442 ValueBool=False
2025-12-30 12:41:05.363 [INFO] [GW -> Client] GI-ME  CA=1, IOA=4354 ValueFloat=65.536 ValueBool=False
2025-12-30 12:41:05.379 [INFO] [GW -> Client] GI-ME  CA=1, IOA=4356 ValueFloat=65.536 ValueBool=False
2025-12-30 12:41:05.394 [INFO] [GW -> Client] GI-ME  CA=1, IOA=4392 ValueFloat=131.294 ValueBool=False
2025-12-30 12:41:05.410 [INFO] [GW -> Client] GI-ME  CA=1, IOA=4394 ValueFloat=0.13000001 ValueBool=False
2025-12-30 12:41:05.426 [INFO] [GW -> Client] GI-ME  CA=1, IOA=4396 ValueFloat=65.536 ValueBool=False
2025-12-30 12:41:05.442 [INFO] [GW -> Client] GI-ME  CA=1, IOA=8322 ValueFloat=0 ValueBool=False
2025-12-30 12:41:05.458 [INFO] [GW -> Client] GI-ME  CA=1, IOA=8323 ValueFloat=0 ValueBool=False
2025-12-30 12:41:20.464 [INFO] [IEC104] Client 6960220 event = CLOSED
2025-12-30 12:41:21.473 [INFO] [IEC104] Connection request from 192.168.1.57
2025-12-30 12:41:21.536 [INFO] [Client->GW] => General Interrogation from SCADA
2025-12-30 12:41:21.552 [INFO] [GW -> Client] GI-ME  CA=1, IOA=4352 ValueFloat=131.442 ValueBool=False
2025-12-30 12:41:21.569 [INFO] [GW -> Client] GI-ME  CA=1, IOA=4354 ValueFloat=65.536 ValueBool=False
2025-12-30 12:41:21.586 [INFO] [GW -> Client] GI-ME  CA=1, IOA=4356 ValueFloat=65.536 ValueBool=False
2025-12-30 12:41:21.602 [INFO] [GW -> Client] GI-ME  CA=1, IOA=4392 ValueFloat=131.294 ValueBool=False
2025-12-30 12:41:21.620 [INFO] [GW -> Client] GI-ME  CA=1, IOA=4394 ValueFloat=0.13000001 ValueBool=False
2025-12-30 12:41:21.636 [INFO] [GW -> Client] GI-ME  CA=1, IOA=4396 ValueFloat=65.536 ValueBool=False
2025-12-30 12:41:21.651 [INFO] [GW -> Client] GI-ME  CA=1, IOA=8322 ValueFloat=0 ValueBool=False
2025-12-30 12:41:21.666 [INFO] [GW -> Client] GI-ME  CA=1, IOA=8323 ValueFloat=0 ValueBool=False
2025-12-30 12:41:36.676 [INFO] [IEC104] Client 39157739 event = CLOSED
2025-12-30 12:41:37.700 [INFO] [IEC104] Connection request from 192.168.1.57
2025-12-30 12:41:37.754 [INFO] [Client->GW] => General Interrogation from SCADA
2025-12-30 12:41:37.769 [INFO] [GW -> Client] GI-ME  CA=1, IOA=4352 ValueFloat=131.442 ValueBool=False
2025-12-30 12:41:37.784 [INFO] [GW -> Client] GI-ME  CA=1, IOA=4354 ValueFloat=65.536 ValueBool=False
2025-12-30 12:41:37.801 [INFO] [GW -> Client] GI-ME  CA=1, IOA=4356 ValueFloat=65.536 ValueBool=False
2025-12-30 12:41:37.817 [INFO] [GW -> Client] GI-ME  CA=1, IOA=4392 ValueFloat=131.294 ValueBool=False
2025-12-30 12:41:37.833 [INFO] [GW -> Client] GI-ME  CA=1, IOA=4394 ValueFloat=0.13000001 ValueBool=False
2025-12-30 12:41:37.848 [INFO] [GW -> Client] GI-ME  CA=1, IOA=4396 ValueFloat=65.536 ValueBool=False
2025-12-30 12:41:37.877 [INFO] [GW -> Client] GI-ME  CA=1, IOA=8322 ValueFloat=0 ValueBool=False
2025-12-30 12:41:37.893 [INFO] [GW -> Client] GI-ME  CA=1, IOA=8323 ValueFloat=0 ValueBool=False
2025-12-30 12:41:52.927 [INFO] [IEC104] Client 61795057 event = CLOSED
2025-12-30 12:41:53.938 [INFO] [IEC104] Connection request from 192.168.1.57
2025-12-30 12:41:54.003 [INFO] [Client->GW] => General Interrogation from SCADA
2025-12-30 12:41:54.020 [INFO] [GW -> Client] GI-ME  CA=1, IOA=4352 ValueFloat=131.442 ValueBool=False
2025-12-30 12:41:54.036 [INFO] [GW -> Client] GI-ME  CA=1, IOA=4354 ValueFloat=65.536 ValueBool=False
2025-12-30 12:41:54.052 [INFO] [GW -> Client] GI-ME  CA=1, IOA=4356 ValueFloat=65.536 ValueBool=False
2025-12-30 12:41:54.066 [INFO] [GW -> Client] GI-ME  CA=1, IOA=4392 ValueFloat=131.294 ValueBool=False
2025-12-30 12:41:54.084 [INFO] [GW -> Client] GI-ME  CA=1, IOA=4394 ValueFloat=0.13000001 ValueBool=False
2025-12-30 12:41:54.099 [INFO] [GW -> Client] GI-ME  CA=1, IOA=4396 ValueFloat=65.536 ValueBool=False
2025-12-30 12:41:54.117 [INFO] [GW -> Client] GI-ME  CA=1, IOA=8322 ValueFloat=0 ValueBool=False
2025-12-30 12:41:54.135 [INFO] [GW -> Client] GI-ME  CA=1, IOA=8323 ValueFloat=0 ValueBool=False
2025-12-30 12:42:09.160 [INFO] [IEC104] Client 1595146 event = CLOSED
2025-12-30 12:42:10.170 [INFO] [IEC104] Connection request from 192.168.1.57
2025-12-30 12:42:10.238 [INFO] [Client->GW] => General Interrogation from SCADA
2025-12-30 12:42:10.254 [INFO] [GW -> Client] GI-ME  CA=1, IOA=4352 ValueFloat=131.442 ValueBool=False
2025-12-30 12:42:10.269 [INFO] [GW -> Client] GI-ME  CA=1, IOA=4354 ValueFloat=65.536 ValueBool=False
2025-12-30 12:42:10.285 [INFO] [GW -> Client] GI-ME  CA=1, IOA=4356 ValueFloat=65.536 ValueBool=False
2025-12-30 12:42:10.301 [INFO] [GW -> Client] GI-ME  CA=1, IOA=4392 ValueFloat=131.294 ValueBool=False
2025-12-30 12:42:10.317 [INFO] [GW -> Client] GI-ME  CA=1, IOA=4394 ValueFloat=0.13000001 ValueBool=False
2025-12-30 12:42:10.346 [INFO] [GW -> Client] GI-ME  CA=1, IOA=4396 ValueFloat=65.536 ValueBool=False
2025-12-30 12:42:10.362 [INFO] [GW -> Client] GI-ME  CA=1, IOA=8322 ValueFloat=0 ValueBool=False
2025-12-30 12:42:10.378 [INFO] [GW -> Client] GI-ME  CA=1, IOA=8323 ValueFloat=0 ValueBool=False
2025-12-30 12:42:25.391 [INFO] [IEC104] Client 44347905 event = CLOSED
2025-12-30 12:42:26.412 [INFO] [IEC104] Connection request from 192.168.1.57
2025-12-30 12:42:26.467 [INFO] [Client->GW] => General Interrogation from SCADA
2025-12-30 12:42:26.483 [INFO] [GW -> Client] GI-ME  CA=1, IOA=4352 ValueFloat=131.442 ValueBool=False
2025-12-30 12:42:26.498 [INFO] [GW -> Client] GI-ME  CA=1, IOA=4354 ValueFloat=65.536 ValueBool=False
2025-12-30 12:42:26.513 [INFO] [GW -> Client] GI-ME  CA=1, IOA=4356 ValueFloat=65.536 ValueBool=False
2025-12-30 12:42:26.529 [INFO] [GW -> Client] GI-ME  CA=1, IOA=4392 ValueFloat=131.294 ValueBool=False
2025-12-30 12:42:26.544 [INFO] [GW -> Client] GI-ME  CA=1, IOA=4394 ValueFloat=0.13000001 ValueBool=False
2025-12-30 12:42:26.560 [INFO] [GW -> Client] GI-ME  CA=1, IOA=4396 ValueFloat=65.536 ValueBool=False
2025-12-30 12:42:26.574 [INFO] [GW -> Client] GI-ME  CA=1, IOA=8322 ValueFloat=0 ValueBool=False
2025-12-30 12:42:26.590 [INFO] [GW -> Client] GI-ME  CA=1, IOA=8323 ValueFloat=0 ValueBool=False
2025-12-30 12:42:41.597 [INFO] [IEC104] Client 2451731 event = CLOSED
2025-12-30 12:42:42.611 [INFO] [IEC104] Connection request from 192.168.1.57
2025-12-30 12:42:42.670 [INFO] [Client->GW] => General Interrogation from SCADA
2025-12-30 12:42:42.685 [INFO] [GW -> Client] GI-ME  CA=1, IOA=4352 ValueFloat=131.442 ValueBool=False
2025-12-30 12:42:42.702 [INFO] [GW -> Client] GI-ME  CA=1, IOA=4354 ValueFloat=65.536 ValueBool=False
2025-12-30 12:42:42.717 [INFO] [GW -> Client] GI-ME  CA=1, IOA=4356 ValueFloat=65.536 ValueBool=False
2025-12-30 12:42:42.733 [INFO] [GW -> Client] GI-ME  CA=1, IOA=4392 ValueFloat=131.294 ValueBool=False
2025-12-30 12:42:42.749 [INFO] [GW -> Client] GI-ME  CA=1, IOA=4394 ValueFloat=0.13000001 ValueBool=False
2025-12-30 12:42:42.765 [INFO] [GW -> Client] GI-ME  CA=1, IOA=4396 ValueFloat=65.536 ValueBool=False
2025-12-30 12:42:42.781 [INFO] [GW -> Client] GI-ME  CA=1, IOA=8322 ValueFloat=0 ValueBool=False
2025-12-30 12:42:42.796 [INFO] [GW -> Client] GI-ME  CA=1, IOA=8323 ValueFloat=0 ValueBool=False
2025-12-30 12:42:57.819 [INFO] [IEC104] Client 13222183 event = CLOSED
2025-12-30 12:42:58.837 [INFO] [IEC104] Connection request from 192.168.1.57
2025-12-30 12:42:58.904 [INFO] [Client->GW] => General Interrogation from SCADA
2025-12-30 12:42:58.920 [INFO] [GW -> Client] GI-ME  CA=1, IOA=4352 ValueFloat=131.442 ValueBool=False
2025-12-30 12:42:58.935 [INFO] [GW -> Client] GI-ME  CA=1, IOA=4354 ValueFloat=65.536 ValueBool=False
2025-12-30 12:42:58.951 [INFO] [GW -> Client] GI-ME  CA=1, IOA=4356 ValueFloat=65.536 ValueBool=False
2025-12-30 12:42:58.966 [INFO] [GW -> Client] GI-ME  CA=1, IOA=4392 ValueFloat=131.294 ValueBool=False
2025-12-30 12:42:58.983 [INFO] [GW -> Client] GI-ME  CA=1, IOA=4394 ValueFloat=0.13000001 ValueBool=False
2025-12-30 12:42:58.999 [INFO] [GW -> Client] GI-ME  CA=1, IOA=4396 ValueFloat=65.536 ValueBool=False
2025-12-30 12:42:59.014 [INFO] [GW -> Client] GI-ME  CA=1, IOA=8322 ValueFloat=0 ValueBool=False
2025-12-30 12:42:59.029 [INFO] [GW -> Client] GI-ME  CA=1, IOA=8323 ValueFloat=0 ValueBool=False
2025-12-30 12:43:14.038 [INFO] [IEC104] Client 38452030 event = CLOSED
2025-12-30 12:43:15.056 [INFO] [IEC104] Connection request from 192.168.1.57
2025-12-30 12:43:15.116 [INFO] [Client->GW] => General Interrogation from SCADA
2025-12-30 12:43:15.132 [INFO] [GW -> Client] GI-ME  CA=1, IOA=4352 ValueFloat=131.442 ValueBool=False
2025-12-30 12:43:15.148 [INFO] [GW -> Client] GI-ME  CA=1, IOA=4354 ValueFloat=65.536 ValueBool=False
2025-12-30 12:43:15.163 [INFO] [GW -> Client] GI-ME  CA=1, IOA=4356 ValueFloat=65.536 ValueBool=False
2025-12-30 12:43:15.178 [INFO] [GW -> Client] GI-ME  CA=1, IOA=4392 ValueFloat=131.294 ValueBool=False
2025-12-30 12:43:15.194 [INFO] [GW -> Client] GI-ME  CA=1, IOA=4394 ValueFloat=0.13000001 ValueBool=False
2025-12-30 12:43:15.209 [INFO] [GW -> Client] GI-ME  CA=1, IOA=4396 ValueFloat=65.536 ValueBool=False
2025-12-30 12:43:15.224 [INFO] [GW -> Client] GI-ME  CA=1, IOA=8322 ValueFloat=0 ValueBool=False
2025-12-30 12:43:15.241 [INFO] [GW -> Client] GI-ME  CA=1, IOA=8323 ValueFloat=0 ValueBool=False
2025-12-30 12:43:30.254 [INFO] [IEC104] Client 26094182 event = CLOSED
2025-12-30 12:43:31.272 [INFO] [IEC104] Connection request from 192.168.1.57
2025-12-30 12:43:31.331 [INFO] [Client->GW] => General Interrogation from SCADA
2025-12-30 12:43:31.346 [INFO] [GW -> Client] GI-ME  CA=1, IOA=4352 ValueFloat=131.442 ValueBool=False
2025-12-30 12:43:31.361 [INFO] [GW -> Client] GI-ME  CA=1, IOA=4354 ValueFloat=65.536 ValueBool=False
2025-12-30 12:43:31.376 [INFO] [GW -> Client] GI-ME  CA=1, IOA=4356 ValueFloat=65.536 ValueBool=False
2025-12-30 12:43:31.391 [INFO] [GW -> Client] GI-ME  CA=1, IOA=4392 ValueFloat=131.294 ValueBool=False
2025-12-30 12:43:31.407 [INFO] [GW -> Client] GI-ME  CA=1, IOA=4394 ValueFloat=0.13000001 ValueBool=False
2025-12-30 12:43:31.422 [INFO] [GW -> Client] GI-ME  CA=1, IOA=4396 ValueFloat=65.536 ValueBool=False
2025-12-30 12:43:31.437 [INFO] [GW -> Client] GI-ME  CA=1, IOA=8322 ValueFloat=0 ValueBool=False
2025-12-30 12:43:31.452 [INFO] [GW -> Client] GI-ME  CA=1, IOA=8323 ValueFloat=0 ValueBool=False
2025-12-30 12:43:46.470 [INFO] [IEC104] Client 55651591 event = CLOSED
2025-12-30 12:43:47.480 [INFO] [IEC104] Connection request from 192.168.1.57
2025-12-30 12:43:47.547 [INFO] [Client->GW] => General Interrogation from SCADA
2025-12-30 12:43:47.563 [INFO] [GW -> Client] GI-ME  CA=1, IOA=4352 ValueFloat=131.442 ValueBool=False
2025-12-30 12:43:47.578 [INFO] [GW -> Client] GI-ME  CA=1, IOA=4354 ValueFloat=65.536 ValueBool=False
2025-12-30 12:43:47.593 [INFO] [GW -> Client] GI-ME  CA=1, IOA=4356 ValueFloat=65.536 ValueBool=False
2025-12-30 12:43:47.609 [INFO] [GW -> Client] GI-ME  CA=1, IOA=4392 ValueFloat=131.294 ValueBool=False
2025-12-30 12:43:47.625 [INFO] [GW -> Client] GI-ME  CA=1, IOA=4394 ValueFloat=0.13000001 ValueBool=False
2025-12-30 12:43:47.639 [INFO] [GW -> Client] GI-ME  CA=1, IOA=4396 ValueFloat=65.536 ValueBool=False
2025-12-30 12:43:47.655 [INFO] [GW -> Client] GI-ME  CA=1, IOA=8322 ValueFloat=0 ValueBool=False
2025-12-30 12:43:47.671 [INFO] [GW -> Client] GI-ME  CA=1, IOA=8323 ValueFloat=0 ValueBool=False
2025-12-30 12:44:02.676 [INFO] [IEC104] Client 42410080 event = CLOSED
2025-12-30 12:44:03.700 [INFO] [IEC104] Connection request from 192.168.1.57
2025-12-30 12:44:03.766 [INFO] [Client->GW] => General Interrogation from SCADA
2025-12-30 12:44:03.781 [INFO] [GW -> Client] GI-ME  CA=1, IOA=4352 ValueFloat=131.442 ValueBool=False
2025-12-30 12:44:03.797 [INFO] [GW -> Client] GI-ME  CA=1, IOA=4354 ValueFloat=65.536 ValueBool=False
2025-12-30 12:44:03.813 [INFO] [GW -> Client] GI-ME  CA=1, IOA=4356 ValueFloat=65.536 ValueBool=False
2025-12-30 12:44:03.829 [INFO] [GW -> Client] GI-ME  CA=1, IOA=4392 ValueFloat=131.294 ValueBool=False
2025-12-30 12:44:03.844 [INFO] [GW -> Client] GI-ME  CA=1, IOA=4394 ValueFloat=0.13000001 ValueBool=False
2025-12-30 12:44:03.859 [INFO] [GW -> Client] GI-ME  CA=1, IOA=4396 ValueFloat=65.536 ValueBool=False
2025-12-30 12:44:03.874 [INFO] [GW -> Client] GI-ME  CA=1, IOA=8322 ValueFloat=0 ValueBool=False
2025-12-30 12:44:03.889 [INFO] [GW -> Client] GI-ME  CA=1, IOA=8323 ValueFloat=0 ValueBool=False
2025-12-30 12:44:18.891 [INFO] [IEC104] Client 24570671 event = CLOSED
2025-12-30 12:44:19.903 [INFO] [IEC104] Connection request from 192.168.1.57
2025-12-30 12:44:19.968 [INFO] [Client->GW] => General Interrogation from SCADA
2025-12-30 12:44:19.983 [INFO] [GW -> Client] GI-ME  CA=1, IOA=4352 ValueFloat=131.442 ValueBool=False
2025-12-30 12:44:19.998 [INFO] [GW -> Client] GI-ME  CA=1, IOA=4354 ValueFloat=65.536 ValueBool=False
2025-12-30 12:44:20.014 [INFO] [GW -> Client] GI-ME  CA=1, IOA=4356 ValueFloat=65.536 ValueBool=False
2025-12-30 12:44:20.029 [INFO] [GW -> Client] GI-ME  CA=1, IOA=4392 ValueFloat=131.294 ValueBool=False
2025-12-30 12:44:20.044 [INFO] [GW -> Client] GI-ME  CA=1, IOA=4394 ValueFloat=0.13000001 ValueBool=False
2025-12-30 12:44:20.060 [INFO] [GW -> Client] GI-ME  CA=1, IOA=4396 ValueFloat=65.536 ValueBool=False
2025-12-30 12:44:20.076 [INFO] [GW -> Client] GI-ME  CA=1, IOA=8322 ValueFloat=0 ValueBool=False
2025-12-30 12:44:20.091 [INFO] [GW -> Client] GI-ME  CA=1, IOA=8323 ValueFloat=0 ValueBool=False
2025-12-30 12:44:35.094 [INFO] [IEC104] Client 35496375 event = CLOSED
2025-12-30 12:44:36.113 [INFO] [IEC104] Connection request from 192.168.1.57
2025-12-30 12:44:36.170 [INFO] [Client->GW] => General Interrogation from SCADA
2025-12-30 12:44:36.186 [INFO] [GW -> Client] GI-ME  CA=1, IOA=4352 ValueFloat=131.442 ValueBool=False
2025-12-30 12:44:36.201 [INFO] [GW -> Client] GI-ME  CA=1, IOA=4354 ValueFloat=65.536 ValueBool=False
2025-12-30 12:44:36.216 [INFO] [GW -> Client] GI-ME  CA=1, IOA=4356 ValueFloat=65.536 ValueBool=False
2025-12-30 12:44:36.232 [INFO] [GW -> Client] GI-ME  CA=1, IOA=4392 ValueFloat=131.294 ValueBool=False
2025-12-30 12:44:36.248 [INFO] [GW -> Client] GI-ME  CA=1, IOA=4394 ValueFloat=0.13000001 ValueBool=False
2025-12-30 12:44:36.263 [INFO] [GW -> Client] GI-ME  CA=1, IOA=4396 ValueFloat=65.536 ValueBool=False
2025-12-30 12:44:36.278 [INFO] [GW -> Client] GI-ME  CA=1, IOA=8322 ValueFloat=0 ValueBool=False
2025-12-30 12:44:36.293 [INFO] [GW -> Client] GI-ME  CA=1, IOA=8323 ValueFloat=0 ValueBool=False
2025-12-30 12:44:51.319 [INFO] [IEC104] Client 49645881 event = CLOSED
2025-12-30 12:44:52.335 [INFO] [IEC104] Connection request from 192.168.1.57
2025-12-30 12:44:52.394 [INFO] [Client->GW] => General Interrogation from SCADA
2025-12-30 12:44:52.409 [INFO] [GW -> Client] GI-ME  CA=1, IOA=4352 ValueFloat=131.442 ValueBool=False
2025-12-30 12:44:52.425 [INFO] [GW -> Client] GI-ME  CA=1, IOA=4354 ValueFloat=65.536 ValueBool=False
2025-12-30 12:44:52.441 [INFO] [GW -> Client] GI-ME  CA=1, IOA=4356 ValueFloat=65.536 ValueBool=False
2025-12-30 12:44:52.456 [INFO] [GW -> Client] GI-ME  CA=1, IOA=4392 ValueFloat=131.294 ValueBool=False
2025-12-30 12:44:52.471 [INFO] [GW -> Client] GI-ME  CA=1, IOA=4394 ValueFloat=0.13000001 ValueBool=False
2025-12-30 12:44:52.486 [INFO] [GW -> Client] GI-ME  CA=1, IOA=4396 ValueFloat=65.536 ValueBool=False
2025-12-30 12:44:52.501 [INFO] [GW -> Client] GI-ME  CA=1, IOA=8322 ValueFloat=0 ValueBool=False
2025-12-30 12:44:52.517 [INFO] [GW -> Client] GI-ME  CA=1, IOA=8323 ValueFloat=0 ValueBool=False
2025-12-30 12:45:07.527 [INFO] [IEC104] Client 15306869 event = CLOSED
2025-12-30 12:45:08.537 [INFO] [IEC104] Connection request from 192.168.1.57
2025-12-30 12:45:08.603 [INFO] [Client->GW] => General Interrogation from SCADA
2025-12-30 12:45:08.619 [INFO] [GW -> Client] GI-ME  CA=1, IOA=4352 ValueFloat=131.442 ValueBool=False
2025-12-30 12:45:08.634 [INFO] [GW -> Client] GI-ME  CA=1, IOA=4354 ValueFloat=65.536 ValueBool=False
2025-12-30 12:45:08.650 [INFO] [GW -> Client] GI-ME  CA=1, IOA=4356 ValueFloat=65.536 ValueBool=False
2025-12-30 12:45:08.666 [INFO] [GW -> Client] GI-ME  CA=1, IOA=4392 ValueFloat=131.294 ValueBool=False
2025-12-30 12:45:08.682 [INFO] [GW -> Client] GI-ME  CA=1, IOA=4394 ValueFloat=0.13000001 ValueBool=False
2025-12-30 12:45:08.697 [INFO] [GW -> Client] GI-ME  CA=1, IOA=4396 ValueFloat=65.536 ValueBool=False
2025-12-30 12:45:08.712 [INFO] [GW -> Client] GI-ME  CA=1, IOA=8322 ValueFloat=0 ValueBool=False
2025-12-30 12:45:08.727 [INFO] [GW -> Client] GI-ME  CA=1, IOA=8323 ValueFloat=0 ValueBool=False
2025-12-30 12:45:23.756 [INFO] [IEC104] Client 13448516 event = CLOSED
2025-12-30 12:45:24.767 [INFO] [IEC104] Connection request from 192.168.1.57
2025-12-30 12:45:24.834 [INFO] [Client->GW] => General Interrogation from SCADA
2025-12-30 12:45:24.851 [INFO] [GW -> Client] GI-ME  CA=1, IOA=4352 ValueFloat=131.442 ValueBool=False
2025-12-30 12:45:24.866 [INFO] [GW -> Client] GI-ME  CA=1, IOA=4354 ValueFloat=65.536 ValueBool=False
2025-12-30 12:45:24.881 [INFO] [GW -> Client] GI-ME  CA=1, IOA=4356 ValueFloat=65.536 ValueBool=False
2025-12-30 12:45:24.897 [INFO] [GW -> Client] GI-ME  CA=1, IOA=4392 ValueFloat=131.294 ValueBool=False
2025-12-30 12:45:24.912 [INFO] [GW -> Client] GI-ME  CA=1, IOA=4394 ValueFloat=0.13000001 ValueBool=False
2025-12-30 12:45:24.928 [INFO] [GW -> Client] GI-ME  CA=1, IOA=4396 ValueFloat=65.536 ValueBool=False
2025-12-30 12:45:24.943 [INFO] [GW -> Client] GI-ME  CA=1, IOA=8322 ValueFloat=0 ValueBool=False
2025-12-30 12:45:24.959 [INFO] [GW -> Client] GI-ME  CA=1, IOA=8323 ValueFloat=0 ValueBool=False
2025-12-30 12:45:39.968 [INFO] [IEC104] Client 24760522 event = CLOSED
2025-12-30 12:45:40.986 [INFO] [IEC104] Connection request from 192.168.1.57
2025-12-30 12:45:41.041 [INFO] [Client->GW] => General Interrogation from SCADA
2025-12-30 12:45:41.057 [INFO] [GW -> Client] GI-ME  CA=1, IOA=4352 ValueFloat=131.442 ValueBool=False
2025-12-30 12:45:41.072 [INFO] [GW -> Client] GI-ME  CA=1, IOA=4354 ValueFloat=65.536 ValueBool=False
2025-12-30 12:45:41.087 [INFO] [GW -> Client] GI-ME  CA=1, IOA=4356 ValueFloat=65.536 ValueBool=False
2025-12-30 12:45:41.102 [INFO] [GW -> Client] GI-ME  CA=1, IOA=4392 ValueFloat=131.294 ValueBool=False
2025-12-30 12:45:41.118 [INFO] [GW -> Client] GI-ME  CA=1, IOA=4394 ValueFloat=0.13000001 ValueBool=False
2025-12-30 12:45:41.133 [INFO] [GW -> Client] GI-ME  CA=1, IOA=4396 ValueFloat=65.536 ValueBool=False
2025-12-30 12:45:41.149 [INFO] [GW -> Client] GI-ME  CA=1, IOA=8322 ValueFloat=0 ValueBool=False
2025-12-30 12:45:41.164 [INFO] [GW -> Client] GI-ME  CA=1, IOA=8323 ValueFloat=0 ValueBool=False
2025-12-30 12:45:56.185 [INFO] [IEC104] Client 54174261 event = CLOSED
2025-12-30 12:45:57.205 [INFO] [IEC104] Connection request from 192.168.1.57
2025-12-30 12:45:57.263 [INFO] [Client->GW] => General Interrogation from SCADA
2025-12-30 12:45:57.279 [INFO] [GW -> Client] GI-ME  CA=1, IOA=4352 ValueFloat=131.442 ValueBool=False
2025-12-30 12:45:57.294 [INFO] [GW -> Client] GI-ME  CA=1, IOA=4354 ValueFloat=65.536 ValueBool=False
2025-12-30 12:45:57.309 [INFO] [GW -> Client] GI-ME  CA=1, IOA=4356 ValueFloat=65.536 ValueBool=False
2025-12-30 12:45:57.325 [INFO] [GW -> Client] GI-ME  CA=1, IOA=4392 ValueFloat=131.294 ValueBool=False
2025-12-30 12:45:57.340 [INFO] [GW -> Client] GI-ME  CA=1, IOA=4394 ValueFloat=0.13000001 ValueBool=False
2025-12-30 12:45:57.355 [INFO] [GW -> Client] GI-ME  CA=1, IOA=4396 ValueFloat=65.536 ValueBool=False
2025-12-30 12:45:57.370 [INFO] [GW -> Client] GI-ME  CA=1, IOA=8322 ValueFloat=0 ValueBool=False
2025-12-30 12:45:57.387 [INFO] [GW -> Client] GI-ME  CA=1, IOA=8323 ValueFloat=0 ValueBool=False
2025-12-30 12:46:12.394 [INFO] [IEC104] Client 6512165 event = CLOSED
2025-12-30 12:46:13.411 [INFO] [IEC104] Connection request from 192.168.1.57
2025-12-30 12:46:13.473 [INFO] [Client->GW] => General Interrogation from SCADA
2025-12-30 12:46:13.489 [INFO] [GW -> Client] GI-ME  CA=1, IOA=4352 ValueFloat=131.442 ValueBool=False
2025-12-30 12:46:13.504 [INFO] [GW -> Client] GI-ME  CA=1, IOA=4354 ValueFloat=65.536 ValueBool=False
2025-12-30 12:46:13.519 [INFO] [GW -> Client] GI-ME  CA=1, IOA=4356 ValueFloat=65.536 ValueBool=False
2025-12-30 12:46:13.534 [INFO] [GW -> Client] GI-ME  CA=1, IOA=4392 ValueFloat=131.294 ValueBool=False
2025-12-30 12:46:13.549 [INFO] [GW -> Client] GI-ME  CA=1, IOA=4394 ValueFloat=0.13000001 ValueBool=False
2025-12-30 12:46:13.565 [INFO] [GW -> Client] GI-ME  CA=1, IOA=4396 ValueFloat=65.536 ValueBool=False
2025-12-30 12:46:13.581 [INFO] [GW -> Client] GI-ME  CA=1, IOA=8322 ValueFloat=0 ValueBool=False
2025-12-30 12:46:13.596 [INFO] [GW -> Client] GI-ME  CA=1, IOA=8323 ValueFloat=0 ValueBool=False
2025-12-30 12:46:28.608 [INFO] [IEC104] Client 17405320 event = CLOSED
2025-12-30 12:46:29.622 [INFO] [IEC104] Connection request from 192.168.1.57
2025-12-30 12:46:29.685 [INFO] [Client->GW] => General Interrogation from SCADA
2025-12-30 12:46:29.701 [INFO] [GW -> Client] GI-ME  CA=1, IOA=4352 ValueFloat=131.442 ValueBool=False
2025-12-30 12:46:29.717 [INFO] [GW -> Client] GI-ME  CA=1, IOA=4354 ValueFloat=65.536 ValueBool=False
2025-12-30 12:46:29.733 [INFO] [GW -> Client] GI-ME  CA=1, IOA=4356 ValueFloat=65.536 ValueBool=False
2025-12-30 12:46:29.748 [INFO] [GW -> Client] GI-ME  CA=1, IOA=4392 ValueFloat=131.294 ValueBool=False
2025-12-30 12:46:29.764 [INFO] [GW -> Client] GI-ME  CA=1, IOA=4394 ValueFloat=0.13000001 ValueBool=False
2025-12-30 12:46:29.778 [INFO] [GW -> Client] GI-ME  CA=1, IOA=4396 ValueFloat=65.536 ValueBool=False
2025-12-30 12:46:29.795 [INFO] [GW -> Client] GI-ME  CA=1, IOA=8322 ValueFloat=0 ValueBool=False
2025-12-30 12:46:29.811 [INFO] [GW -> Client] GI-ME  CA=1, IOA=8323 ValueFloat=0 ValueBool=False
2025-12-30 12:46:44.827 [INFO] [IEC104] Client 9902309 event = CLOSED
2025-12-30 12:46:45.840 [INFO] [IEC104] Connection request from 192.168.1.57
2025-12-30 12:46:45.904 [INFO] [Client->GW] => General Interrogation from SCADA
2025-12-30 12:46:45.919 [INFO] [GW -> Client] GI-ME  CA=1, IOA=4352 ValueFloat=131.442 ValueBool=False
2025-12-30 12:46:45.935 [INFO] [GW -> Client] GI-ME  CA=1, IOA=4354 ValueFloat=65.536 ValueBool=False
2025-12-30 12:46:45.951 [INFO] [GW -> Client] GI-ME  CA=1, IOA=4356 ValueFloat=65.536 ValueBool=False
2025-12-30 12:46:45.965 [INFO] [GW -> Client] GI-ME  CA=1, IOA=4392 ValueFloat=131.294 ValueBool=False
2025-12-30 12:46:45.980 [INFO] [GW -> Client] GI-ME  CA=1, IOA=4394 ValueFloat=0.13000001 ValueBool=False
2025-12-30 12:46:45.995 [INFO] [GW -> Client] GI-ME  CA=1, IOA=4396 ValueFloat=65.536 ValueBool=False
2025-12-30 12:46:46.010 [INFO] [GW -> Client] GI-ME  CA=1, IOA=8322 ValueFloat=0 ValueBool=False
2025-12-30 12:46:46.026 [INFO] [GW -> Client] GI-ME  CA=1, IOA=8323 ValueFloat=0 ValueBool=False
2025-12-30 12:47:01.046 [INFO] [IEC104] Client 8766947 event = CLOSED
2025-12-30 12:47:02.062 [INFO] [IEC104] Connection request from 192.168.1.57
2025-12-30 12:47:02.124 [INFO] [Client->GW] => General Interrogation from SCADA
2025-12-30 12:47:02.140 [INFO] [GW -> Client] GI-ME  CA=1, IOA=4352 ValueFloat=131.442 ValueBool=False
2025-12-30 12:47:02.155 [INFO] [GW -> Client] GI-ME  CA=1, IOA=4354 ValueFloat=65.536 ValueBool=False
2025-12-30 12:47:02.170 [INFO] [GW -> Client] GI-ME  CA=1, IOA=4356 ValueFloat=65.536 ValueBool=False
2025-12-30 12:47:02.185 [INFO] [GW -> Client] GI-ME  CA=1, IOA=4392 ValueFloat=131.294 ValueBool=False
2025-12-30 12:47:02.200 [INFO] [GW -> Client] GI-ME  CA=1, IOA=4394 ValueFloat=0.13000001 ValueBool=False
2025-12-30 12:47:02.215 [INFO] [GW -> Client] GI-ME  CA=1, IOA=4396 ValueFloat=65.536 ValueBool=False
2025-12-30 12:47:02.230 [INFO] [GW -> Client] GI-ME  CA=1, IOA=8322 ValueFloat=0 ValueBool=False
2025-12-30 12:47:02.246 [INFO] [GW -> Client] GI-ME  CA=1, IOA=8323 ValueFloat=0 ValueBool=False
2025-12-30 12:47:17.273 [INFO] [IEC104] Client 27634366 event = CLOSED
2025-12-30 12:47:18.293 [INFO] [IEC104] Connection request from 192.168.1.57
2025-12-30 12:47:18.357 [INFO] [Client->GW] => General Interrogation from SCADA
2025-12-30 12:47:18.373 [INFO] [GW -> Client] GI-ME  CA=1, IOA=4352 ValueFloat=131.442 ValueBool=False
2025-12-30 12:47:18.389 [INFO] [GW -> Client] GI-ME  CA=1, IOA=4354 ValueFloat=65.536 ValueBool=False
2025-12-30 12:47:18.404 [INFO] [GW -> Client] GI-ME  CA=1, IOA=4356 ValueFloat=65.536 ValueBool=False
2025-12-30 12:47:18.419 [INFO] [GW -> Client] GI-ME  CA=1, IOA=4392 ValueFloat=131.294 ValueBool=False
2025-12-30 12:47:18.434 [INFO] [GW -> Client] GI-ME  CA=1, IOA=4394 ValueFloat=0.13000001 ValueBool=False
2025-12-30 12:47:18.449 [INFO] [GW -> Client] GI-ME  CA=1, IOA=4396 ValueFloat=65.536 ValueBool=False
2025-12-30 12:47:18.464 [INFO] [GW -> Client] GI-ME  CA=1, IOA=8322 ValueFloat=0 ValueBool=False
2025-12-30 12:47:18.479 [INFO] [GW -> Client] GI-ME  CA=1, IOA=8323 ValueFloat=0 ValueBool=False
2025-12-30 12:47:33.481 [INFO] [IEC104] Client 28516376 event = CLOSED
2025-12-30 12:47:34.499 [INFO] [IEC104] Connection request from 192.168.1.57
2025-12-30 12:47:34.563 [INFO] [Client->GW] => General Interrogation from SCADA
2025-12-30 12:47:34.578 [INFO] [GW -> Client] GI-ME  CA=1, IOA=4352 ValueFloat=131.442 ValueBool=False
2025-12-30 12:47:34.593 [INFO] [GW -> Client] GI-ME  CA=1, IOA=4354 ValueFloat=65.536 ValueBool=False
2025-12-30 12:47:34.609 [INFO] [GW -> Client] GI-ME  CA=1, IOA=4356 ValueFloat=65.536 ValueBool=False
2025-12-30 12:47:34.623 [INFO] [GW -> Client] GI-ME  CA=1, IOA=4392 ValueFloat=131.294 ValueBool=False
2025-12-30 12:47:34.639 [INFO] [GW -> Client] GI-ME  CA=1, IOA=4394 ValueFloat=0.13000001 ValueBool=False
2025-12-30 12:47:34.654 [INFO] [GW -> Client] GI-ME  CA=1, IOA=4396 ValueFloat=65.536 ValueBool=False
2025-12-30 12:47:34.670 [INFO] [GW -> Client] GI-ME  CA=1, IOA=8322 ValueFloat=0 ValueBool=False
2025-12-30 12:47:34.684 [INFO] [GW -> Client] GI-ME  CA=1, IOA=8323 ValueFloat=0 ValueBool=False
2025-12-30 12:47:49.713 [INFO] [IEC104] Client 60910324 event = CLOSED
2025-12-30 12:47:50.723 [INFO] [IEC104] Connection request from 192.168.1.57
2025-12-30 12:47:50.777 [INFO] [Client->GW] => General Interrogation from SCADA
2025-12-30 12:47:50.792 [INFO] [GW -> Client] GI-ME  CA=1, IOA=4352 ValueFloat=131.442 ValueBool=False
2025-12-30 12:47:50.809 [INFO] [GW -> Client] GI-ME  CA=1, IOA=4354 ValueFloat=65.536 ValueBool=False
2025-12-30 12:47:50.823 [INFO] [GW -> Client] GI-ME  CA=1, IOA=4356 ValueFloat=65.536 ValueBool=False
2025-12-30 12:47:50.839 [INFO] [GW -> Client] GI-ME  CA=1, IOA=4392 ValueFloat=131.294 ValueBool=False
2025-12-30 12:47:50.854 [INFO] [GW -> Client] GI-ME  CA=1, IOA=4394 ValueFloat=0.13000001 ValueBool=False
2025-12-30 12:47:50.869 [INFO] [GW -> Client] GI-ME  CA=1, IOA=4396 ValueFloat=65.536 ValueBool=False
2025-12-30 12:47:50.884 [INFO] [GW -> Client] GI-ME  CA=1, IOA=8322 ValueFloat=0 ValueBool=False
2025-12-30 12:47:50.899 [INFO] [GW -> Client] GI-ME  CA=1, IOA=8323 ValueFloat=0 ValueBool=False
2025-12-30 12:48:05.911 [INFO] [IEC104] Client 6235676 event = CLOSED
2025-12-30 12:48:06.931 [INFO] [IEC104] Connection request from 192.168.1.57
2025-12-30 12:48:06.993 [INFO] [Client->GW] => General Interrogation from SCADA
2025-12-30 12:48:07.009 [INFO] [GW -> Client] GI-ME  CA=1, IOA=4352 ValueFloat=131.442 ValueBool=False
2025-12-30 12:48:07.024 [INFO] [GW -> Client] GI-ME  CA=1, IOA=4354 ValueFloat=65.536 ValueBool=False
2025-12-30 12:48:07.039 [INFO] [GW -> Client] GI-ME  CA=1, IOA=4356 ValueFloat=65.536 ValueBool=False
2025-12-30 12:48:07.054 [INFO] [GW -> Client] GI-ME  CA=1, IOA=4392 ValueFloat=131.294 ValueBool=False
2025-12-30 12:48:07.069 [INFO] [GW -> Client] GI-ME  CA=1, IOA=4394 ValueFloat=0.13000001 ValueBool=False
2025-12-30 12:48:07.085 [INFO] [GW -> Client] GI-ME  CA=1, IOA=4396 ValueFloat=65.536 ValueBool=False
2025-12-30 12:48:07.100 [INFO] [GW -> Client] GI-ME  CA=1, IOA=8322 ValueFloat=0 ValueBool=False
2025-12-30 12:48:07.115 [INFO] [GW -> Client] GI-ME  CA=1, IOA=8323 ValueFloat=0 ValueBool=False
2025-12-30 12:48:22.116 [INFO] [IEC104] Client 56683742 event = CLOSED
2025-12-30 12:48:23.143 [INFO] [IEC104] Connection request from 192.168.1.57
2025-12-30 12:48:23.200 [INFO] [Client->GW] => General Interrogation from SCADA
2025-12-30 12:48:23.215 [INFO] [GW -> Client] GI-ME  CA=1, IOA=4352 ValueFloat=131.442 ValueBool=False
2025-12-30 12:48:23.231 [INFO] [GW -> Client] GI-ME  CA=1, IOA=4354 ValueFloat=65.536 ValueBool=False
2025-12-30 12:48:23.247 [INFO] [GW -> Client] GI-ME  CA=1, IOA=4356 ValueFloat=65.536 ValueBool=False
2025-12-30 12:48:23.262 [INFO] [GW -> Client] GI-ME  CA=1, IOA=4392 ValueFloat=131.294 ValueBool=False
2025-12-30 12:48:23.276 [INFO] [GW -> Client] GI-ME  CA=1, IOA=4394 ValueFloat=0.13000001 ValueBool=False
2025-12-30 12:48:23.292 [INFO] [GW -> Client] GI-ME  CA=1, IOA=4396 ValueFloat=65.536 ValueBool=False
2025-12-30 12:48:23.308 [INFO] [GW -> Client] GI-ME  CA=1, IOA=8322 ValueFloat=0 ValueBool=False
2025-12-30 12:48:23.323 [INFO] [GW -> Client] GI-ME  CA=1, IOA=8323 ValueFloat=0 ValueBool=False
2025-12-30 12:48:38.327 [INFO] [IEC104] Client 25778054 event = CLOSED
2025-12-30 12:48:39.341 [INFO] [IEC104] Connection request from 192.168.1.57
2025-12-30 12:48:39.399 [INFO] [Client->GW] => General Interrogation from SCADA
2025-12-30 12:48:39.414 [INFO] [GW -> Client] GI-ME  CA=1, IOA=4352 ValueFloat=131.442 ValueBool=False
2025-12-30 12:48:39.430 [INFO] [GW -> Client] GI-ME  CA=1, IOA=4354 ValueFloat=65.536 ValueBool=False
2025-12-30 12:48:39.445 [INFO] [GW -> Client] GI-ME  CA=1, IOA=4356 ValueFloat=65.536 ValueBool=False
2025-12-30 12:48:39.460 [INFO] [GW -> Client] GI-ME  CA=1, IOA=4392 ValueFloat=131.294 ValueBool=False
2025-12-30 12:48:39.475 [INFO] [GW -> Client] GI-ME  CA=1, IOA=4394 ValueFloat=0.13000001 ValueBool=False
2025-12-30 12:48:39.491 [INFO] [GW -> Client] GI-ME  CA=1, IOA=4396 ValueFloat=65.536 ValueBool=False
2025-12-30 12:48:39.507 [INFO] [GW -> Client] GI-ME  CA=1, IOA=8322 ValueFloat=0 ValueBool=False
2025-12-30 12:48:39.522 [INFO] [GW -> Client] GI-ME  CA=1, IOA=8323 ValueFloat=0 ValueBool=False
2025-12-30 12:48:54.548 [INFO] [IEC104] Client 39022655 event = CLOSED
2025-12-30 12:48:55.558 [INFO] [IEC104] Connection request from 192.168.1.57
2025-12-30 12:48:55.622 [INFO] [Client->GW] => General Interrogation from SCADA
2025-12-30 12:48:55.638 [INFO] [GW -> Client] GI-ME  CA=1, IOA=4352 ValueFloat=131.442 ValueBool=False
2025-12-30 12:48:55.653 [INFO] [GW -> Client] GI-ME  CA=1, IOA=4354 ValueFloat=65.536 ValueBool=False
2025-12-30 12:48:55.669 [INFO] [GW -> Client] GI-ME  CA=1, IOA=4356 ValueFloat=65.536 ValueBool=False
2025-12-30 12:48:55.684 [INFO] [GW -> Client] GI-ME  CA=1, IOA=4392 ValueFloat=131.294 ValueBool=False
2025-12-30 12:48:55.700 [INFO] [GW -> Client] GI-ME  CA=1, IOA=4394 ValueFloat=0.13000001 ValueBool=False
2025-12-30 12:48:55.715 [INFO] [GW -> Client] GI-ME  CA=1, IOA=4396 ValueFloat=65.536 ValueBool=False
2025-12-30 12:48:55.730 [INFO] [GW -> Client] GI-ME  CA=1, IOA=8322 ValueFloat=0 ValueBool=False
2025-12-30 12:48:55.745 [INFO] [GW -> Client] GI-ME  CA=1, IOA=8323 ValueFloat=0 ValueBool=False
2025-12-30 12:49:10.768 [INFO] [IEC104] Client 13758697 event = CLOSED
2025-12-30 12:49:11.778 [INFO] [IEC104] Connection request from 192.168.1.57
2025-12-30 12:49:11.831 [INFO] [Client->GW] => General Interrogation from SCADA
2025-12-30 12:49:11.847 [INFO] [GW -> Client] GI-ME  CA=1, IOA=4352 ValueFloat=131.442 ValueBool=False
2025-12-30 12:49:11.862 [INFO] [GW -> Client] GI-ME  CA=1, IOA=4354 ValueFloat=65.536 ValueBool=False
2025-12-30 12:49:11.877 [INFO] [GW -> Client] GI-ME  CA=1, IOA=4356 ValueFloat=65.536 ValueBool=False
2025-12-30 12:49:11.892 [INFO] [GW -> Client] GI-ME  CA=1, IOA=4392 ValueFloat=131.294 ValueBool=False
2025-12-30 12:49:11.907 [INFO] [GW -> Client] GI-ME  CA=1, IOA=4394 ValueFloat=0.13000001 ValueBool=False
2025-12-30 12:49:11.923 [INFO] [GW -> Client] GI-ME  CA=1, IOA=4396 ValueFloat=65.536 ValueBool=False
2025-12-30 12:49:11.937 [INFO] [GW -> Client] GI-ME  CA=1, IOA=8322 ValueFloat=0 ValueBool=False
2025-12-30 12:49:11.952 [INFO] [GW -> Client] GI-ME  CA=1, IOA=8323 ValueFloat=0 ValueBool=False
2025-12-30 12:49:26.965 [INFO] [IEC104] Client 55567082 event = CLOSED
2025-12-30 12:49:28.000 [INFO] [IEC104] Connection request from 192.168.1.57
2025-12-30 12:49:28.057 [INFO] [Client->GW] => General Interrogation from SCADA
2025-12-30 12:49:28.072 [INFO] [GW -> Client] GI-ME  CA=1, IOA=4352 ValueFloat=131.442 ValueBool=False
2025-12-30 12:49:28.088 [INFO] [GW -> Client] GI-ME  CA=1, IOA=4354 ValueFloat=65.536 ValueBool=False
2025-12-30 12:49:28.103 [INFO] [GW -> Client] GI-ME  CA=1, IOA=4356 ValueFloat=65.536 ValueBool=False
2025-12-30 12:49:28.119 [INFO] [GW -> Client] GI-ME  CA=1, IOA=4392 ValueFloat=131.294 ValueBool=False
2025-12-30 12:49:28.134 [INFO] [GW -> Client] GI-ME  CA=1, IOA=4394 ValueFloat=0.13000001 ValueBool=False
2025-12-30 12:49:28.150 [INFO] [GW -> Client] GI-ME  CA=1, IOA=4396 ValueFloat=65.536 ValueBool=False
2025-12-30 12:49:28.165 [INFO] [GW -> Client] GI-ME  CA=1, IOA=8322 ValueFloat=0 ValueBool=False
2025-12-30 12:49:28.181 [INFO] [GW -> Client] GI-ME  CA=1, IOA=8323 ValueFloat=0 ValueBool=False
2025-12-30 12:49:43.194 [INFO] [IEC104] Client 40512500 event = CLOSED
2025-12-30 12:49:44.208 [INFO] [IEC104] Connection request from 192.168.1.57
2025-12-30 12:49:44.270 [INFO] [Client->GW] => General Interrogation from SCADA
2025-12-30 12:49:44.285 [INFO] [GW -> Client] GI-ME  CA=1, IOA=4352 ValueFloat=131.442 ValueBool=False
2025-12-30 12:49:44.301 [INFO] [GW -> Client] GI-ME  CA=1, IOA=4354 ValueFloat=65.536 ValueBool=False
2025-12-30 12:49:44.316 [INFO] [GW -> Client] GI-ME  CA=1, IOA=4356 ValueFloat=65.536 ValueBool=False
2025-12-30 12:49:44.331 [INFO] [GW -> Client] GI-ME  CA=1, IOA=4392 ValueFloat=131.294 ValueBool=False
2025-12-30 12:49:44.346 [INFO] [GW -> Client] GI-ME  CA=1, IOA=4394 ValueFloat=0.13000001 ValueBool=False
2025-12-30 12:49:44.362 [INFO] [GW -> Client] GI-ME  CA=1, IOA=4396 ValueFloat=65.536 ValueBool=False
2025-12-30 12:49:44.378 [INFO] [GW -> Client] GI-ME  CA=1, IOA=8322 ValueFloat=0 ValueBool=False
2025-12-30 12:49:44.393 [INFO] [GW -> Client] GI-ME  CA=1, IOA=8323 ValueFloat=0 ValueBool=False
2025-12-30 12:49:59.408 [INFO] [IEC104] Client 53154698 event = CLOSED
2025-12-30 12:50:00.419 [INFO] [IEC104] Connection request from 192.168.1.57
2025-12-30 12:50:00.483 [INFO] [Client->GW] => General Interrogation from SCADA
2025-12-30 12:50:00.498 [INFO] [GW -> Client] GI-ME  CA=1, IOA=4352 ValueFloat=131.442 ValueBool=False
2025-12-30 12:50:00.514 [INFO] [GW -> Client] GI-ME  CA=1, IOA=4354 ValueFloat=65.536 ValueBool=False
2025-12-30 12:50:00.530 [INFO] [GW -> Client] GI-ME  CA=1, IOA=4356 ValueFloat=65.536 ValueBool=False
2025-12-30 12:50:00.545 [INFO] [GW -> Client] GI-ME  CA=1, IOA=4392 ValueFloat=131.294 ValueBool=False
2025-12-30 12:50:00.561 [INFO] [GW -> Client] GI-ME  CA=1, IOA=4394 ValueFloat=0.13000001 ValueBool=False
2025-12-30 12:50:00.576 [INFO] [GW -> Client] GI-ME  CA=1, IOA=4396 ValueFloat=65.536 ValueBool=False
2025-12-30 12:50:00.591 [INFO] [GW -> Client] GI-ME  CA=1, IOA=8322 ValueFloat=0 ValueBool=False
2025-12-30 12:50:00.607 [INFO] [GW -> Client] GI-ME  CA=1, IOA=8323 ValueFloat=0 ValueBool=False
2025-12-30 12:50:15.630 [INFO] [IEC104] Client 5045380 event = CLOSED
2025-12-30 12:50:16.647 [INFO] [IEC104] Connection request from 192.168.1.57
2025-12-30 12:50:16.709 [INFO] [Client->GW] => General Interrogation from SCADA
2025-12-30 12:50:16.725 [INFO] [GW -> Client] GI-ME  CA=1, IOA=4352 ValueFloat=131.442 ValueBool=False
2025-12-30 12:50:16.741 [INFO] [GW -> Client] GI-ME  CA=1, IOA=4354 ValueFloat=65.536 ValueBool=False
2025-12-30 12:50:16.756 [INFO] [GW -> Client] GI-ME  CA=1, IOA=4356 ValueFloat=65.536 ValueBool=False
2025-12-30 12:50:16.772 [INFO] [GW -> Client] GI-ME  CA=1, IOA=4392 ValueFloat=131.294 ValueBool=False
2025-12-30 12:50:16.788 [INFO] [GW -> Client] GI-ME  CA=1, IOA=4394 ValueFloat=0.13000001 ValueBool=False
2025-12-30 12:50:16.803 [INFO] [GW -> Client] GI-ME  CA=1, IOA=4396 ValueFloat=65.536 ValueBool=False
2025-12-30 12:50:16.818 [INFO] [GW -> Client] GI-ME  CA=1, IOA=8322 ValueFloat=0 ValueBool=False
2025-12-30 12:50:16.834 [INFO] [GW -> Client] GI-ME  CA=1, IOA=8323 ValueFloat=0 ValueBool=False
2025-12-30 12:50:31.849 [INFO] [IEC104] Client 29974733 event = CLOSED
2025-12-30 12:50:32.868 [INFO] [IEC104] Connection request from 192.168.1.57
2025-12-30 12:50:32.921 [INFO] [Client->GW] => General Interrogation from SCADA
2025-12-30 12:50:32.937 [INFO] [GW -> Client] GI-ME  CA=1, IOA=4352 ValueFloat=131.442 ValueBool=False
2025-12-30 12:50:32.952 [INFO] [GW -> Client] GI-ME  CA=1, IOA=4354 ValueFloat=65.536 ValueBool=False
2025-12-30 12:50:32.968 [INFO] [GW -> Client] GI-ME  CA=1, IOA=4356 ValueFloat=65.536 ValueBool=False
2025-12-30 12:50:32.984 [INFO] [GW -> Client] GI-ME  CA=1, IOA=4392 ValueFloat=131.294 ValueBool=False
2025-12-30 12:50:32.999 [INFO] [GW -> Client] GI-ME  CA=1, IOA=4394 ValueFloat=0.13000001 ValueBool=False
2025-12-30 12:50:33.015 [INFO] [GW -> Client] GI-ME  CA=1, IOA=4396 ValueFloat=65.536 ValueBool=False
2025-12-30 12:50:33.030 [INFO] [GW -> Client] GI-ME  CA=1, IOA=8322 ValueFloat=0 ValueBool=False
2025-12-30 12:50:33.046 [INFO] [GW -> Client] GI-ME  CA=1, IOA=8323 ValueFloat=0 ValueBool=False
2025-12-30 12:50:48.076 [INFO] [IEC104] Client 1794365 event = CLOSED
2025-12-30 12:50:49.086 [INFO] [IEC104] Connection request from 192.168.1.57
2025-12-30 12:50:49.150 [INFO] [Client->GW] => General Interrogation from SCADA
2025-12-30 12:50:49.166 [INFO] [GW -> Client] GI-ME  CA=1, IOA=4352 ValueFloat=131.442 ValueBool=False
2025-12-30 12:50:49.181 [INFO] [GW -> Client] GI-ME  CA=1, IOA=4354 ValueFloat=65.536 ValueBool=False
2025-12-30 12:50:49.196 [INFO] [GW -> Client] GI-ME  CA=1, IOA=4356 ValueFloat=65.536 ValueBool=False
2025-12-30 12:50:49.211 [INFO] [GW -> Client] GI-ME  CA=1, IOA=4392 ValueFloat=131.294 ValueBool=False
2025-12-30 12:50:49.227 [INFO] [GW -> Client] GI-ME  CA=1, IOA=4394 ValueFloat=0.13000001 ValueBool=False
2025-12-30 12:50:49.242 [INFO] [GW -> Client] GI-ME  CA=1, IOA=4396 ValueFloat=65.536 ValueBool=False
2025-12-30 12:50:49.257 [INFO] [GW -> Client] GI-ME  CA=1, IOA=8322 ValueFloat=0 ValueBool=False
2025-12-30 12:50:49.272 [INFO] [GW -> Client] GI-ME  CA=1, IOA=8323 ValueFloat=0 ValueBool=False
2025-12-30 12:51:04.295 [INFO] [IEC104] Client 34383139 event = CLOSED
2025-12-30 12:51:05.315 [INFO] [IEC104] Connection request from 192.168.1.57
2025-12-30 12:51:05.374 [INFO] [Client->GW] => General Interrogation from SCADA
2025-12-30 12:51:05.390 [INFO] [GW -> Client] GI-ME  CA=1, IOA=4352 ValueFloat=131.442 ValueBool=False
2025-12-30 12:51:05.405 [INFO] [GW -> Client] GI-ME  CA=1, IOA=4354 ValueFloat=65.536 ValueBool=False
2025-12-30 12:51:05.421 [INFO] [GW -> Client] GI-ME  CA=1, IOA=4356 ValueFloat=65.536 ValueBool=False
2025-12-30 12:51:05.436 [INFO] [GW -> Client] GI-ME  CA=1, IOA=4392 ValueFloat=131.294 ValueBool=False
2025-12-30 12:51:05.451 [INFO] [GW -> Client] GI-ME  CA=1, IOA=4394 ValueFloat=0.13000001 ValueBool=False
2025-12-30 12:51:05.466 [INFO] [GW -> Client] GI-ME  CA=1, IOA=4396 ValueFloat=65.536 ValueBool=False
2025-12-30 12:51:05.481 [INFO] [GW -> Client] GI-ME  CA=1, IOA=8322 ValueFloat=0 ValueBool=False
2025-12-30 12:51:05.497 [INFO] [GW -> Client] GI-ME  CA=1, IOA=8323 ValueFloat=0 ValueBool=False
2025-12-30 12:51:20.522 [INFO] [IEC104] Client 6940739 event = CLOSED
2025-12-30 12:51:21.552 [INFO] [IEC104] Connection request from 192.168.1.57
2025-12-30 12:51:21.615 [INFO] [Client->GW] => General Interrogation from SCADA
2025-12-30 12:51:21.631 [INFO] [GW -> Client] GI-ME  CA=1, IOA=4352 ValueFloat=131.442 ValueBool=False
2025-12-30 12:51:21.647 [INFO] [GW -> Client] GI-ME  CA=1, IOA=4354 ValueFloat=65.536 ValueBool=False
2025-12-30 12:51:21.663 [INFO] [GW -> Client] GI-ME  CA=1, IOA=4356 ValueFloat=65.536 ValueBool=False
2025-12-30 12:51:21.678 [INFO] [GW -> Client] GI-ME  CA=1, IOA=4392 ValueFloat=131.294 ValueBool=False
2025-12-30 12:51:21.693 [INFO] [GW -> Client] GI-ME  CA=1, IOA=4394 ValueFloat=0.13000001 ValueBool=False
2025-12-30 12:51:21.708 [INFO] [GW -> Client] GI-ME  CA=1, IOA=4396 ValueFloat=65.536 ValueBool=False
2025-12-30 12:51:21.723 [INFO] [GW -> Client] GI-ME  CA=1, IOA=8322 ValueFloat=0 ValueBool=False
2025-12-30 12:51:21.739 [INFO] [GW -> Client] GI-ME  CA=1, IOA=8323 ValueFloat=0 ValueBool=False
2025-12-30 12:51:36.758 [INFO] [IEC104] Client 11706394 event = CLOSED
2025-12-30 12:51:37.771 [INFO] [IEC104] Connection request from 192.168.1.57
2025-12-30 12:51:37.832 [INFO] [Client->GW] => General Interrogation from SCADA
2025-12-30 12:51:37.848 [INFO] [GW -> Client] GI-ME  CA=1, IOA=4352 ValueFloat=131.442 ValueBool=False
2025-12-30 12:51:37.863 [INFO] [GW -> Client] GI-ME  CA=1, IOA=4354 ValueFloat=65.536 ValueBool=False
2025-12-30 12:51:37.878 [INFO] [GW -> Client] GI-ME  CA=1, IOA=4356 ValueFloat=65.536 ValueBool=False
2025-12-30 12:51:37.893 [INFO] [GW -> Client] GI-ME  CA=1, IOA=4392 ValueFloat=131.294 ValueBool=False
2025-12-30 12:51:37.908 [INFO] [GW -> Client] GI-ME  CA=1, IOA=4394 ValueFloat=0.13000001 ValueBool=False
2025-12-30 12:51:37.924 [INFO] [GW -> Client] GI-ME  CA=1, IOA=4396 ValueFloat=65.536 ValueBool=False
2025-12-30 12:51:37.939 [INFO] [GW -> Client] GI-ME  CA=1, IOA=8322 ValueFloat=0 ValueBool=False
2025-12-30 12:51:37.955 [INFO] [GW -> Client] GI-ME  CA=1, IOA=8323 ValueFloat=0 ValueBool=False
2025-12-30 12:51:52.979 [INFO] [IEC104] Client 899299 event = CLOSED
2025-12-30 12:51:53.997 [INFO] [IEC104] Connection request from 192.168.1.57
2025-12-30 12:51:54.055 [INFO] [Client->GW] => General Interrogation from SCADA
2025-12-30 12:51:54.070 [INFO] [GW -> Client] GI-ME  CA=1, IOA=4352 ValueFloat=131.442 ValueBool=False
2025-12-30 12:51:54.086 [INFO] [GW -> Client] GI-ME  CA=1, IOA=4354 ValueFloat=65.536 ValueBool=False
2025-12-30 12:51:54.101 [INFO] [GW -> Client] GI-ME  CA=1, IOA=4356 ValueFloat=65.536 ValueBool=False
2025-12-30 12:51:54.116 [INFO] [GW -> Client] GI-ME  CA=1, IOA=4392 ValueFloat=131.294 ValueBool=False
2025-12-30 12:51:54.131 [INFO] [GW -> Client] GI-ME  CA=1, IOA=4394 ValueFloat=0.13000001 ValueBool=False
2025-12-30 12:51:54.147 [INFO] [GW -> Client] GI-ME  CA=1, IOA=4396 ValueFloat=65.536 ValueBool=False
2025-12-30 12:51:54.162 [INFO] [GW -> Client] GI-ME  CA=1, IOA=8322 ValueFloat=0 ValueBool=False
2025-12-30 12:51:54.177 [INFO] [GW -> Client] GI-ME  CA=1, IOA=8323 ValueFloat=0 ValueBool=False
2025-12-30 12:52:09.205 [INFO] [IEC104] Client 27802759 event = CLOSED
2025-12-30 12:52:10.227 [INFO] [IEC104] Connection request from 192.168.1.57
2025-12-30 12:52:10.279 [INFO] [Client->GW] => General Interrogation from SCADA
2025-12-30 12:52:10.295 [INFO] [GW -> Client] GI-ME  CA=1, IOA=4352 ValueFloat=131.442 ValueBool=False
2025-12-30 12:52:10.310 [INFO] [GW -> Client] GI-ME  CA=1, IOA=4354 ValueFloat=65.536 ValueBool=False
2025-12-30 12:52:10.325 [INFO] [GW -> Client] GI-ME  CA=1, IOA=4356 ValueFloat=65.536 ValueBool=False
2025-12-30 12:52:10.340 [INFO] [GW -> Client] GI-ME  CA=1, IOA=4392 ValueFloat=131.294 ValueBool=False
2025-12-30 12:52:10.356 [INFO] [GW -> Client] GI-ME  CA=1, IOA=4394 ValueFloat=0.13000001 ValueBool=False
2025-12-30 12:52:10.371 [INFO] [GW -> Client] GI-ME  CA=1, IOA=4396 ValueFloat=65.536 ValueBool=False
2025-12-30 12:52:10.386 [INFO] [GW -> Client] GI-ME  CA=1, IOA=8322 ValueFloat=0 ValueBool=False
2025-12-30 12:52:10.401 [INFO] [GW -> Client] GI-ME  CA=1, IOA=8323 ValueFloat=0 ValueBool=False
2025-12-30 12:52:25.416 [INFO] [IEC104] Client 47998252 event = CLOSED
2025-12-30 12:52:26.425 [INFO] [IEC104] Connection request from 192.168.1.57
2025-12-30 12:52:26.482 [INFO] [Client->GW] => General Interrogation from SCADA
2025-12-30 12:52:26.498 [INFO] [GW -> Client] GI-ME  CA=1, IOA=4352 ValueFloat=131.442 ValueBool=False
2025-12-30 12:52:26.513 [INFO] [GW -> Client] GI-ME  CA=1, IOA=4354 ValueFloat=65.536 ValueBool=False
2025-12-30 12:52:26.527 [INFO] [GW -> Client] GI-ME  CA=1, IOA=4356 ValueFloat=65.536 ValueBool=False
2025-12-30 12:52:26.542 [INFO] [GW -> Client] GI-ME  CA=1, IOA=4392 ValueFloat=131.294 ValueBool=False
2025-12-30 12:52:26.557 [INFO] [GW -> Client] GI-ME  CA=1, IOA=4394 ValueFloat=0.13000001 ValueBool=False
2025-12-30 12:52:26.572 [INFO] [GW -> Client] GI-ME  CA=1, IOA=4396 ValueFloat=65.536 ValueBool=False
2025-12-30 12:52:26.588 [INFO] [GW -> Client] GI-ME  CA=1, IOA=8322 ValueFloat=0 ValueBool=False
2025-12-30 12:52:26.603 [INFO] [GW -> Client] GI-ME  CA=1, IOA=8323 ValueFloat=0 ValueBool=False
2025-12-30 12:52:41.626 [INFO] [IEC104] Client 37587239 event = CLOSED
2025-12-30 12:52:42.643 [INFO] [IEC104] Connection request from 192.168.1.57
2025-12-30 12:52:42.702 [INFO] [Client->GW] => General Interrogation from SCADA
2025-12-30 12:52:42.718 [INFO] [GW -> Client] GI-ME  CA=1, IOA=4352 ValueFloat=131.442 ValueBool=False
2025-12-30 12:52:42.733 [INFO] [GW -> Client] GI-ME  CA=1, IOA=4354 ValueFloat=65.536 ValueBool=False
2025-12-30 12:52:42.749 [INFO] [GW -> Client] GI-ME  CA=1, IOA=4356 ValueFloat=65.536 ValueBool=False
2025-12-30 12:52:42.764 [INFO] [GW -> Client] GI-ME  CA=1, IOA=4392 ValueFloat=131.294 ValueBool=False
2025-12-30 12:52:42.779 [INFO] [GW -> Client] GI-ME  CA=1, IOA=4394 ValueFloat=0.13000001 ValueBool=False
2025-12-30 12:52:42.794 [INFO] [GW -> Client] GI-ME  CA=1, IOA=4396 ValueFloat=65.536 ValueBool=False
2025-12-30 12:52:42.809 [INFO] [GW -> Client] GI-ME  CA=1, IOA=8322 ValueFloat=0 ValueBool=False
2025-12-30 12:52:42.825 [INFO] [GW -> Client] GI-ME  CA=1, IOA=8323 ValueFloat=0 ValueBool=False
2025-12-30 12:52:57.828 [INFO] [IEC104] Client 38066578 event = CLOSED
2025-12-30 12:52:58.836 [INFO] [IEC104] Connection request from 192.168.1.57
2025-12-30 12:52:58.901 [INFO] [Client->GW] => General Interrogation from SCADA
2025-12-30 12:52:58.916 [INFO] [GW -> Client] GI-ME  CA=1, IOA=4352 ValueFloat=131.442 ValueBool=False
2025-12-30 12:52:58.931 [INFO] [GW -> Client] GI-ME  CA=1, IOA=4354 ValueFloat=65.536 ValueBool=False
2025-12-30 12:52:58.946 [INFO] [GW -> Client] GI-ME  CA=1, IOA=4356 ValueFloat=65.536 ValueBool=False
2025-12-30 12:52:58.961 [INFO] [GW -> Client] GI-ME  CA=1, IOA=4392 ValueFloat=131.294 ValueBool=False
2025-12-30 12:52:58.977 [INFO] [GW -> Client] GI-ME  CA=1, IOA=4394 ValueFloat=0.13000001 ValueBool=False
2025-12-30 12:52:58.992 [INFO] [GW -> Client] GI-ME  CA=1, IOA=4396 ValueFloat=65.536 ValueBool=False
2025-12-30 12:52:59.007 [INFO] [GW -> Client] GI-ME  CA=1, IOA=8322 ValueFloat=0 ValueBool=False
2025-12-30 12:52:59.023 [INFO] [GW -> Client] GI-ME  CA=1, IOA=8323 ValueFloat=0 ValueBool=False
2025-12-30 12:53:14.025 [INFO] [IEC104] Client 24919263 event = CLOSED
2025-12-30 12:53:15.039 [INFO] [IEC104] Connection request from 192.168.1.57
2025-12-30 12:53:15.104 [INFO] [Client->GW] => General Interrogation from SCADA
2025-12-30 12:53:15.120 [INFO] [GW -> Client] GI-ME  CA=1, IOA=4352 ValueFloat=131.442 ValueBool=False
2025-12-30 12:53:15.135 [INFO] [GW -> Client] GI-ME  CA=1, IOA=4354 ValueFloat=65.536 ValueBool=False
2025-12-30 12:53:15.150 [INFO] [GW -> Client] GI-ME  CA=1, IOA=4356 ValueFloat=65.536 ValueBool=False
2025-12-30 12:53:15.166 [INFO] [GW -> Client] GI-ME  CA=1, IOA=4392 ValueFloat=131.294 ValueBool=False
2025-12-30 12:53:15.182 [INFO] [GW -> Client] GI-ME  CA=1, IOA=4394 ValueFloat=0.13000001 ValueBool=False
2025-12-30 12:53:15.196 [INFO] [GW -> Client] GI-ME  CA=1, IOA=4396 ValueFloat=65.536 ValueBool=False
2025-12-30 12:53:15.212 [INFO] [GW -> Client] GI-ME  CA=1, IOA=8322 ValueFloat=0 ValueBool=False
2025-12-30 12:53:15.228 [INFO] [GW -> Client] GI-ME  CA=1, IOA=8323 ValueFloat=0 ValueBool=False
2025-12-30 12:53:30.257 [INFO] [IEC104] Client 35576302 event = CLOSED
2025-12-30 12:53:31.267 [INFO] [IEC104] Connection request from 192.168.1.57
2025-12-30 12:53:31.319 [INFO] [Client->GW] => General Interrogation from SCADA
2025-12-30 12:53:31.334 [INFO] [GW -> Client] GI-ME  CA=1, IOA=4352 ValueFloat=131.442 ValueBool=False
2025-12-30 12:53:31.349 [INFO] [GW -> Client] GI-ME  CA=1, IOA=4354 ValueFloat=65.536 ValueBool=False
2025-12-30 12:53:31.365 [INFO] [GW -> Client] GI-ME  CA=1, IOA=4356 ValueFloat=65.536 ValueBool=False
2025-12-30 12:53:31.380 [INFO] [GW -> Client] GI-ME  CA=1, IOA=4392 ValueFloat=131.294 ValueBool=False
2025-12-30 12:53:31.395 [INFO] [GW -> Client] GI-ME  CA=1, IOA=4394 ValueFloat=0.13000001 ValueBool=False
2025-12-30 12:53:31.411 [INFO] [GW -> Client] GI-ME  CA=1, IOA=4396 ValueFloat=65.536 ValueBool=False
2025-12-30 12:53:31.426 [INFO] [GW -> Client] GI-ME  CA=1, IOA=8322 ValueFloat=0 ValueBool=False
2025-12-30 12:53:31.442 [INFO] [GW -> Client] GI-ME  CA=1, IOA=8323 ValueFloat=0 ValueBool=False
2025-12-30 12:53:46.448 [INFO] [IEC104] Client 58704008 event = CLOSED
2025-12-30 12:53:47.460 [INFO] [IEC104] Connection request from 192.168.1.57
2025-12-30 12:53:47.520 [INFO] [Client->GW] => General Interrogation from SCADA
2025-12-30 12:53:47.536 [INFO] [GW -> Client] GI-ME  CA=1, IOA=4352 ValueFloat=131.442 ValueBool=False
2025-12-30 12:53:47.551 [INFO] [GW -> Client] GI-ME  CA=1, IOA=4354 ValueFloat=65.536 ValueBool=False
2025-12-30 12:53:47.566 [INFO] [GW -> Client] GI-ME  CA=1, IOA=4356 ValueFloat=65.536 ValueBool=False
2025-12-30 12:53:47.582 [INFO] [GW -> Client] GI-ME  CA=1, IOA=4392 ValueFloat=131.294 ValueBool=False
2025-12-30 12:53:47.597 [INFO] [GW -> Client] GI-ME  CA=1, IOA=4394 ValueFloat=0.13000001 ValueBool=False
2025-12-30 12:53:47.613 [INFO] [GW -> Client] GI-ME  CA=1, IOA=4396 ValueFloat=65.536 ValueBool=False
2025-12-30 12:53:47.628 [INFO] [GW -> Client] GI-ME  CA=1, IOA=8322 ValueFloat=0 ValueBool=False
2025-12-30 12:53:47.642 [INFO] [GW -> Client] GI-ME  CA=1, IOA=8323 ValueFloat=0 ValueBool=False
2025-12-30 12:54:02.673 [INFO] [IEC104] Client 64985291 event = CLOSED
2025-12-30 12:54:03.695 [INFO] [IEC104] Connection request from 192.168.1.57
2025-12-30 12:54:03.748 [INFO] [Client->GW] => General Interrogation from SCADA
2025-12-30 12:54:03.763 [INFO] [GW -> Client] GI-ME  CA=1, IOA=4352 ValueFloat=131.442 ValueBool=False
2025-12-30 12:54:03.779 [INFO] [GW -> Client] GI-ME  CA=1, IOA=4354 ValueFloat=65.536 ValueBool=False
2025-12-30 12:54:03.794 [INFO] [GW -> Client] GI-ME  CA=1, IOA=4356 ValueFloat=65.536 ValueBool=False
2025-12-30 12:54:03.809 [INFO] [GW -> Client] GI-ME  CA=1, IOA=4392 ValueFloat=131.294 ValueBool=False
2025-12-30 12:54:03.824 [INFO] [GW -> Client] GI-ME  CA=1, IOA=4394 ValueFloat=0.13000001 ValueBool=False
2025-12-30 12:54:03.840 [INFO] [GW -> Client] GI-ME  CA=1, IOA=4396 ValueFloat=65.536 ValueBool=False
2025-12-30 12:54:03.855 [INFO] [GW -> Client] GI-ME  CA=1, IOA=8322 ValueFloat=0 ValueBool=False
2025-12-30 12:54:03.871 [INFO] [GW -> Client] GI-ME  CA=1, IOA=8323 ValueFloat=0 ValueBool=False
2025-12-30 12:54:18.900 [INFO] [IEC104] Client 20663592 event = CLOSED
2025-12-30 12:54:19.922 [INFO] [IEC104] Connection request from 192.168.1.57
2025-12-30 12:54:19.975 [INFO] [Client->GW] => General Interrogation from SCADA
2025-12-30 12:54:19.990 [INFO] [GW -> Client] GI-ME  CA=1, IOA=4352 ValueFloat=131.442 ValueBool=False
2025-12-30 12:54:20.006 [INFO] [GW -> Client] GI-ME  CA=1, IOA=4354 ValueFloat=65.536 ValueBool=False
2025-12-30 12:54:20.021 [INFO] [GW -> Client] GI-ME  CA=1, IOA=4356 ValueFloat=65.536 ValueBool=False
2025-12-30 12:54:20.036 [INFO] [GW -> Client] GI-ME  CA=1, IOA=4392 ValueFloat=131.294 ValueBool=False
2025-12-30 12:54:20.052 [INFO] [GW -> Client] GI-ME  CA=1, IOA=4394 ValueFloat=0.13000001 ValueBool=False
2025-12-30 12:54:20.067 [INFO] [GW -> Client] GI-ME  CA=1, IOA=4396 ValueFloat=65.536 ValueBool=False
2025-12-30 12:54:20.083 [INFO] [GW -> Client] GI-ME  CA=1, IOA=8322 ValueFloat=0 ValueBool=False
2025-12-30 12:54:20.099 [INFO] [GW -> Client] GI-ME  CA=1, IOA=8323 ValueFloat=0 ValueBool=False
2025-12-30 12:54:35.113 [INFO] [IEC104] Client 38981947 event = CLOSED
2025-12-30 12:54:36.125 [INFO] [IEC104] Connection request from 192.168.1.57
2025-12-30 12:54:36.191 [INFO] [Client->GW] => General Interrogation from SCADA
2025-12-30 12:54:36.207 [INFO] [GW -> Client] GI-ME  CA=1, IOA=4352 ValueFloat=131.442 ValueBool=False
2025-12-30 12:54:36.222 [INFO] [GW -> Client] GI-ME  CA=1, IOA=4354 ValueFloat=65.536 ValueBool=False
2025-12-30 12:54:36.238 [INFO] [GW -> Client] GI-ME  CA=1, IOA=4356 ValueFloat=65.536 ValueBool=False
2025-12-30 12:54:36.253 [INFO] [GW -> Client] GI-ME  CA=1, IOA=4392 ValueFloat=131.294 ValueBool=False
2025-12-30 12:54:36.268 [INFO] [GW -> Client] GI-ME  CA=1, IOA=4394 ValueFloat=0.13000001 ValueBool=False
2025-12-30 12:54:36.283 [INFO] [GW -> Client] GI-ME  CA=1, IOA=4396 ValueFloat=65.536 ValueBool=False
2025-12-30 12:54:36.298 [INFO] [GW -> Client] GI-ME  CA=1, IOA=8322 ValueFloat=0 ValueBool=False
2025-12-30 12:54:36.314 [INFO] [GW -> Client] GI-ME  CA=1, IOA=8323 ValueFloat=0 ValueBool=False
2025-12-30 12:54:51.338 [INFO] [IEC104] Client 11171020 event = CLOSED
2025-12-30 12:54:52.354 [INFO] [IEC104] Connection request from 192.168.1.57
2025-12-30 12:54:52.413 [INFO] [Client->GW] => General Interrogation from SCADA
2025-12-30 12:54:52.429 [INFO] [GW -> Client] GI-ME  CA=1, IOA=4352 ValueFloat=131.442 ValueBool=False
2025-12-30 12:54:52.445 [INFO] [GW -> Client] GI-ME  CA=1, IOA=4354 ValueFloat=65.536 ValueBool=False
2025-12-30 12:54:52.460 [INFO] [GW -> Client] GI-ME  CA=1, IOA=4356 ValueFloat=65.536 ValueBool=False
2025-12-30 12:54:52.474 [INFO] [GW -> Client] GI-ME  CA=1, IOA=4392 ValueFloat=131.294 ValueBool=False
2025-12-30 12:54:52.489 [INFO] [GW -> Client] GI-ME  CA=1, IOA=4394 ValueFloat=0.13000001 ValueBool=False
2025-12-30 12:54:52.504 [INFO] [GW -> Client] GI-ME  CA=1, IOA=4396 ValueFloat=65.536 ValueBool=False
2025-12-30 12:54:52.519 [INFO] [GW -> Client] GI-ME  CA=1, IOA=8322 ValueFloat=0 ValueBool=False
2025-12-30 12:54:52.534 [INFO] [GW -> Client] GI-ME  CA=1, IOA=8323 ValueFloat=0 ValueBool=False
2025-12-30 12:55:07.537 [INFO] [IEC104] Client 6052797 event = CLOSED
2025-12-30 12:55:08.551 [INFO] [IEC104] Connection request from 192.168.1.57
2025-12-30 12:55:08.617 [INFO] [Client->GW] => General Interrogation from SCADA
2025-12-30 12:55:08.633 [INFO] [GW -> Client] GI-ME  CA=1, IOA=4352 ValueFloat=131.442 ValueBool=False
2025-12-30 12:55:08.648 [INFO] [GW -> Client] GI-ME  CA=1, IOA=4354 ValueFloat=65.536 ValueBool=False
2025-12-30 12:55:08.664 [INFO] [GW -> Client] GI-ME  CA=1, IOA=4356 ValueFloat=65.536 ValueBool=False
2025-12-30 12:55:08.679 [INFO] [GW -> Client] GI-ME  CA=1, IOA=4392 ValueFloat=131.294 ValueBool=False
2025-12-30 12:55:08.695 [INFO] [GW -> Client] GI-ME  CA=1, IOA=4394 ValueFloat=0.13000001 ValueBool=False
2025-12-30 12:55:08.710 [INFO] [GW -> Client] GI-ME  CA=1, IOA=4396 ValueFloat=65.536 ValueBool=False
2025-12-30 12:55:08.725 [INFO] [GW -> Client] GI-ME  CA=1, IOA=8322 ValueFloat=0 ValueBool=False
2025-12-30 12:55:08.740 [INFO] [GW -> Client] GI-ME  CA=1, IOA=8323 ValueFloat=0 ValueBool=False
2025-12-30 12:55:23.741 [INFO] [IEC104] Client 30047830 event = CLOSED
2025-12-30 12:55:24.749 [INFO] [IEC104] Connection request from 192.168.1.57
2025-12-30 12:55:24.802 [INFO] [Client->GW] => General Interrogation from SCADA
2025-12-30 12:55:24.817 [INFO] [GW -> Client] GI-ME  CA=1, IOA=4352 ValueFloat=131.442 ValueBool=False
2025-12-30 12:55:24.833 [INFO] [GW -> Client] GI-ME  CA=1, IOA=4354 ValueFloat=65.536 ValueBool=False
2025-12-30 12:55:24.848 [INFO] [GW -> Client] GI-ME  CA=1, IOA=4356 ValueFloat=65.536 ValueBool=False
2025-12-30 12:55:24.863 [INFO] [GW -> Client] GI-ME  CA=1, IOA=4392 ValueFloat=131.294 ValueBool=False
2025-12-30 12:55:24.878 [INFO] [GW -> Client] GI-ME  CA=1, IOA=4394 ValueFloat=0.13000001 ValueBool=False
2025-12-30 12:55:24.893 [INFO] [GW -> Client] GI-ME  CA=1, IOA=4396 ValueFloat=65.536 ValueBool=False
2025-12-30 12:55:24.909 [INFO] [GW -> Client] GI-ME  CA=1, IOA=8322 ValueFloat=0 ValueBool=False
2025-12-30 12:55:24.924 [INFO] [GW -> Client] GI-ME  CA=1, IOA=8323 ValueFloat=0 ValueBool=False
2025-12-30 12:55:39.954 [INFO] [IEC104] Client 28253568 event = CLOSED
2025-12-30 12:55:40.968 [INFO] [IEC104] Connection request from 192.168.1.57
2025-12-30 12:55:41.031 [INFO] [Client->GW] => General Interrogation from SCADA
2025-12-30 12:55:41.047 [INFO] [GW -> Client] GI-ME  CA=1, IOA=4352 ValueFloat=131.442 ValueBool=False
2025-12-30 12:55:41.062 [INFO] [GW -> Client] GI-ME  CA=1, IOA=4354 ValueFloat=65.536 ValueBool=False
2025-12-30 12:55:41.077 [INFO] [GW -> Client] GI-ME  CA=1, IOA=4356 ValueFloat=65.536 ValueBool=False
2025-12-30 12:55:41.093 [INFO] [GW -> Client] GI-ME  CA=1, IOA=4392 ValueFloat=131.294 ValueBool=False
2025-12-30 12:55:41.108 [INFO] [GW -> Client] GI-ME  CA=1, IOA=4394 ValueFloat=0.13000001 ValueBool=False
2025-12-30 12:55:41.124 [INFO] [GW -> Client] GI-ME  CA=1, IOA=4396 ValueFloat=65.536 ValueBool=False
2025-12-30 12:55:41.140 [INFO] [GW -> Client] GI-ME  CA=1, IOA=8322 ValueFloat=0 ValueBool=False
2025-12-30 12:55:41.155 [INFO] [GW -> Client] GI-ME  CA=1, IOA=8323 ValueFloat=0 ValueBool=False
2025-12-30 12:55:56.160 [INFO] [IEC104] Client 42639076 event = CLOSED
2025-12-30 12:55:57.168 [INFO] [IEC104] Connection request from 192.168.1.57
2025-12-30 12:55:57.223 [INFO] [Client->GW] => General Interrogation from SCADA
2025-12-30 12:55:57.238 [INFO] [GW -> Client] GI-ME  CA=1, IOA=4352 ValueFloat=131.442 ValueBool=False
2025-12-30 12:55:57.254 [INFO] [GW -> Client] GI-ME  CA=1, IOA=4354 ValueFloat=65.536 ValueBool=False
2025-12-30 12:55:57.269 [INFO] [GW -> Client] GI-ME  CA=1, IOA=4356 ValueFloat=65.536 ValueBool=False
2025-12-30 12:55:57.284 [INFO] [GW -> Client] GI-ME  CA=1, IOA=4392 ValueFloat=131.294 ValueBool=False
2025-12-30 12:55:57.299 [INFO] [GW -> Client] GI-ME  CA=1, IOA=4394 ValueFloat=0.13000001 ValueBool=False
2025-12-30 12:55:57.316 [INFO] [GW -> Client] GI-ME  CA=1, IOA=4396 ValueFloat=65.536 ValueBool=False
2025-12-30 12:55:57.330 [INFO] [GW -> Client] GI-ME  CA=1, IOA=8322 ValueFloat=0 ValueBool=False
2025-12-30 12:55:57.346 [INFO] [GW -> Client] GI-ME  CA=1, IOA=8323 ValueFloat=0 ValueBool=False
2025-12-30 12:56:12.358 [INFO] [IEC104] Client 10233684 event = CLOSED
2025-12-30 12:56:13.368 [INFO] [IEC104] Connection request from 192.168.1.57
2025-12-30 12:56:13.433 [INFO] [Client->GW] => General Interrogation from SCADA
2025-12-30 12:56:13.450 [INFO] [GW -> Client] GI-ME  CA=1, IOA=4352 ValueFloat=131.442 ValueBool=False
2025-12-30 12:56:13.465 [INFO] [GW -> Client] GI-ME  CA=1, IOA=4354 ValueFloat=65.536 ValueBool=False
2025-12-30 12:56:13.481 [INFO] [GW -> Client] GI-ME  CA=1, IOA=4356 ValueFloat=65.536 ValueBool=False
2025-12-30 12:56:13.496 [INFO] [GW -> Client] GI-ME  CA=1, IOA=4392 ValueFloat=131.294 ValueBool=False
2025-12-30 12:56:13.512 [INFO] [GW -> Client] GI-ME  CA=1, IOA=4394 ValueFloat=0.13000001 ValueBool=False
2025-12-30 12:56:13.529 [INFO] [GW -> Client] GI-ME  CA=1, IOA=4396 ValueFloat=65.536 ValueBool=False
2025-12-30 12:56:13.543 [INFO] [GW -> Client] GI-ME  CA=1, IOA=8322 ValueFloat=0 ValueBool=False
2025-12-30 12:56:13.559 [INFO] [GW -> Client] GI-ME  CA=1, IOA=8323 ValueFloat=0 ValueBool=False
2025-12-30 12:56:28.576 [INFO] [IEC104] Client 32231696 event = CLOSED
2025-12-30 12:56:29.588 [INFO] [IEC104] Connection request from 192.168.1.57
2025-12-30 12:56:29.639 [INFO] [Client->GW] => General Interrogation from SCADA
2025-12-30 12:56:29.655 [INFO] [GW -> Client] GI-ME  CA=1, IOA=4352 ValueFloat=131.442 ValueBool=False
2025-12-30 12:56:29.670 [INFO] [GW -> Client] GI-ME  CA=1, IOA=4354 ValueFloat=65.536 ValueBool=False
2025-12-30 12:56:29.685 [INFO] [GW -> Client] GI-ME  CA=1, IOA=4356 ValueFloat=65.536 ValueBool=False
2025-12-30 12:56:29.700 [INFO] [GW -> Client] GI-ME  CA=1, IOA=4392 ValueFloat=131.294 ValueBool=False
2025-12-30 12:56:29.715 [INFO] [GW -> Client] GI-ME  CA=1, IOA=4394 ValueFloat=0.13000001 ValueBool=False
2025-12-30 12:56:29.731 [INFO] [GW -> Client] GI-ME  CA=1, IOA=4396 ValueFloat=65.536 ValueBool=False
2025-12-30 12:56:29.746 [INFO] [GW -> Client] GI-ME  CA=1, IOA=8322 ValueFloat=0 ValueBool=False
2025-12-30 12:56:29.762 [INFO] [GW -> Client] GI-ME  CA=1, IOA=8323 ValueFloat=0 ValueBool=False
2025-12-30 12:56:44.776 [INFO] [IEC104] Client 20812504 event = CLOSED
2025-12-30 12:56:45.785 [INFO] [IEC104] Connection request from 192.168.1.57
2025-12-30 12:56:45.851 [INFO] [Client->GW] => General Interrogation from SCADA
2025-12-30 12:56:45.866 [INFO] [GW -> Client] GI-ME  CA=1, IOA=4352 ValueFloat=131.442 ValueBool=False
2025-12-30 12:56:45.881 [INFO] [GW -> Client] GI-ME  CA=1, IOA=4354 ValueFloat=65.536 ValueBool=False
2025-12-30 12:56:45.897 [INFO] [GW -> Client] GI-ME  CA=1, IOA=4356 ValueFloat=65.536 ValueBool=False
2025-12-30 12:56:45.912 [INFO] [GW -> Client] GI-ME  CA=1, IOA=4392 ValueFloat=131.294 ValueBool=False
2025-12-30 12:56:45.927 [INFO] [GW -> Client] GI-ME  CA=1, IOA=4394 ValueFloat=0.13000001 ValueBool=False
2025-12-30 12:56:45.942 [INFO] [GW -> Client] GI-ME  CA=1, IOA=4396 ValueFloat=65.536 ValueBool=False
2025-12-30 12:56:45.958 [INFO] [GW -> Client] GI-ME  CA=1, IOA=8322 ValueFloat=0 ValueBool=False
2025-12-30 12:56:45.973 [INFO] [GW -> Client] GI-ME  CA=1, IOA=8323 ValueFloat=0 ValueBool=False
2025-12-30 12:57:00.985 [INFO] [IEC104] Client 2841051 event = CLOSED
2025-12-30 12:57:02.013 [INFO] [IEC104] Connection request from 192.168.1.57
2025-12-30 12:57:02.066 [INFO] [Client->GW] => General Interrogation from SCADA
2025-12-30 12:57:02.081 [INFO] [GW -> Client] GI-ME  CA=1, IOA=4352 ValueFloat=131.442 ValueBool=False
2025-12-30 12:57:02.096 [INFO] [GW -> Client] GI-ME  CA=1, IOA=4354 ValueFloat=65.536 ValueBool=False
2025-12-30 12:57:02.112 [INFO] [GW -> Client] GI-ME  CA=1, IOA=4356 ValueFloat=65.536 ValueBool=False
2025-12-30 12:57:02.127 [INFO] [GW -> Client] GI-ME  CA=1, IOA=4392 ValueFloat=131.294 ValueBool=False
2025-12-30 12:57:02.143 [INFO] [GW -> Client] GI-ME  CA=1, IOA=4394 ValueFloat=0.13000001 ValueBool=False
2025-12-30 12:57:02.158 [INFO] [GW -> Client] GI-ME  CA=1, IOA=4396 ValueFloat=65.536 ValueBool=False
2025-12-30 12:57:02.173 [INFO] [GW -> Client] GI-ME  CA=1, IOA=8322 ValueFloat=0 ValueBool=False
2025-12-30 12:57:02.188 [INFO] [GW -> Client] GI-ME  CA=1, IOA=8323 ValueFloat=0 ValueBool=False
2025-12-30 12:57:17.198 [INFO] [IEC104] Client 55316021 event = CLOSED
2025-12-30 12:57:18.222 [INFO] [IEC104] Connection request from 192.168.1.57
2025-12-30 12:57:18.288 [INFO] [Client->GW] => General Interrogation from SCADA
2025-12-30 12:57:18.303 [INFO] [GW -> Client] GI-ME  CA=1, IOA=4352 ValueFloat=131.442 ValueBool=False
2025-12-30 12:57:18.319 [INFO] [GW -> Client] GI-ME  CA=1, IOA=4354 ValueFloat=65.536 ValueBool=False
2025-12-30 12:57:18.335 [INFO] [GW -> Client] GI-ME  CA=1, IOA=4356 ValueFloat=65.536 ValueBool=False
2025-12-30 12:57:18.350 [INFO] [GW -> Client] GI-ME  CA=1, IOA=4392 ValueFloat=131.294 ValueBool=False
2025-12-30 12:57:18.365 [INFO] [GW -> Client] GI-ME  CA=1, IOA=4394 ValueFloat=0.13000001 ValueBool=False
2025-12-30 12:57:18.380 [INFO] [GW -> Client] GI-ME  CA=1, IOA=4396 ValueFloat=65.536 ValueBool=False
2025-12-30 12:57:18.395 [INFO] [GW -> Client] GI-ME  CA=1, IOA=8322 ValueFloat=0 ValueBool=False
2025-12-30 12:57:18.410 [INFO] [GW -> Client] GI-ME  CA=1, IOA=8323 ValueFloat=0 ValueBool=False
2025-12-30 12:57:33.424 [INFO] [IEC104] Client 1508859 event = CLOSED
2025-12-30 12:57:34.443 [INFO] [IEC104] Connection request from 192.168.1.57
2025-12-30 12:57:34.508 [INFO] [Client->GW] => General Interrogation from SCADA
2025-12-30 12:57:34.523 [INFO] [GW -> Client] GI-ME  CA=1, IOA=4352 ValueFloat=131.442 ValueBool=False
2025-12-30 12:57:34.553 [INFO] [GW -> Client] GI-ME  CA=1, IOA=4354 ValueFloat=65.536 ValueBool=False
2025-12-30 12:57:34.569 [INFO] [GW -> Client] GI-ME  CA=1, IOA=4356 ValueFloat=65.536 ValueBool=False
2025-12-30 12:57:34.584 [INFO] [GW -> Client] GI-ME  CA=1, IOA=4392 ValueFloat=131.294 ValueBool=False
2025-12-30 12:57:34.599 [INFO] [GW -> Client] GI-ME  CA=1, IOA=4394 ValueFloat=0.13000001 ValueBool=False
2025-12-30 12:57:34.614 [INFO] [GW -> Client] GI-ME  CA=1, IOA=4396 ValueFloat=65.536 ValueBool=False
2025-12-30 12:57:34.629 [INFO] [GW -> Client] GI-ME  CA=1, IOA=8322 ValueFloat=0 ValueBool=False
2025-12-30 12:57:34.645 [INFO] [GW -> Client] GI-ME  CA=1, IOA=8323 ValueFloat=0 ValueBool=False
2025-12-30 12:57:49.651 [INFO] [IEC104] Client 2711541 event = CLOSED
2025-12-30 12:57:50.667 [INFO] [IEC104] Connection request from 192.168.1.57
2025-12-30 12:57:50.725 [INFO] [Client->GW] => General Interrogation from SCADA
2025-12-30 12:57:50.756 [INFO] [GW -> Client] GI-ME  CA=1, IOA=4352 ValueFloat=131.442 ValueBool=False
2025-12-30 12:57:50.771 [INFO] [GW -> Client] GI-ME  CA=1, IOA=4354 ValueFloat=65.536 ValueBool=False
2025-12-30 12:57:50.787 [INFO] [GW -> Client] GI-ME  CA=1, IOA=4356 ValueFloat=65.536 ValueBool=False
2025-12-30 12:57:50.802 [INFO] [GW -> Client] GI-ME  CA=1, IOA=4392 ValueFloat=131.294 ValueBool=False
2025-12-30 12:57:50.817 [INFO] [GW -> Client] GI-ME  CA=1, IOA=4394 ValueFloat=0.13000001 ValueBool=False
2025-12-30 12:57:50.833 [INFO] [GW -> Client] GI-ME  CA=1, IOA=4396 ValueFloat=65.536 ValueBool=False
2025-12-30 12:57:50.848 [INFO] [GW -> Client] GI-ME  CA=1, IOA=8322 ValueFloat=0 ValueBool=False
2025-12-30 12:57:50.864 [INFO] [GW -> Client] GI-ME  CA=1, IOA=8323 ValueFloat=0 ValueBool=False
2025-12-30 12:58:05.879 [INFO] [IEC104] Client 4708647 event = CLOSED
2025-12-30 12:58:06.896 [INFO] [IEC104] Connection request from 192.168.1.57
2025-12-30 12:58:06.951 [INFO] [Client->GW] => General Interrogation from SCADA
2025-12-30 12:58:06.967 [INFO] [GW -> Client] GI-ME  CA=1, IOA=4352 ValueFloat=131.442 ValueBool=False
2025-12-30 12:58:06.982 [INFO] [GW -> Client] GI-ME  CA=1, IOA=4354 ValueFloat=65.536 ValueBool=False
2025-12-30 12:58:06.997 [INFO] [GW -> Client] GI-ME  CA=1, IOA=4356 ValueFloat=65.536 ValueBool=False
2025-12-30 12:58:07.013 [INFO] [GW -> Client] GI-ME  CA=1, IOA=4392 ValueFloat=131.294 ValueBool=False
2025-12-30 12:58:07.029 [INFO] [GW -> Client] GI-ME  CA=1, IOA=4394 ValueFloat=0.13000001 ValueBool=False
2025-12-30 12:58:07.044 [INFO] [GW -> Client] GI-ME  CA=1, IOA=4396 ValueFloat=65.536 ValueBool=False
2025-12-30 12:58:07.060 [INFO] [GW -> Client] GI-ME  CA=1, IOA=8322 ValueFloat=0 ValueBool=False
2025-12-30 12:58:07.076 [INFO] [GW -> Client] GI-ME  CA=1, IOA=8323 ValueFloat=0 ValueBool=False
2025-12-30 12:58:22.086 [INFO] [IEC104] Client 29136128 event = CLOSED
2025-12-30 12:58:23.101 [INFO] [IEC104] Connection request from 192.168.1.57
2025-12-30 12:58:23.158 [INFO] [Client->GW] => General Interrogation from SCADA
2025-12-30 12:58:23.173 [INFO] [GW -> Client] GI-ME  CA=1, IOA=4352 ValueFloat=131.442 ValueBool=False
2025-12-30 12:58:23.189 [INFO] [GW -> Client] GI-ME  CA=1, IOA=4354 ValueFloat=65.536 ValueBool=False
2025-12-30 12:58:23.203 [INFO] [GW -> Client] GI-ME  CA=1, IOA=4356 ValueFloat=65.536 ValueBool=False
2025-12-30 12:58:23.218 [INFO] [GW -> Client] GI-ME  CA=1, IOA=4392 ValueFloat=131.294 ValueBool=False
2025-12-30 12:58:23.233 [INFO] [GW -> Client] GI-ME  CA=1, IOA=4394 ValueFloat=0.13000001 ValueBool=False
2025-12-30 12:58:23.249 [INFO] [GW -> Client] GI-ME  CA=1, IOA=4396 ValueFloat=65.536 ValueBool=False
2025-12-30 12:58:23.265 [INFO] [GW -> Client] GI-ME  CA=1, IOA=8322 ValueFloat=0 ValueBool=False
2025-12-30 12:58:23.280 [INFO] [GW -> Client] GI-ME  CA=1, IOA=8323 ValueFloat=0 ValueBool=False
2025-12-30 12:58:38.294 [INFO] [IEC104] Client 51084807 event = CLOSED
2025-12-30 12:58:39.304 [INFO] [IEC104] Connection request from 192.168.1.57
2025-12-30 12:58:39.368 [INFO] [Client->GW] => General Interrogation from SCADA
2025-12-30 12:58:39.383 [INFO] [GW -> Client] GI-ME  CA=1, IOA=4352 ValueFloat=131.442 ValueBool=False
2025-12-30 12:58:39.399 [INFO] [GW -> Client] GI-ME  CA=1, IOA=4354 ValueFloat=65.536 ValueBool=False
2025-12-30 12:58:39.414 [INFO] [GW -> Client] GI-ME  CA=1, IOA=4356 ValueFloat=65.536 ValueBool=False
2025-12-30 12:58:39.429 [INFO] [GW -> Client] GI-ME  CA=1, IOA=4392 ValueFloat=131.294 ValueBool=False
2025-12-30 12:58:39.444 [INFO] [GW -> Client] GI-ME  CA=1, IOA=4394 ValueFloat=0.13000001 ValueBool=False
2025-12-30 12:58:39.459 [INFO] [GW -> Client] GI-ME  CA=1, IOA=4396 ValueFloat=65.536 ValueBool=False
2025-12-30 12:58:39.474 [INFO] [GW -> Client] GI-ME  CA=1, IOA=8322 ValueFloat=0 ValueBool=False
2025-12-30 12:58:39.490 [INFO] [GW -> Client] GI-ME  CA=1, IOA=8323 ValueFloat=0 ValueBool=False
2025-12-30 12:58:54.510 [INFO] [IEC104] Client 6013706 event = CLOSED
2025-12-30 12:58:55.523 [INFO] [IEC104] Connection request from 192.168.1.57
2025-12-30 12:58:55.586 [INFO] [Client->GW] => General Interrogation from SCADA
2025-12-30 12:58:55.601 [INFO] [GW -> Client] GI-ME  CA=1, IOA=4352 ValueFloat=131.442 ValueBool=False
2025-12-30 12:58:55.617 [INFO] [GW -> Client] GI-ME  CA=1, IOA=4354 ValueFloat=65.536 ValueBool=False
2025-12-30 12:58:55.632 [INFO] [GW -> Client] GI-ME  CA=1, IOA=4356 ValueFloat=65.536 ValueBool=False
2025-12-30 12:58:55.648 [INFO] [GW -> Client] GI-ME  CA=1, IOA=4392 ValueFloat=131.294 ValueBool=False
2025-12-30 12:58:55.663 [INFO] [GW -> Client] GI-ME  CA=1, IOA=4394 ValueFloat=0.13000001 ValueBool=False
2025-12-30 12:58:55.679 [INFO] [GW -> Client] GI-ME  CA=1, IOA=4396 ValueFloat=65.536 ValueBool=False
2025-12-30 12:58:55.694 [INFO] [GW -> Client] GI-ME  CA=1, IOA=8322 ValueFloat=0 ValueBool=False
2025-12-30 12:58:55.710 [INFO] [GW -> Client] GI-ME  CA=1, IOA=8323 ValueFloat=0 ValueBool=False
2025-12-30 12:59:10.722 [INFO] [IEC104] Client 57941483 event = CLOSED
2025-12-30 12:59:11.742 [INFO] [IEC104] Connection request from 192.168.1.57
2025-12-30 12:59:11.797 [INFO] [Client->GW] => General Interrogation from SCADA
2025-12-30 12:59:11.812 [INFO] [GW -> Client] GI-ME  CA=1, IOA=4352 ValueFloat=131.442 ValueBool=False
2025-12-30 12:59:11.827 [INFO] [GW -> Client] GI-ME  CA=1, IOA=4354 ValueFloat=65.536 ValueBool=False
2025-12-30 12:59:11.843 [INFO] [GW -> Client] GI-ME  CA=1, IOA=4356 ValueFloat=65.536 ValueBool=False
2025-12-30 12:59:11.858 [INFO] [GW -> Client] GI-ME  CA=1, IOA=4392 ValueFloat=131.294 ValueBool=False
2025-12-30 12:59:11.873 [INFO] [GW -> Client] GI-ME  CA=1, IOA=4394 ValueFloat=0.13000001 ValueBool=False
2025-12-30 12:59:11.889 [INFO] [GW -> Client] GI-ME  CA=1, IOA=4396 ValueFloat=65.536 ValueBool=False
2025-12-30 12:59:11.904 [INFO] [GW -> Client] GI-ME  CA=1, IOA=8322 ValueFloat=0 ValueBool=False
2025-12-30 12:59:11.919 [INFO] [GW -> Client] GI-ME  CA=1, IOA=8323 ValueFloat=0 ValueBool=False
2025-12-30 12:59:26.922 [INFO] [IEC104] Client 62620747 event = CLOSED
2025-12-30 12:59:27.938 [INFO] [IEC104] Connection request from 192.168.1.57
2025-12-30 12:59:27.998 [INFO] [Client->GW] => General Interrogation from SCADA
2025-12-30 12:59:28.014 [INFO] [GW -> Client] GI-ME  CA=1, IOA=4352 ValueFloat=131.442 ValueBool=False
2025-12-30 12:59:28.030 [INFO] [GW -> Client] GI-ME  CA=1, IOA=4354 ValueFloat=65.536 ValueBool=False
2025-12-30 12:59:28.045 [INFO] [GW -> Client] GI-ME  CA=1, IOA=4356 ValueFloat=65.536 ValueBool=False
2025-12-30 12:59:28.060 [INFO] [GW -> Client] GI-ME  CA=1, IOA=4392 ValueFloat=131.294 ValueBool=False
2025-12-30 12:59:28.075 [INFO] [GW -> Client] GI-ME  CA=1, IOA=4394 ValueFloat=0.13000001 ValueBool=False
2025-12-30 12:59:28.090 [INFO] [GW -> Client] GI-ME  CA=1, IOA=4396 ValueFloat=65.536 ValueBool=False
2025-12-30 12:59:28.105 [INFO] [GW -> Client] GI-ME  CA=1, IOA=8322 ValueFloat=0 ValueBool=False
2025-12-30 12:59:28.121 [INFO] [GW -> Client] GI-ME  CA=1, IOA=8323 ValueFloat=0 ValueBool=False
2025-12-30 12:59:43.125 [INFO] [IEC104] Client 26114529 event = CLOSED
2025-12-30 12:59:44.132 [INFO] [IEC104] Connection request from 192.168.1.57
2025-12-30 12:59:44.193 [INFO] [Client->GW] => General Interrogation from SCADA
2025-12-30 12:59:44.209 [INFO] [GW -> Client] GI-ME  CA=1, IOA=4352 ValueFloat=131.442 ValueBool=False
2025-12-30 12:59:44.224 [INFO] [GW -> Client] GI-ME  CA=1, IOA=4354 ValueFloat=65.536 ValueBool=False
2025-12-30 12:59:44.239 [INFO] [GW -> Client] GI-ME  CA=1, IOA=4356 ValueFloat=65.536 ValueBool=False
2025-12-30 12:59:44.253 [INFO] [GW -> Client] GI-ME  CA=1, IOA=4392 ValueFloat=131.294 ValueBool=False
2025-12-30 12:59:44.268 [INFO] [GW -> Client] GI-ME  CA=1, IOA=4394 ValueFloat=0.13000001 ValueBool=False
2025-12-30 12:59:44.283 [INFO] [GW -> Client] GI-ME  CA=1, IOA=4396 ValueFloat=65.536 ValueBool=False
2025-12-30 12:59:44.299 [INFO] [GW -> Client] GI-ME  CA=1, IOA=8322 ValueFloat=0 ValueBool=False
2025-12-30 12:59:44.314 [INFO] [GW -> Client] GI-ME  CA=1, IOA=8323 ValueFloat=0 ValueBool=False
2025-12-30 12:59:59.344 [INFO] [IEC104] Client 45570848 event = CLOSED
2025-12-30 13:00:00.361 [INFO] [IEC104] Connection request from 192.168.1.57
2025-12-30 13:00:00.420 [INFO] [Client->GW] => General Interrogation from SCADA
2025-12-30 13:00:00.435 [INFO] [GW -> Client] GI-ME  CA=1, IOA=4352 ValueFloat=131.442 ValueBool=False
2025-12-30 13:00:00.451 [INFO] [GW -> Client] GI-ME  CA=1, IOA=4354 ValueFloat=65.536 ValueBool=False
2025-12-30 13:00:00.466 [INFO] [GW -> Client] GI-ME  CA=1, IOA=4356 ValueFloat=65.536 ValueBool=False
2025-12-30 13:00:00.481 [INFO] [GW -> Client] GI-ME  CA=1, IOA=4392 ValueFloat=131.294 ValueBool=False
2025-12-30 13:00:00.496 [INFO] [GW -> Client] GI-ME  CA=1, IOA=4394 ValueFloat=0.13000001 ValueBool=False
2025-12-30 13:00:00.512 [INFO] [GW -> Client] GI-ME  CA=1, IOA=4396 ValueFloat=65.536 ValueBool=False
2025-12-30 13:00:00.528 [INFO] [GW -> Client] GI-ME  CA=1, IOA=8322 ValueFloat=0 ValueBool=False
2025-12-30 13:00:00.544 [INFO] [GW -> Client] GI-ME  CA=1, IOA=8323 ValueFloat=0 ValueBool=False
2025-12-30 13:00:15.571 [INFO] [IEC104] Client 22460824 event = CLOSED
2025-12-30 13:00:16.591 [INFO] [IEC104] Connection request from 192.168.1.57
2025-12-30 13:00:16.649 [INFO] [Client->GW] => General Interrogation from SCADA
2025-12-30 13:00:16.665 [INFO] [GW -> Client] GI-ME  CA=1, IOA=4352 ValueFloat=131.442 ValueBool=False
2025-12-30 13:00:16.681 [INFO] [GW -> Client] GI-ME  CA=1, IOA=4354 ValueFloat=65.536 ValueBool=False
2025-12-30 13:00:16.696 [INFO] [GW -> Client] GI-ME  CA=1, IOA=4356 ValueFloat=65.536 ValueBool=False
2025-12-30 13:00:16.712 [INFO] [GW -> Client] GI-ME  CA=1, IOA=4392 ValueFloat=131.294 ValueBool=False
2025-12-30 13:00:16.727 [INFO] [GW -> Client] GI-ME  CA=1, IOA=4394 ValueFloat=0.13000001 ValueBool=False
2025-12-30 13:00:16.742 [INFO] [GW -> Client] GI-ME  CA=1, IOA=4396 ValueFloat=65.536 ValueBool=False
2025-12-30 13:00:16.757 [INFO] [GW -> Client] GI-ME  CA=1, IOA=8322 ValueFloat=0 ValueBool=False
2025-12-30 13:00:16.773 [INFO] [GW -> Client] GI-ME  CA=1, IOA=8323 ValueFloat=0 ValueBool=False
2025-12-30 13:00:31.783 [INFO] [IEC104] Client 22737608 event = CLOSED
2025-12-30 13:00:32.794 [INFO] [IEC104] Connection request from 192.168.1.57
2025-12-30 13:00:32.859 [INFO] [Client->GW] => General Interrogation from SCADA
2025-12-30 13:00:32.874 [INFO] [GW -> Client] GI-ME  CA=1, IOA=4352 ValueFloat=131.442 ValueBool=False
2025-12-30 13:00:32.890 [INFO] [GW -> Client] GI-ME  CA=1, IOA=4354 ValueFloat=65.536 ValueBool=False
2025-12-30 13:00:32.906 [INFO] [GW -> Client] GI-ME  CA=1, IOA=4356 ValueFloat=65.536 ValueBool=False
2025-12-30 13:00:32.921 [INFO] [GW -> Client] GI-ME  CA=1, IOA=4392 ValueFloat=131.294 ValueBool=False
2025-12-30 13:00:32.936 [INFO] [GW -> Client] GI-ME  CA=1, IOA=4394 ValueFloat=0.13000001 ValueBool=False
2025-12-30 13:00:32.952 [INFO] [GW -> Client] GI-ME  CA=1, IOA=4396 ValueFloat=65.536 ValueBool=False
2025-12-30 13:00:32.967 [INFO] [GW -> Client] GI-ME  CA=1, IOA=8322 ValueFloat=0 ValueBool=False
2025-12-30 13:00:32.982 [INFO] [GW -> Client] GI-ME  CA=1, IOA=8323 ValueFloat=0 ValueBool=False
2025-12-30 13:00:47.990 [INFO] [IEC104] Client 9936957 event = CLOSED
2025-12-30 13:00:49.000 [INFO] [IEC104] Connection request from 192.168.1.57
2025-12-30 13:00:49.063 [INFO] [Client->GW] => General Interrogation from SCADA
2025-12-30 13:00:49.079 [INFO] [GW -> Client] GI-ME  CA=1, IOA=4352 ValueFloat=131.442 ValueBool=False
2025-12-30 13:00:49.095 [INFO] [GW -> Client] GI-ME  CA=1, IOA=4354 ValueFloat=65.536 ValueBool=False
2025-12-30 13:00:49.110 [INFO] [GW -> Client] GI-ME  CA=1, IOA=4356 ValueFloat=65.536 ValueBool=False
2025-12-30 13:00:49.126 [INFO] [GW -> Client] GI-ME  CA=1, IOA=4392 ValueFloat=131.294 ValueBool=False
2025-12-30 13:00:49.142 [INFO] [GW -> Client] GI-ME  CA=1, IOA=4394 ValueFloat=0.13000001 ValueBool=False
2025-12-30 13:00:49.157 [INFO] [GW -> Client] GI-ME  CA=1, IOA=4396 ValueFloat=65.536 ValueBool=False
2025-12-30 13:00:49.172 [INFO] [GW -> Client] GI-ME  CA=1, IOA=8322 ValueFloat=0 ValueBool=False
2025-12-30 13:00:49.188 [INFO] [GW -> Client] GI-ME  CA=1, IOA=8323 ValueFloat=0 ValueBool=False
2025-12-30 13:01:04.212 [INFO] [IEC104] Client 62594578 event = CLOSED
2025-12-30 13:01:05.235 [INFO] [IEC104] Connection request from 192.168.1.57
2025-12-30 13:01:05.300 [INFO] [Client->GW] => General Interrogation from SCADA
2025-12-30 13:01:05.316 [INFO] [GW -> Client] GI-ME  CA=1, IOA=4352 ValueFloat=131.442 ValueBool=False
2025-12-30 13:01:05.331 [INFO] [GW -> Client] GI-ME  CA=1, IOA=4354 ValueFloat=65.536 ValueBool=False
2025-12-30 13:01:05.347 [INFO] [GW -> Client] GI-ME  CA=1, IOA=4356 ValueFloat=65.536 ValueBool=False
2025-12-30 13:01:05.363 [INFO] [GW -> Client] GI-ME  CA=1, IOA=4392 ValueFloat=131.294 ValueBool=False
2025-12-30 13:01:05.378 [INFO] [GW -> Client] GI-ME  CA=1, IOA=4394 ValueFloat=0.13000001 ValueBool=False
2025-12-30 13:01:05.394 [INFO] [GW -> Client] GI-ME  CA=1, IOA=4396 ValueFloat=65.536 ValueBool=False
2025-12-30 13:01:05.410 [INFO] [GW -> Client] GI-ME  CA=1, IOA=8322 ValueFloat=0 ValueBool=False
2025-12-30 13:01:05.425 [INFO] [GW -> Client] GI-ME  CA=1, IOA=8323 ValueFloat=0 ValueBool=False
2025-12-30 13:01:20.450 [INFO] [IEC104] Client 41806481 event = CLOSED
2025-12-30 13:01:21.465 [INFO] [IEC104] Connection request from 192.168.1.57
2025-12-30 13:01:21.526 [INFO] [Client->GW] => General Interrogation from SCADA
2025-12-30 13:01:21.542 [INFO] [GW -> Client] GI-ME  CA=1, IOA=4352 ValueFloat=131.442 ValueBool=False
2025-12-30 13:01:21.557 [INFO] [GW -> Client] GI-ME  CA=1, IOA=4354 ValueFloat=65.536 ValueBool=False
2025-12-30 13:01:21.573 [INFO] [GW -> Client] GI-ME  CA=1, IOA=4356 ValueFloat=65.536 ValueBool=False
2025-12-30 13:01:21.589 [INFO] [GW -> Client] GI-ME  CA=1, IOA=4392 ValueFloat=131.294 ValueBool=False
2025-12-30 13:01:21.603 [INFO] [GW -> Client] GI-ME  CA=1, IOA=4394 ValueFloat=0.13000001 ValueBool=False
2025-12-30 13:01:21.619 [INFO] [GW -> Client] GI-ME  CA=1, IOA=4396 ValueFloat=65.536 ValueBool=False
2025-12-30 13:01:21.634 [INFO] [GW -> Client] GI-ME  CA=1, IOA=8322 ValueFloat=0 ValueBool=False
2025-12-30 13:01:21.650 [INFO] [GW -> Client] GI-ME  CA=1, IOA=8323 ValueFloat=0 ValueBool=False
2025-12-30 13:01:36.680 [INFO] [IEC104] Client 2904421 event = CLOSED
2025-12-30 13:01:37.693 [INFO] [IEC104] Connection request from 192.168.1.57
2025-12-30 13:01:37.756 [INFO] [Client->GW] => General Interrogation from SCADA
2025-12-30 13:01:37.771 [INFO] [GW -> Client] GI-ME  CA=1, IOA=4352 ValueFloat=131.442 ValueBool=False
2025-12-30 13:01:37.786 [INFO] [GW -> Client] GI-ME  CA=1, IOA=4354 ValueFloat=65.536 ValueBool=False
2025-12-30 13:01:37.801 [INFO] [GW -> Client] GI-ME  CA=1, IOA=4356 ValueFloat=65.536 ValueBool=False
2025-12-30 13:01:37.816 [INFO] [GW -> Client] GI-ME  CA=1, IOA=4392 ValueFloat=131.294 ValueBool=False
2025-12-30 13:01:37.832 [INFO] [GW -> Client] GI-ME  CA=1, IOA=4394 ValueFloat=0.13000001 ValueBool=False
2025-12-30 13:01:37.847 [INFO] [GW -> Client] GI-ME  CA=1, IOA=4396 ValueFloat=65.536 ValueBool=False
2025-12-30 13:01:37.862 [INFO] [GW -> Client] GI-ME  CA=1, IOA=8322 ValueFloat=0 ValueBool=False
2025-12-30 13:01:37.877 [INFO] [GW -> Client] GI-ME  CA=1, IOA=8323 ValueFloat=0 ValueBool=False
2025-12-30 13:01:52.899 [INFO] [IEC104] Client 18483362 event = CLOSED
2025-12-30 13:01:53.920 [INFO] [IEC104] Connection request from 192.168.1.57
2025-12-30 13:01:53.978 [INFO] [Client->GW] => General Interrogation from SCADA
2025-12-30 13:01:53.994 [INFO] [GW -> Client] GI-ME  CA=1, IOA=4352 ValueFloat=131.442 ValueBool=False
2025-12-30 13:01:54.010 [INFO] [GW -> Client] GI-ME  CA=1, IOA=4354 ValueFloat=65.536 ValueBool=False
2025-12-30 13:01:54.026 [INFO] [GW -> Client] GI-ME  CA=1, IOA=4356 ValueFloat=65.536 ValueBool=False
2025-12-30 13:01:54.042 [INFO] [GW -> Client] GI-ME  CA=1, IOA=4392 ValueFloat=131.294 ValueBool=False
2025-12-30 13:01:54.056 [INFO] [GW -> Client] GI-ME  CA=1, IOA=4394 ValueFloat=0.13000001 ValueBool=False
2025-12-30 13:01:54.071 [INFO] [GW -> Client] GI-ME  CA=1, IOA=4396 ValueFloat=65.536 ValueBool=False
2025-12-30 13:01:54.086 [INFO] [GW -> Client] GI-ME  CA=1, IOA=8322 ValueFloat=0 ValueBool=False
2025-12-30 13:01:54.102 [INFO] [GW -> Client] GI-ME  CA=1, IOA=8323 ValueFloat=0 ValueBool=False
2025-12-30 13:02:09.132 [INFO] [IEC104] Client 45766566 event = CLOSED
2025-12-30 13:02:10.152 [INFO] [IEC104] Connection request from 192.168.1.57
2025-12-30 13:02:10.210 [INFO] [Client->GW] => General Interrogation from SCADA
2025-12-30 13:02:10.226 [INFO] [GW -> Client] GI-ME  CA=1, IOA=4352 ValueFloat=131.442 ValueBool=False
2025-12-30 13:02:10.242 [INFO] [GW -> Client] GI-ME  CA=1, IOA=4354 ValueFloat=65.536 ValueBool=False
2025-12-30 13:02:10.257 [INFO] [GW -> Client] GI-ME  CA=1, IOA=4356 ValueFloat=65.536 ValueBool=False
2025-12-30 13:02:10.273 [INFO] [GW -> Client] GI-ME  CA=1, IOA=4392 ValueFloat=131.294 ValueBool=False
2025-12-30 13:02:10.288 [INFO] [GW -> Client] GI-ME  CA=1, IOA=4394 ValueFloat=0.13000001 ValueBool=False
2025-12-30 13:02:10.303 [INFO] [GW -> Client] GI-ME  CA=1, IOA=4396 ValueFloat=65.536 ValueBool=False
2025-12-30 13:02:10.318 [INFO] [GW -> Client] GI-ME  CA=1, IOA=8322 ValueFloat=0 ValueBool=False
2025-12-30 13:02:10.333 [INFO] [GW -> Client] GI-ME  CA=1, IOA=8323 ValueFloat=0 ValueBool=False
2025-12-30 13:02:25.340 [INFO] [IEC104] Client 30259523 event = CLOSED
2025-12-30 13:02:26.360 [INFO] [IEC104] Connection request from 192.168.1.57
2025-12-30 13:02:26.416 [INFO] [Client->GW] => General Interrogation from SCADA
2025-12-30 13:02:26.432 [INFO] [GW -> Client] GI-ME  CA=1, IOA=4352 ValueFloat=131.442 ValueBool=False
2025-12-30 13:02:26.447 [INFO] [GW -> Client] GI-ME  CA=1, IOA=4354 ValueFloat=65.536 ValueBool=False
2025-12-30 13:02:26.462 [INFO] [GW -> Client] GI-ME  CA=1, IOA=4356 ValueFloat=65.536 ValueBool=False
2025-12-30 13:02:26.478 [INFO] [GW -> Client] GI-ME  CA=1, IOA=4392 ValueFloat=131.294 ValueBool=False
2025-12-30 13:02:26.493 [INFO] [GW -> Client] GI-ME  CA=1, IOA=4394 ValueFloat=0.13000001 ValueBool=False
2025-12-30 13:02:26.509 [INFO] [GW -> Client] GI-ME  CA=1, IOA=4396 ValueFloat=65.536 ValueBool=False
2025-12-30 13:02:26.525 [INFO] [GW -> Client] GI-ME  CA=1, IOA=8322 ValueFloat=0 ValueBool=False
2025-12-30 13:02:26.540 [INFO] [GW -> Client] GI-ME  CA=1, IOA=8323 ValueFloat=0 ValueBool=False
2025-12-30 13:02:41.560 [INFO] [IEC104] Client 21552351 event = CLOSED
2025-12-30 13:02:42.575 [INFO] [IEC104] Connection request from 192.168.1.57
2025-12-30 13:02:42.640 [INFO] [Client->GW] => General Interrogation from SCADA
2025-12-30 13:02:42.656 [INFO] [GW -> Client] GI-ME  CA=1, IOA=4352 ValueFloat=131.442 ValueBool=False
2025-12-30 13:02:42.670 [INFO] [GW -> Client] GI-ME  CA=1, IOA=4354 ValueFloat=65.536 ValueBool=False
2025-12-30 13:02:42.686 [INFO] [GW -> Client] GI-ME  CA=1, IOA=4356 ValueFloat=65.536 ValueBool=False
2025-12-30 13:02:42.701 [INFO] [GW -> Client] GI-ME  CA=1, IOA=4392 ValueFloat=131.294 ValueBool=False
2025-12-30 13:02:42.717 [INFO] [GW -> Client] GI-ME  CA=1, IOA=4394 ValueFloat=0.13000001 ValueBool=False
2025-12-30 13:02:42.733 [INFO] [GW -> Client] GI-ME  CA=1, IOA=4396 ValueFloat=65.536 ValueBool=False
2025-12-30 13:02:42.748 [INFO] [GW -> Client] GI-ME  CA=1, IOA=8322 ValueFloat=0 ValueBool=False
2025-12-30 13:02:42.763 [INFO] [GW -> Client] GI-ME  CA=1, IOA=8323 ValueFloat=0 ValueBool=False
2025-12-30 13:02:57.785 [INFO] [IEC104] Client 52366026 event = CLOSED
2025-12-30 13:02:58.807 [INFO] [IEC104] Connection request from 192.168.1.57
2025-12-30 13:02:58.863 [INFO] [Client->GW] => General Interrogation from SCADA
2025-12-30 13:02:58.878 [INFO] [GW -> Client] GI-ME  CA=1, IOA=4352 ValueFloat=131.442 ValueBool=False
2025-12-30 13:02:58.894 [INFO] [GW -> Client] GI-ME  CA=1, IOA=4354 ValueFloat=65.536 ValueBool=False
2025-12-30 13:02:58.909 [INFO] [GW -> Client] GI-ME  CA=1, IOA=4356 ValueFloat=65.536 ValueBool=False
2025-12-30 13:02:58.924 [INFO] [GW -> Client] GI-ME  CA=1, IOA=4392 ValueFloat=131.294 ValueBool=False
2025-12-30 13:02:58.940 [INFO] [GW -> Client] GI-ME  CA=1, IOA=4394 ValueFloat=0.13000001 ValueBool=False
2025-12-30 13:02:58.955 [INFO] [GW -> Client] GI-ME  CA=1, IOA=4396 ValueFloat=65.536 ValueBool=False
2025-12-30 13:02:58.970 [INFO] [GW -> Client] GI-ME  CA=1, IOA=8322 ValueFloat=0 ValueBool=False
2025-12-30 13:02:58.985 [INFO] [GW -> Client] GI-ME  CA=1, IOA=8323 ValueFloat=0 ValueBool=False
2025-12-30 13:03:14.013 [INFO] [IEC104] Client 29799908 event = CLOSED
2025-12-30 13:03:15.036 [INFO] [IEC104] Connection request from 192.168.1.57
2025-12-30 13:03:15.101 [INFO] [Client->GW] => General Interrogation from SCADA
2025-12-30 13:03:15.117 [INFO] [GW -> Client] GI-ME  CA=1, IOA=4352 ValueFloat=131.442 ValueBool=False
2025-12-30 13:03:15.132 [INFO] [GW -> Client] GI-ME  CA=1, IOA=4354 ValueFloat=65.536 ValueBool=False
2025-12-30 13:03:15.148 [INFO] [GW -> Client] GI-ME  CA=1, IOA=4356 ValueFloat=65.536 ValueBool=False
2025-12-30 13:03:15.163 [INFO] [GW -> Client] GI-ME  CA=1, IOA=4392 ValueFloat=131.294 ValueBool=False
2025-12-30 13:03:15.179 [INFO] [GW -> Client] GI-ME  CA=1, IOA=4394 ValueFloat=0.13000001 ValueBool=False
2025-12-30 13:03:15.194 [INFO] [GW -> Client] GI-ME  CA=1, IOA=4396 ValueFloat=65.536 ValueBool=False
2025-12-30 13:03:15.209 [INFO] [GW -> Client] GI-ME  CA=1, IOA=8322 ValueFloat=0 ValueBool=False
2025-12-30 13:03:15.225 [INFO] [GW -> Client] GI-ME  CA=1, IOA=8323 ValueFloat=0 ValueBool=False
2025-12-30 13:03:30.252 [INFO] [IEC104] Client 66236972 event = CLOSED
2025-12-30 13:03:31.260 [INFO] [IEC104] Connection request from 192.168.1.57
2025-12-30 13:03:31.324 [INFO] [Client->GW] => General Interrogation from SCADA
2025-12-30 13:03:31.340 [INFO] [GW -> Client] GI-ME  CA=1, IOA=4352 ValueFloat=131.442 ValueBool=False
2025-12-30 13:03:31.355 [INFO] [GW -> Client] GI-ME  CA=1, IOA=4354 ValueFloat=65.536 ValueBool=False
2025-12-30 13:03:31.370 [INFO] [GW -> Client] GI-ME  CA=1, IOA=4356 ValueFloat=65.536 ValueBool=False
2025-12-30 13:03:31.385 [INFO] [GW -> Client] GI-ME  CA=1, IOA=4392 ValueFloat=131.294 ValueBool=False
2025-12-30 13:03:31.400 [INFO] [GW -> Client] GI-ME  CA=1, IOA=4394 ValueFloat=0.13000001 ValueBool=False
2025-12-30 13:03:31.416 [INFO] [GW -> Client] GI-ME  CA=1, IOA=4396 ValueFloat=65.536 ValueBool=False
2025-12-30 13:03:31.431 [INFO] [GW -> Client] GI-ME  CA=1, IOA=8322 ValueFloat=0 ValueBool=False
2025-12-30 13:03:31.447 [INFO] [GW -> Client] GI-ME  CA=1, IOA=8323 ValueFloat=0 ValueBool=False
2025-12-30 13:03:46.467 [INFO] [IEC104] Client 51672124 event = CLOSED
2025-12-30 13:03:47.479 [INFO] [IEC104] Connection request from 192.168.1.57
2025-12-30 13:03:47.534 [INFO] [Client->GW] => General Interrogation from SCADA
2025-12-30 13:03:47.550 [INFO] [GW -> Client] GI-ME  CA=1, IOA=4352 ValueFloat=131.442 ValueBool=False
2025-12-30 13:03:47.566 [INFO] [GW -> Client] GI-ME  CA=1, IOA=4354 ValueFloat=65.536 ValueBool=False
2025-12-30 13:03:47.581 [INFO] [GW -> Client] GI-ME  CA=1, IOA=4356 ValueFloat=65.536 ValueBool=False
2025-12-30 13:03:47.596 [INFO] [GW -> Client] GI-ME  CA=1, IOA=4392 ValueFloat=131.294 ValueBool=False
2025-12-30 13:03:47.611 [INFO] [GW -> Client] GI-ME  CA=1, IOA=4394 ValueFloat=0.13000001 ValueBool=False
2025-12-30 13:03:47.626 [INFO] [GW -> Client] GI-ME  CA=1, IOA=4396 ValueFloat=65.536 ValueBool=False
2025-12-30 13:03:47.641 [INFO] [GW -> Client] GI-ME  CA=1, IOA=8322 ValueFloat=0 ValueBool=False
2025-12-30 13:03:47.657 [INFO] [GW -> Client] GI-ME  CA=1, IOA=8323 ValueFloat=0 ValueBool=False
2025-12-30 13:04:02.661 [INFO] [IEC104] Client 57346087 event = CLOSED
2025-12-30 13:04:03.671 [INFO] [IEC104] Connection request from 192.168.1.57
2025-12-30 13:04:03.736 [INFO] [Client->GW] => General Interrogation from SCADA
2025-12-30 13:04:03.751 [INFO] [GW -> Client] GI-ME  CA=1, IOA=4352 ValueFloat=131.442 ValueBool=False
2025-12-30 13:04:03.766 [INFO] [GW -> Client] GI-ME  CA=1, IOA=4354 ValueFloat=65.536 ValueBool=False
2025-12-30 13:04:03.782 [INFO] [GW -> Client] GI-ME  CA=1, IOA=4356 ValueFloat=65.536 ValueBool=False
2025-12-30 13:04:03.797 [INFO] [GW -> Client] GI-ME  CA=1, IOA=4392 ValueFloat=131.294 ValueBool=False
2025-12-30 13:04:03.812 [INFO] [GW -> Client] GI-ME  CA=1, IOA=4394 ValueFloat=0.13000001 ValueBool=False
2025-12-30 13:04:03.827 [INFO] [GW -> Client] GI-ME  CA=1, IOA=4396 ValueFloat=65.536 ValueBool=False
2025-12-30 13:04:03.842 [INFO] [GW -> Client] GI-ME  CA=1, IOA=8322 ValueFloat=0 ValueBool=False
2025-12-30 13:04:03.857 [INFO] [GW -> Client] GI-ME  CA=1, IOA=8323 ValueFloat=0 ValueBool=False
2025-12-30 13:04:18.888 [INFO] [IEC104] Client 63693926 event = CLOSED
2025-12-30 13:04:19.909 [INFO] [IEC104] Connection request from 192.168.1.57
2025-12-30 13:04:19.965 [INFO] [Client->GW] => General Interrogation from SCADA
2025-12-30 13:04:19.981 [INFO] [GW -> Client] GI-ME  CA=1, IOA=4352 ValueFloat=131.442 ValueBool=False
2025-12-30 13:04:19.996 [INFO] [GW -> Client] GI-ME  CA=1, IOA=4354 ValueFloat=65.536 ValueBool=False
2025-12-30 13:04:20.011 [INFO] [GW -> Client] GI-ME  CA=1, IOA=4356 ValueFloat=65.536 ValueBool=False
2025-12-30 13:04:20.026 [INFO] [GW -> Client] GI-ME  CA=1, IOA=4392 ValueFloat=131.294 ValueBool=False
2025-12-30 13:04:20.041 [INFO] [GW -> Client] GI-ME  CA=1, IOA=4394 ValueFloat=0.13000001 ValueBool=False
2025-12-30 13:04:20.056 [INFO] [GW -> Client] GI-ME  CA=1, IOA=4396 ValueFloat=65.536 ValueBool=False
2025-12-30 13:04:20.071 [INFO] [GW -> Client] GI-ME  CA=1, IOA=8322 ValueFloat=0 ValueBool=False
2025-12-30 13:04:20.087 [INFO] [GW -> Client] GI-ME  CA=1, IOA=8323 ValueFloat=0 ValueBool=False
2025-12-30 13:04:35.111 [INFO] [IEC104] Client 14896184 event = CLOSED
2025-12-30 13:04:36.124 [INFO] [IEC104] Connection request from 192.168.1.57
2025-12-30 13:04:36.182 [INFO] [Client->GW] => General Interrogation from SCADA
2025-12-30 13:04:36.198 [INFO] [GW -> Client] GI-ME  CA=1, IOA=4352 ValueFloat=131.442 ValueBool=False
2025-12-30 13:04:36.213 [INFO] [GW -> Client] GI-ME  CA=1, IOA=4354 ValueFloat=65.536 ValueBool=False
2025-12-30 13:04:36.228 [INFO] [GW -> Client] GI-ME  CA=1, IOA=4356 ValueFloat=65.536 ValueBool=False
2025-12-30 13:04:36.243 [INFO] [GW -> Client] GI-ME  CA=1, IOA=4392 ValueFloat=131.294 ValueBool=False
2025-12-30 13:04:36.257 [INFO] [GW -> Client] GI-ME  CA=1, IOA=4394 ValueFloat=0.13000001 ValueBool=False
2025-12-30 13:04:36.273 [INFO] [GW -> Client] GI-ME  CA=1, IOA=4396 ValueFloat=65.536 ValueBool=False
2025-12-30 13:04:36.289 [INFO] [GW -> Client] GI-ME  CA=1, IOA=8322 ValueFloat=0 ValueBool=False
2025-12-30 13:04:36.305 [INFO] [GW -> Client] GI-ME  CA=1, IOA=8323 ValueFloat=0 ValueBool=False
2025-12-30 13:04:51.313 [INFO] [IEC104] Client 4418388 event = CLOSED
2025-12-30 13:04:52.328 [INFO] [IEC104] Connection request from 192.168.1.57
2025-12-30 13:04:52.389 [INFO] [Client->GW] => General Interrogation from SCADA
2025-12-30 13:04:52.404 [INFO] [GW -> Client] GI-ME  CA=1, IOA=4352 ValueFloat=131.442 ValueBool=False
2025-12-30 13:04:52.419 [INFO] [GW -> Client] GI-ME  CA=1, IOA=4354 ValueFloat=65.536 ValueBool=False
2025-12-30 13:04:52.434 [INFO] [GW -> Client] GI-ME  CA=1, IOA=4356 ValueFloat=65.536 ValueBool=False
2025-12-30 13:04:52.450 [INFO] [GW -> Client] GI-ME  CA=1, IOA=4392 ValueFloat=131.294 ValueBool=False
2025-12-30 13:04:52.465 [INFO] [GW -> Client] GI-ME  CA=1, IOA=4394 ValueFloat=0.13000001 ValueBool=False
2025-12-30 13:04:52.480 [INFO] [GW -> Client] GI-ME  CA=1, IOA=4396 ValueFloat=65.536 ValueBool=False
2025-12-30 13:04:52.495 [INFO] [GW -> Client] GI-ME  CA=1, IOA=8322 ValueFloat=0 ValueBool=False
2025-12-30 13:04:52.510 [INFO] [GW -> Client] GI-ME  CA=1, IOA=8323 ValueFloat=0 ValueBool=False
2025-12-30 13:05:07.540 [INFO] [IEC104] Client 21603637 event = CLOSED
2025-12-30 13:05:08.559 [INFO] [IEC104] Connection request from 192.168.1.57
2025-12-30 13:05:08.622 [INFO] [Client->GW] => General Interrogation from SCADA
2025-12-30 13:05:08.637 [INFO] [GW -> Client] GI-ME  CA=1, IOA=4352 ValueFloat=131.442 ValueBool=False
2025-12-30 13:05:08.652 [INFO] [GW -> Client] GI-ME  CA=1, IOA=4354 ValueFloat=65.536 ValueBool=False
2025-12-30 13:05:08.668 [INFO] [GW -> Client] GI-ME  CA=1, IOA=4356 ValueFloat=65.536 ValueBool=False
2025-12-30 13:05:08.683 [INFO] [GW -> Client] GI-ME  CA=1, IOA=4392 ValueFloat=131.294 ValueBool=False
2025-12-30 13:05:08.698 [INFO] [GW -> Client] GI-ME  CA=1, IOA=4394 ValueFloat=0.13000001 ValueBool=False
2025-12-30 13:05:08.714 [INFO] [GW -> Client] GI-ME  CA=1, IOA=4396 ValueFloat=65.536 ValueBool=False
2025-12-30 13:05:08.729 [INFO] [GW -> Client] GI-ME  CA=1, IOA=8322 ValueFloat=0 ValueBool=False
2025-12-30 13:05:08.745 [INFO] [GW -> Client] GI-ME  CA=1, IOA=8323 ValueFloat=0 ValueBool=False
2025-12-30 13:05:23.764 [INFO] [IEC104] Client 56049722 event = CLOSED
2025-12-30 13:05:24.782 [INFO] [IEC104] Connection request from 192.168.1.57
2025-12-30 13:05:24.846 [INFO] [Client->GW] => General Interrogation from SCADA
2025-12-30 13:05:24.863 [INFO] [GW -> Client] GI-ME  CA=1, IOA=4352 ValueFloat=131.442 ValueBool=False
2025-12-30 13:05:24.878 [INFO] [GW -> Client] GI-ME  CA=1, IOA=4354 ValueFloat=65.536 ValueBool=False
2025-12-30 13:05:24.894 [INFO] [GW -> Client] GI-ME  CA=1, IOA=4356 ValueFloat=65.536 ValueBool=False
2025-12-30 13:05:24.909 [INFO] [GW -> Client] GI-ME  CA=1, IOA=4392 ValueFloat=131.294 ValueBool=False
2025-12-30 13:05:24.924 [INFO] [GW -> Client] GI-ME  CA=1, IOA=4394 ValueFloat=0.13000001 ValueBool=False
2025-12-30 13:05:24.939 [INFO] [GW -> Client] GI-ME  CA=1, IOA=4396 ValueFloat=65.536 ValueBool=False
2025-12-30 13:05:24.955 [INFO] [GW -> Client] GI-ME  CA=1, IOA=8322 ValueFloat=0 ValueBool=False
2025-12-30 13:05:24.970 [INFO] [GW -> Client] GI-ME  CA=1, IOA=8323 ValueFloat=0 ValueBool=False
2025-12-30 13:05:39.997 [INFO] [IEC104] Client 5322983 event = CLOSED
2025-12-30 13:05:41.007 [INFO] [IEC104] Connection request from 192.168.1.57
2025-12-30 13:05:41.073 [INFO] [Client->GW] => General Interrogation from SCADA
2025-12-30 13:05:41.088 [INFO] [GW -> Client] GI-ME  CA=1, IOA=4352 ValueFloat=131.442 ValueBool=False
2025-12-30 13:05:41.104 [INFO] [GW -> Client] GI-ME  CA=1, IOA=4354 ValueFloat=65.536 ValueBool=False
2025-12-30 13:05:41.120 [INFO] [GW -> Client] GI-ME  CA=1, IOA=4356 ValueFloat=65.536 ValueBool=False
2025-12-30 13:05:41.135 [INFO] [GW -> Client] GI-ME  CA=1, IOA=4392 ValueFloat=131.294 ValueBool=False
2025-12-30 13:05:41.151 [INFO] [GW -> Client] GI-ME  CA=1, IOA=4394 ValueFloat=0.13000001 ValueBool=False
2025-12-30 13:05:41.166 [INFO] [GW -> Client] GI-ME  CA=1, IOA=4396 ValueFloat=65.536 ValueBool=False
2025-12-30 13:05:41.181 [INFO] [GW -> Client] GI-ME  CA=1, IOA=8322 ValueFloat=0 ValueBool=False
2025-12-30 13:05:41.196 [INFO] [GW -> Client] GI-ME  CA=1, IOA=8323 ValueFloat=0 ValueBool=False
2025-12-30 13:05:56.213 [INFO] [IEC104] Client 14953437 event = CLOSED
2025-12-30 13:05:57.232 [INFO] [IEC104] Connection request from 192.168.1.57
2025-12-30 13:05:57.287 [INFO] [Client->GW] => General Interrogation from SCADA
2025-12-30 13:05:57.303 [INFO] [GW -> Client] GI-ME  CA=1, IOA=4352 ValueFloat=131.442 ValueBool=False
2025-12-30 13:05:57.319 [INFO] [GW -> Client] GI-ME  CA=1, IOA=4354 ValueFloat=65.536 ValueBool=False
2025-12-30 13:05:57.333 [INFO] [GW -> Client] GI-ME  CA=1, IOA=4356 ValueFloat=65.536 ValueBool=False
2025-12-30 13:05:57.348 [INFO] [GW -> Client] GI-ME  CA=1, IOA=4392 ValueFloat=131.294 ValueBool=False
2025-12-30 13:05:57.363 [INFO] [GW -> Client] GI-ME  CA=1, IOA=4394 ValueFloat=0.13000001 ValueBool=False
2025-12-30 13:05:57.379 [INFO] [GW -> Client] GI-ME  CA=1, IOA=4396 ValueFloat=65.536 ValueBool=False
2025-12-30 13:05:57.394 [INFO] [GW -> Client] GI-ME  CA=1, IOA=8322 ValueFloat=0 ValueBool=False
2025-12-30 13:05:57.409 [INFO] [GW -> Client] GI-ME  CA=1, IOA=8323 ValueFloat=0 ValueBool=False
2025-12-30 13:06:12.413 [INFO] [IEC104] Client 16733658 event = CLOSED
2025-12-30 13:06:13.436 [INFO] [IEC104] Connection request from 192.168.1.57
2025-12-30 13:06:13.489 [INFO] [Client->GW] => General Interrogation from SCADA
2025-12-30 13:06:13.506 [INFO] [GW -> Client] GI-ME  CA=1, IOA=4352 ValueFloat=131.442 ValueBool=False
2025-12-30 13:06:13.521 [INFO] [GW -> Client] GI-ME  CA=1, IOA=4354 ValueFloat=65.536 ValueBool=False
2025-12-30 13:06:13.535 [INFO] [GW -> Client] GI-ME  CA=1, IOA=4356 ValueFloat=65.536 ValueBool=False
2025-12-30 13:06:13.550 [INFO] [GW -> Client] GI-ME  CA=1, IOA=4392 ValueFloat=131.294 ValueBool=False
2025-12-30 13:06:13.565 [INFO] [GW -> Client] GI-ME  CA=1, IOA=4394 ValueFloat=0.13000001 ValueBool=False
2025-12-30 13:06:13.581 [INFO] [GW -> Client] GI-ME  CA=1, IOA=4396 ValueFloat=65.536 ValueBool=False
2025-12-30 13:06:13.596 [INFO] [GW -> Client] GI-ME  CA=1, IOA=8322 ValueFloat=0 ValueBool=False
2025-12-30 13:06:13.612 [INFO] [GW -> Client] GI-ME  CA=1, IOA=8323 ValueFloat=0 ValueBool=False
2025-12-30 13:06:28.642 [INFO] [IEC104] Client 35404949 event = CLOSED
2025-12-30 13:06:29.655 [INFO] [IEC104] Connection request from 192.168.1.57
2025-12-30 13:06:29.716 [INFO] [Client->GW] => General Interrogation from SCADA
2025-12-30 13:06:29.731 [INFO] [GW -> Client] GI-ME  CA=1, IOA=4352 ValueFloat=131.442 ValueBool=False
2025-12-30 13:06:29.746 [INFO] [GW -> Client] GI-ME  CA=1, IOA=4354 ValueFloat=65.536 ValueBool=False
2025-12-30 13:06:29.762 [INFO] [GW -> Client] GI-ME  CA=1, IOA=4356 ValueFloat=65.536 ValueBool=False
2025-12-30 13:06:29.778 [INFO] [GW -> Client] GI-ME  CA=1, IOA=4392 ValueFloat=131.294 ValueBool=False
2025-12-30 13:06:29.794 [INFO] [GW -> Client] GI-ME  CA=1, IOA=4394 ValueFloat=0.13000001 ValueBool=False
2025-12-30 13:06:29.809 [INFO] [GW -> Client] GI-ME  CA=1, IOA=4396 ValueFloat=65.536 ValueBool=False
2025-12-30 13:06:29.824 [INFO] [GW -> Client] GI-ME  CA=1, IOA=8322 ValueFloat=0 ValueBool=False
2025-12-30 13:06:29.840 [INFO] [GW -> Client] GI-ME  CA=1, IOA=8323 ValueFloat=0 ValueBool=False
2025-12-30 13:06:44.869 [INFO] [IEC104] Client 16499692 event = CLOSED
2025-12-30 13:06:45.882 [INFO] [IEC104] Connection request from 192.168.1.57
2025-12-30 13:06:46.133 [INFO] [Client->GW] => General Interrogation from SCADA
2025-12-30 13:06:46.149 [INFO] [GW -> Client] GI-ME  CA=1, IOA=4352 ValueFloat=131.442 ValueBool=False
2025-12-30 13:06:46.164 [INFO] [GW -> Client] GI-ME  CA=1, IOA=4354 ValueFloat=65.536 ValueBool=False
2025-12-30 13:06:46.179 [INFO] [GW -> Client] GI-ME  CA=1, IOA=4356 ValueFloat=65.536 ValueBool=False
2025-12-30 13:06:46.194 [INFO] [GW -> Client] GI-ME  CA=1, IOA=4392 ValueFloat=131.294 ValueBool=False
2025-12-30 13:06:46.209 [INFO] [GW -> Client] GI-ME  CA=1, IOA=4394 ValueFloat=0.13000001 ValueBool=False
2025-12-30 13:06:46.225 [INFO] [GW -> Client] GI-ME  CA=1, IOA=4396 ValueFloat=65.536 ValueBool=False
2025-12-30 13:06:46.240 [INFO] [GW -> Client] GI-ME  CA=1, IOA=8322 ValueFloat=0 ValueBool=False
2025-12-30 13:06:46.255 [INFO] [GW -> Client] GI-ME  CA=1, IOA=8323 ValueFloat=0 ValueBool=False
2025-12-30 13:07:01.259 [INFO] [IEC104] Client 49325107 event = CLOSED
2025-12-30 13:07:02.279 [INFO] [IEC104] Connection request from 192.168.1.57
2025-12-30 13:07:02.340 [INFO] [Client->GW] => General Interrogation from SCADA
2025-12-30 13:07:02.356 [INFO] [GW -> Client] GI-ME  CA=1, IOA=4352 ValueFloat=131.442 ValueBool=False
2025-12-30 13:07:02.372 [INFO] [GW -> Client] GI-ME  CA=1, IOA=4354 ValueFloat=65.536 ValueBool=False
2025-12-30 13:07:02.387 [INFO] [GW -> Client] GI-ME  CA=1, IOA=4356 ValueFloat=65.536 ValueBool=False
2025-12-30 13:07:02.403 [INFO] [GW -> Client] GI-ME  CA=1, IOA=4392 ValueFloat=131.294 ValueBool=False
2025-12-30 13:07:02.418 [INFO] [GW -> Client] GI-ME  CA=1, IOA=4394 ValueFloat=0.13000001 ValueBool=False
2025-12-30 13:07:02.433 [INFO] [GW -> Client] GI-ME  CA=1, IOA=4396 ValueFloat=65.536 ValueBool=False
2025-12-30 13:07:02.448 [INFO] [GW -> Client] GI-ME  CA=1, IOA=8322 ValueFloat=0 ValueBool=False
2025-12-30 13:07:02.463 [INFO] [GW -> Client] GI-ME  CA=1, IOA=8323 ValueFloat=0 ValueBool=False
2025-12-30 13:07:17.465 [INFO] [IEC104] Client 26471496 event = CLOSED
2025-12-30 13:07:18.476 [INFO] [IEC104] Connection request from 192.168.1.57
2025-12-30 13:07:18.529 [INFO] [Client->GW] => General Interrogation from SCADA
2025-12-30 13:07:18.544 [INFO] [GW -> Client] GI-ME  CA=1, IOA=4352 ValueFloat=131.442 ValueBool=False
2025-12-30 13:07:18.560 [INFO] [GW -> Client] GI-ME  CA=1, IOA=4354 ValueFloat=65.536 ValueBool=False
2025-12-30 13:07:18.575 [INFO] [GW -> Client] GI-ME  CA=1, IOA=4356 ValueFloat=65.536 ValueBool=False
2025-12-30 13:07:18.590 [INFO] [GW -> Client] GI-ME  CA=1, IOA=4392 ValueFloat=131.294 ValueBool=False
2025-12-30 13:07:18.606 [INFO] [GW -> Client] GI-ME  CA=1, IOA=4394 ValueFloat=0.13000001 ValueBool=False
2025-12-30 13:07:18.621 [INFO] [GW -> Client] GI-ME  CA=1, IOA=4396 ValueFloat=65.536 ValueBool=False
2025-12-30 13:07:18.637 [INFO] [GW -> Client] GI-ME  CA=1, IOA=8322 ValueFloat=0 ValueBool=False
2025-12-30 13:07:18.652 [INFO] [GW -> Client] GI-ME  CA=1, IOA=8323 ValueFloat=0 ValueBool=False
2025-12-30 13:07:33.661 [INFO] [IEC104] Client 15461768 event = CLOSED
2025-12-30 13:07:34.671 [INFO] [IEC104] Connection request from 192.168.1.57
2025-12-30 13:07:34.739 [INFO] [Client->GW] => General Interrogation from SCADA
2025-12-30 13:07:34.755 [INFO] [GW -> Client] GI-ME  CA=1, IOA=4352 ValueFloat=131.442 ValueBool=False
2025-12-30 13:07:34.770 [INFO] [GW -> Client] GI-ME  CA=1, IOA=4354 ValueFloat=65.536 ValueBool=False
2025-12-30 13:07:34.785 [INFO] [GW -> Client] GI-ME  CA=1, IOA=4356 ValueFloat=65.536 ValueBool=False
2025-12-30 13:07:34.800 [INFO] [GW -> Client] GI-ME  CA=1, IOA=4392 ValueFloat=131.294 ValueBool=False
2025-12-30 13:07:34.815 [INFO] [GW -> Client] GI-ME  CA=1, IOA=4394 ValueFloat=0.13000001 ValueBool=False
2025-12-30 13:07:34.831 [INFO] [GW -> Client] GI-ME  CA=1, IOA=4396 ValueFloat=65.536 ValueBool=False
2025-12-30 13:07:34.846 [INFO] [GW -> Client] GI-ME  CA=1, IOA=8322 ValueFloat=0 ValueBool=False
2025-12-30 13:07:34.861 [INFO] [GW -> Client] GI-ME  CA=1, IOA=8323 ValueFloat=0 ValueBool=False
2025-12-30 13:07:49.876 [INFO] [IEC104] Client 48816240 event = CLOSED
2025-12-30 13:07:50.896 [INFO] [IEC104] Connection request from 192.168.1.57
2025-12-30 13:07:50.952 [INFO] [Client->GW] => General Interrogation from SCADA
2025-12-30 13:07:50.967 [INFO] [GW -> Client] GI-ME  CA=1, IOA=4352 ValueFloat=131.442 ValueBool=False
2025-12-30 13:07:50.983 [INFO] [GW -> Client] GI-ME  CA=1, IOA=4354 ValueFloat=65.536 ValueBool=False
2025-12-30 13:07:50.999 [INFO] [GW -> Client] GI-ME  CA=1, IOA=4356 ValueFloat=65.536 ValueBool=False
2025-12-30 13:07:51.014 [INFO] [GW -> Client] GI-ME  CA=1, IOA=4392 ValueFloat=131.294 ValueBool=False
2025-12-30 13:07:51.029 [INFO] [GW -> Client] GI-ME  CA=1, IOA=4394 ValueFloat=0.13000001 ValueBool=False
2025-12-30 13:07:51.045 [INFO] [GW -> Client] GI-ME  CA=1, IOA=4396 ValueFloat=65.536 ValueBool=False
2025-12-30 13:07:51.061 [INFO] [GW -> Client] GI-ME  CA=1, IOA=8322 ValueFloat=0 ValueBool=False
2025-12-30 13:07:51.077 [INFO] [GW -> Client] GI-ME  CA=1, IOA=8323 ValueFloat=0 ValueBool=False
2025-12-30 13:08:06.077 [INFO] [IEC104] Client 52809369 event = CLOSED
2025-12-30 13:08:07.101 [INFO] [IEC104] Connection request from 192.168.1.57
2025-12-30 13:08:07.155 [INFO] [Client->GW] => General Interrogation from SCADA
2025-12-30 13:08:07.170 [INFO] [GW -> Client] GI-ME  CA=1, IOA=4352 ValueFloat=131.442 ValueBool=False
2025-12-30 13:08:07.186 [INFO] [GW -> Client] GI-ME  CA=1, IOA=4354 ValueFloat=65.536 ValueBool=False
2025-12-30 13:08:07.202 [INFO] [GW -> Client] GI-ME  CA=1, IOA=4356 ValueFloat=65.536 ValueBool=False
2025-12-30 13:08:07.218 [INFO] [GW -> Client] GI-ME  CA=1, IOA=4392 ValueFloat=131.294 ValueBool=False
2025-12-30 13:08:07.232 [INFO] [GW -> Client] GI-ME  CA=1, IOA=4394 ValueFloat=0.13000001 ValueBool=False
2025-12-30 13:08:07.247 [INFO] [GW -> Client] GI-ME  CA=1, IOA=4396 ValueFloat=65.536 ValueBool=False
2025-12-30 13:08:07.263 [INFO] [GW -> Client] GI-ME  CA=1, IOA=8322 ValueFloat=0 ValueBool=False
2025-12-30 13:08:07.278 [INFO] [GW -> Client] GI-ME  CA=1, IOA=8323 ValueFloat=0 ValueBool=False
2025-12-30 13:08:22.306 [INFO] [IEC104] Client 22735502 event = CLOSED
2025-12-30 13:08:23.315 [INFO] [IEC104] Connection request from 192.168.1.57
2025-12-30 13:08:23.371 [INFO] [Client->GW] => General Interrogation from SCADA
2025-12-30 13:08:23.387 [INFO] [GW -> Client] GI-ME  CA=1, IOA=4352 ValueFloat=131.442 ValueBool=False
2025-12-30 13:08:23.402 [INFO] [GW -> Client] GI-ME  CA=1, IOA=4354 ValueFloat=65.536 ValueBool=False
2025-12-30 13:08:23.418 [INFO] [GW -> Client] GI-ME  CA=1, IOA=4356 ValueFloat=65.536 ValueBool=False
2025-12-30 13:08:23.433 [INFO] [GW -> Client] GI-ME  CA=1, IOA=4392 ValueFloat=131.294 ValueBool=False
2025-12-30 13:08:23.448 [INFO] [GW -> Client] GI-ME  CA=1, IOA=4394 ValueFloat=0.13000001 ValueBool=False
2025-12-30 13:08:23.463 [INFO] [GW -> Client] GI-ME  CA=1, IOA=4396 ValueFloat=65.536 ValueBool=False
2025-12-30 13:08:23.478 [INFO] [GW -> Client] GI-ME  CA=1, IOA=8322 ValueFloat=0 ValueBool=False
2025-12-30 13:08:23.494 [INFO] [GW -> Client] GI-ME  CA=1, IOA=8323 ValueFloat=0 ValueBool=False
2025-12-30 13:08:38.517 [INFO] [IEC104] Client 6972790 event = CLOSED
2025-12-30 13:08:39.539 [INFO] [IEC104] Connection request from 192.168.1.57
2025-12-30 13:08:39.593 [INFO] [Client->GW] => General Interrogation from SCADA
2025-12-30 13:08:39.608 [INFO] [GW -> Client] GI-ME  CA=1, IOA=4352 ValueFloat=131.442 ValueBool=False
2025-12-30 13:08:39.623 [INFO] [GW -> Client] GI-ME  CA=1, IOA=4354 ValueFloat=65.536 ValueBool=False
2025-12-30 13:08:39.638 [INFO] [GW -> Client] GI-ME  CA=1, IOA=4356 ValueFloat=65.536 ValueBool=False
2025-12-30 13:08:39.655 [INFO] [GW -> Client] GI-ME  CA=1, IOA=4392 ValueFloat=131.294 ValueBool=False
2025-12-30 13:08:39.670 [INFO] [GW -> Client] GI-ME  CA=1, IOA=4394 ValueFloat=0.13000001 ValueBool=False
2025-12-30 13:08:39.685 [INFO] [GW -> Client] GI-ME  CA=1, IOA=4396 ValueFloat=65.536 ValueBool=False
2025-12-30 13:08:39.700 [INFO] [GW -> Client] GI-ME  CA=1, IOA=8322 ValueFloat=0 ValueBool=False
2025-12-30 13:08:39.717 [INFO] [GW -> Client] GI-ME  CA=1, IOA=8323 ValueFloat=0 ValueBool=False
2025-12-30 13:08:54.717 [INFO] [IEC104] Client 21017821 event = CLOSED
2025-12-30 13:08:55.727 [INFO] [IEC104] Connection request from 192.168.1.57
2025-12-30 13:08:55.781 [INFO] [Client->GW] => General Interrogation from SCADA
2025-12-30 13:08:55.797 [INFO] [GW -> Client] GI-ME  CA=1, IOA=4352 ValueFloat=131.442 ValueBool=False
2025-12-30 13:08:55.812 [INFO] [GW -> Client] GI-ME  CA=1, IOA=4354 ValueFloat=65.536 ValueBool=False
2025-12-30 13:08:55.827 [INFO] [GW -> Client] GI-ME  CA=1, IOA=4356 ValueFloat=65.536 ValueBool=False
2025-12-30 13:08:55.842 [INFO] [GW -> Client] GI-ME  CA=1, IOA=4392 ValueFloat=131.294 ValueBool=False
2025-12-30 13:08:55.858 [INFO] [GW -> Client] GI-ME  CA=1, IOA=4394 ValueFloat=0.13000001 ValueBool=False
2025-12-30 13:08:55.873 [INFO] [GW -> Client] GI-ME  CA=1, IOA=4396 ValueFloat=65.536 ValueBool=False
2025-12-30 13:08:55.888 [INFO] [GW -> Client] GI-ME  CA=1, IOA=8322 ValueFloat=0 ValueBool=False
2025-12-30 13:08:55.903 [INFO] [GW -> Client] GI-ME  CA=1, IOA=8323 ValueFloat=0 ValueBool=False
2025-12-30 13:09:10.917 [INFO] [IEC104] Client 15629470 event = CLOSED
2025-12-30 13:09:11.931 [INFO] [IEC104] Connection request from 192.168.1.57
2025-12-30 13:09:11.992 [INFO] [Client->GW] => General Interrogation from SCADA
2025-12-30 13:09:12.008 [INFO] [GW -> Client] GI-ME  CA=1, IOA=4352 ValueFloat=131.442 ValueBool=False
2025-12-30 13:09:12.024 [INFO] [GW -> Client] GI-ME  CA=1, IOA=4354 ValueFloat=65.536 ValueBool=False
2025-12-30 13:09:12.039 [INFO] [GW -> Client] GI-ME  CA=1, IOA=4356 ValueFloat=65.536 ValueBool=False
2025-12-30 13:09:12.054 [INFO] [GW -> Client] GI-ME  CA=1, IOA=4392 ValueFloat=131.294 ValueBool=False
2025-12-30 13:09:12.069 [INFO] [GW -> Client] GI-ME  CA=1, IOA=4394 ValueFloat=0.13000001 ValueBool=False
2025-12-30 13:09:12.085 [INFO] [GW -> Client] GI-ME  CA=1, IOA=4396 ValueFloat=65.536 ValueBool=False
2025-12-30 13:09:12.101 [INFO] [GW -> Client] GI-ME  CA=1, IOA=8322 ValueFloat=0 ValueBool=False
2025-12-30 13:09:12.116 [INFO] [GW -> Client] GI-ME  CA=1, IOA=8323 ValueFloat=0 ValueBool=False
2025-12-30 13:09:27.145 [INFO] [IEC104] Client 41647020 event = CLOSED
2025-12-30 13:09:28.156 [INFO] [IEC104] Connection request from 192.168.1.57
2025-12-30 13:09:28.210 [INFO] [Client->GW] => General Interrogation from SCADA
2025-12-30 13:09:28.227 [INFO] [GW -> Client] GI-ME  CA=1, IOA=4352 ValueFloat=131.442 ValueBool=False
2025-12-30 13:09:28.242 [INFO] [GW -> Client] GI-ME  CA=1, IOA=4354 ValueFloat=65.536 ValueBool=False
2025-12-30 13:09:28.257 [INFO] [GW -> Client] GI-ME  CA=1, IOA=4356 ValueFloat=65.536 ValueBool=False
2025-12-30 13:09:28.272 [INFO] [GW -> Client] GI-ME  CA=1, IOA=4392 ValueFloat=131.294 ValueBool=False
2025-12-30 13:09:28.287 [INFO] [GW -> Client] GI-ME  CA=1, IOA=4394 ValueFloat=0.13000001 ValueBool=False
2025-12-30 13:09:28.303 [INFO] [GW -> Client] GI-ME  CA=1, IOA=4396 ValueFloat=65.536 ValueBool=False
2025-12-30 13:09:28.318 [INFO] [GW -> Client] GI-ME  CA=1, IOA=8322 ValueFloat=0 ValueBool=False
2025-12-30 13:09:28.333 [INFO] [GW -> Client] GI-ME  CA=1, IOA=8323 ValueFloat=0 ValueBool=False
2025-12-30 13:09:43.343 [INFO] [IEC104] Client 15233211 event = CLOSED
2025-12-30 13:09:44.360 [INFO] [IEC104] Connection request from 192.168.1.57
2025-12-30 13:09:44.422 [INFO] [Client->GW] => General Interrogation from SCADA
2025-12-30 13:09:44.438 [INFO] [GW -> Client] GI-ME  CA=1, IOA=4352 ValueFloat=131.442 ValueBool=False
2025-12-30 13:09:44.454 [INFO] [GW -> Client] GI-ME  CA=1, IOA=4354 ValueFloat=65.536 ValueBool=False
2025-12-30 13:09:44.469 [INFO] [GW -> Client] GI-ME  CA=1, IOA=4356 ValueFloat=65.536 ValueBool=False
2025-12-30 13:09:44.485 [INFO] [GW -> Client] GI-ME  CA=1, IOA=4392 ValueFloat=131.294 ValueBool=False
2025-12-30 13:09:44.500 [INFO] [GW -> Client] GI-ME  CA=1, IOA=4394 ValueFloat=0.13000001 ValueBool=False
2025-12-30 13:09:44.516 [INFO] [GW -> Client] GI-ME  CA=1, IOA=4396 ValueFloat=65.536 ValueBool=False
2025-12-30 13:09:44.531 [INFO] [GW -> Client] GI-ME  CA=1, IOA=8322 ValueFloat=0 ValueBool=False
2025-12-30 13:09:44.546 [INFO] [GW -> Client] GI-ME  CA=1, IOA=8323 ValueFloat=0 ValueBool=False
2025-12-30 13:09:59.554 [INFO] [IEC104] Client 48571537 event = CLOSED
2025-12-30 13:10:00.563 [INFO] [IEC104] Connection request from 192.168.1.57
2025-12-30 13:10:00.620 [INFO] [Client->GW] => General Interrogation from SCADA
2025-12-30 13:10:00.636 [INFO] [GW -> Client] GI-ME  CA=1, IOA=4352 ValueFloat=131.442 ValueBool=False
2025-12-30 13:10:00.652 [INFO] [GW -> Client] GI-ME  CA=1, IOA=4354 ValueFloat=65.536 ValueBool=False
2025-12-30 13:10:00.666 [INFO] [GW -> Client] GI-ME  CA=1, IOA=4356 ValueFloat=65.536 ValueBool=False
2025-12-30 13:10:00.681 [INFO] [GW -> Client] GI-ME  CA=1, IOA=4392 ValueFloat=131.294 ValueBool=False
2025-12-30 13:10:00.696 [INFO] [GW -> Client] GI-ME  CA=1, IOA=4394 ValueFloat=0.13000001 ValueBool=False
2025-12-30 13:10:00.712 [INFO] [GW -> Client] GI-ME  CA=1, IOA=4396 ValueFloat=65.536 ValueBool=False
2025-12-30 13:10:00.728 [INFO] [GW -> Client] GI-ME  CA=1, IOA=8322 ValueFloat=0 ValueBool=False
2025-12-30 13:10:00.744 [INFO] [GW -> Client] GI-ME  CA=1, IOA=8323 ValueFloat=0 ValueBool=False
2025-12-30 13:10:15.749 [INFO] [IEC104] Client 60151154 event = CLOSED
2025-12-30 13:10:16.759 [INFO] [IEC104] Connection request from 192.168.1.57
2025-12-30 13:10:16.825 [INFO] [Client->GW] => General Interrogation from SCADA
2025-12-30 13:10:16.841 [INFO] [GW -> Client] GI-ME  CA=1, IOA=4352 ValueFloat=131.442 ValueBool=False
2025-12-30 13:10:16.856 [INFO] [GW -> Client] GI-ME  CA=1, IOA=4354 ValueFloat=65.536 ValueBool=False
2025-12-30 13:10:16.871 [INFO] [GW -> Client] GI-ME  CA=1, IOA=4356 ValueFloat=65.536 ValueBool=False
2025-12-30 13:10:16.886 [INFO] [GW -> Client] GI-ME  CA=1, IOA=4392 ValueFloat=131.294 ValueBool=False
2025-12-30 13:10:16.901 [INFO] [GW -> Client] GI-ME  CA=1, IOA=4394 ValueFloat=0.13000001 ValueBool=False
2025-12-30 13:10:16.917 [INFO] [GW -> Client] GI-ME  CA=1, IOA=4396 ValueFloat=65.536 ValueBool=False
2025-12-30 13:10:16.933 [INFO] [GW -> Client] GI-ME  CA=1, IOA=8322 ValueFloat=0 ValueBool=False
2025-12-30 13:10:16.948 [INFO] [GW -> Client] GI-ME  CA=1, IOA=8323 ValueFloat=0 ValueBool=False
2025-12-30 13:10:31.978 [INFO] [IEC104] Client 17641963 event = CLOSED
2025-12-30 13:10:32.997 [INFO] [IEC104] Connection request from 192.168.1.57
2025-12-30 13:10:33.056 [INFO] [Client->GW] => General Interrogation from SCADA
2025-12-30 13:10:33.072 [INFO] [GW -> Client] GI-ME  CA=1, IOA=4352 ValueFloat=131.442 ValueBool=False
2025-12-30 13:10:33.087 [INFO] [GW -> Client] GI-ME  CA=1, IOA=4354 ValueFloat=65.536 ValueBool=False
2025-12-30 13:10:33.102 [INFO] [GW -> Client] GI-ME  CA=1, IOA=4356 ValueFloat=65.536 ValueBool=False
2025-12-30 13:10:33.117 [INFO] [GW -> Client] GI-ME  CA=1, IOA=4392 ValueFloat=131.294 ValueBool=False
2025-12-30 13:10:33.132 [INFO] [GW -> Client] GI-ME  CA=1, IOA=4394 ValueFloat=0.13000001 ValueBool=False
2025-12-30 13:10:33.147 [INFO] [GW -> Client] GI-ME  CA=1, IOA=4396 ValueFloat=65.536 ValueBool=False
2025-12-30 13:10:33.163 [INFO] [GW -> Client] GI-ME  CA=1, IOA=8322 ValueFloat=0 ValueBool=False
2025-12-30 13:10:33.178 [INFO] [GW -> Client] GI-ME  CA=1, IOA=8323 ValueFloat=0 ValueBool=False
2025-12-30 13:10:48.208 [INFO] [IEC104] Client 20082955 event = CLOSED
2025-12-30 13:10:49.222 [INFO] [IEC104] Connection request from 192.168.1.57
2025-12-30 13:10:49.284 [INFO] [Client->GW] => General Interrogation from SCADA
2025-12-30 13:10:49.300 [INFO] [GW -> Client] GI-ME  CA=1, IOA=4352 ValueFloat=131.442 ValueBool=False
2025-12-30 13:10:49.315 [INFO] [GW -> Client] GI-ME  CA=1, IOA=4354 ValueFloat=65.536 ValueBool=False
2025-12-30 13:10:49.331 [INFO] [GW -> Client] GI-ME  CA=1, IOA=4356 ValueFloat=65.536 ValueBool=False
2025-12-30 13:10:49.347 [INFO] [GW -> Client] GI-ME  CA=1, IOA=4392 ValueFloat=131.294 ValueBool=False
2025-12-30 13:10:49.362 [INFO] [GW -> Client] GI-ME  CA=1, IOA=4394 ValueFloat=0.13000001 ValueBool=False
2025-12-30 13:10:49.378 [INFO] [GW -> Client] GI-ME  CA=1, IOA=4396 ValueFloat=65.536 ValueBool=False
2025-12-30 13:10:49.393 [INFO] [GW -> Client] GI-ME  CA=1, IOA=8322 ValueFloat=0 ValueBool=False
2025-12-30 13:10:49.408 [INFO] [GW -> Client] GI-ME  CA=1, IOA=8323 ValueFloat=0 ValueBool=False
2025-12-30 13:11:04.414 [INFO] [IEC104] Client 44200496 event = CLOSED
2025-12-30 13:11:05.438 [INFO] [IEC104] Connection request from 192.168.1.57
2025-12-30 13:11:05.490 [INFO] [Client->GW] => General Interrogation from SCADA
2025-12-30 13:11:05.506 [INFO] [GW -> Client] GI-ME  CA=1, IOA=4352 ValueFloat=131.442 ValueBool=False
2025-12-30 13:11:05.521 [INFO] [GW -> Client] GI-ME  CA=1, IOA=4354 ValueFloat=65.536 ValueBool=False
2025-12-30 13:11:05.537 [INFO] [GW -> Client] GI-ME  CA=1, IOA=4356 ValueFloat=65.536 ValueBool=False
2025-12-30 13:11:05.553 [INFO] [GW -> Client] GI-ME  CA=1, IOA=4392 ValueFloat=131.294 ValueBool=False
2025-12-30 13:11:05.568 [INFO] [GW -> Client] GI-ME  CA=1, IOA=4394 ValueFloat=0.13000001 ValueBool=False
2025-12-30 13:11:05.584 [INFO] [GW -> Client] GI-ME  CA=1, IOA=4396 ValueFloat=65.536 ValueBool=False
2025-12-30 13:11:05.600 [INFO] [GW -> Client] GI-ME  CA=1, IOA=8322 ValueFloat=0 ValueBool=False
2025-12-30 13:11:05.615 [INFO] [GW -> Client] GI-ME  CA=1, IOA=8323 ValueFloat=0 ValueBool=False
2025-12-30 13:11:20.634 [INFO] [IEC104] Client 45031764 event = CLOSED
2025-12-30 13:11:21.644 [INFO] [IEC104] Connection request from 192.168.1.57
2025-12-30 13:11:21.708 [INFO] [Client->GW] => General Interrogation from SCADA
2025-12-30 13:11:21.724 [INFO] [GW -> Client] GI-ME  CA=1, IOA=4352 ValueFloat=131.442 ValueBool=False
2025-12-30 13:11:21.740 [INFO] [GW -> Client] GI-ME  CA=1, IOA=4354 ValueFloat=65.536 ValueBool=False
2025-12-30 13:11:21.754 [INFO] [GW -> Client] GI-ME  CA=1, IOA=4356 ValueFloat=65.536 ValueBool=False
2025-12-30 13:11:21.771 [INFO] [GW -> Client] GI-ME  CA=1, IOA=4392 ValueFloat=131.294 ValueBool=False
2025-12-30 13:11:21.786 [INFO] [GW -> Client] GI-ME  CA=1, IOA=4394 ValueFloat=0.13000001 ValueBool=False
2025-12-30 13:11:21.801 [INFO] [GW -> Client] GI-ME  CA=1, IOA=4396 ValueFloat=65.536 ValueBool=False
2025-12-30 13:11:21.817 [INFO] [GW -> Client] GI-ME  CA=1, IOA=8322 ValueFloat=0 ValueBool=False
2025-12-30 13:11:21.832 [INFO] [GW -> Client] GI-ME  CA=1, IOA=8323 ValueFloat=0 ValueBool=False
2025-12-30 13:11:36.837 [INFO] [IEC104] Client 21062350 event = CLOSED
2025-12-30 13:11:37.857 [INFO] [IEC104] Connection request from 192.168.1.57
2025-12-30 13:11:37.919 [INFO] [Client->GW] => General Interrogation from SCADA
2025-12-30 13:11:37.934 [INFO] [GW -> Client] GI-ME  CA=1, IOA=4352 ValueFloat=131.442 ValueBool=False
2025-12-30 13:11:37.950 [INFO] [GW -> Client] GI-ME  CA=1, IOA=4354 ValueFloat=65.536 ValueBool=False
2025-12-30 13:11:37.965 [INFO] [GW -> Client] GI-ME  CA=1, IOA=4356 ValueFloat=65.536 ValueBool=False
2025-12-30 13:11:37.981 [INFO] [GW -> Client] GI-ME  CA=1, IOA=4392 ValueFloat=131.294 ValueBool=False
2025-12-30 13:11:37.996 [INFO] [GW -> Client] GI-ME  CA=1, IOA=4394 ValueFloat=0.13000001 ValueBool=False
2025-12-30 13:11:38.011 [INFO] [GW -> Client] GI-ME  CA=1, IOA=4396 ValueFloat=65.536 ValueBool=False
2025-12-30 13:11:38.026 [INFO] [GW -> Client] GI-ME  CA=1, IOA=8322 ValueFloat=0 ValueBool=False
2025-12-30 13:11:38.042 [INFO] [GW -> Client] GI-ME  CA=1, IOA=8323 ValueFloat=0 ValueBool=False
2025-12-30 13:11:53.048 [INFO] [IEC104] Client 63246188 event = CLOSED
2025-12-30 13:11:54.059 [INFO] [IEC104] Connection request from 192.168.1.57
2025-12-30 13:11:54.124 [INFO] [Client->GW] => General Interrogation from SCADA
2025-12-30 13:11:54.140 [INFO] [GW -> Client] GI-ME  CA=1, IOA=4352 ValueFloat=131.442 ValueBool=False
2025-12-30 13:11:54.156 [INFO] [GW -> Client] GI-ME  CA=1, IOA=4354 ValueFloat=65.536 ValueBool=False
2025-12-30 13:11:54.171 [INFO] [GW -> Client] GI-ME  CA=1, IOA=4356 ValueFloat=65.536 ValueBool=False
2025-12-30 13:11:54.188 [INFO] [GW -> Client] GI-ME  CA=1, IOA=4392 ValueFloat=131.294 ValueBool=False
2025-12-30 13:11:54.203 [INFO] [GW -> Client] GI-ME  CA=1, IOA=4394 ValueFloat=0.13000001 ValueBool=False
2025-12-30 13:11:54.218 [INFO] [GW -> Client] GI-ME  CA=1, IOA=4396 ValueFloat=65.536 ValueBool=False
2025-12-30 13:11:54.233 [INFO] [GW -> Client] GI-ME  CA=1, IOA=8322 ValueFloat=0 ValueBool=False
2025-12-30 13:11:54.248 [INFO] [GW -> Client] GI-ME  CA=1, IOA=8323 ValueFloat=0 ValueBool=False
2025-12-30 13:12:09.249 [INFO] [IEC104] Client 64740315 event = CLOSED
2025-12-30 13:12:10.270 [INFO] [IEC104] Connection request from 192.168.1.57
2025-12-30 13:12:10.327 [INFO] [Client->GW] => General Interrogation from SCADA
2025-12-30 13:12:10.342 [INFO] [GW -> Client] GI-ME  CA=1, IOA=4352 ValueFloat=131.442 ValueBool=False
2025-12-30 13:12:10.359 [INFO] [GW -> Client] GI-ME  CA=1, IOA=4354 ValueFloat=65.536 ValueBool=False
2025-12-30 13:12:10.375 [INFO] [GW -> Client] GI-ME  CA=1, IOA=4356 ValueFloat=65.536 ValueBool=False
2025-12-30 13:12:10.391 [INFO] [GW -> Client] GI-ME  CA=1, IOA=4392 ValueFloat=131.294 ValueBool=False
2025-12-30 13:12:10.406 [INFO] [GW -> Client] GI-ME  CA=1, IOA=4394 ValueFloat=0.13000001 ValueBool=False
2025-12-30 13:12:10.422 [INFO] [GW -> Client] GI-ME  CA=1, IOA=4396 ValueFloat=65.536 ValueBool=False
2025-12-30 13:12:10.438 [INFO] [GW -> Client] GI-ME  CA=1, IOA=8322 ValueFloat=0 ValueBool=False
2025-12-30 13:12:10.454 [INFO] [GW -> Client] GI-ME  CA=1, IOA=8323 ValueFloat=0 ValueBool=False
2025-12-30 13:12:25.475 [INFO] [IEC104] Client 11951392 event = CLOSED
2025-12-30 13:12:26.491 [INFO] [IEC104] Connection request from 192.168.1.57
2025-12-30 13:12:26.553 [INFO] [Client->GW] => General Interrogation from SCADA
2025-12-30 13:12:26.568 [INFO] [GW -> Client] GI-ME  CA=1, IOA=4352 ValueFloat=131.442 ValueBool=False
2025-12-30 13:12:26.584 [INFO] [GW -> Client] GI-ME  CA=1, IOA=4354 ValueFloat=65.536 ValueBool=False
2025-12-30 13:12:26.599 [INFO] [GW -> Client] GI-ME  CA=1, IOA=4356 ValueFloat=65.536 ValueBool=False
2025-12-30 13:12:26.615 [INFO] [GW -> Client] GI-ME  CA=1, IOA=4392 ValueFloat=131.294 ValueBool=False
2025-12-30 13:12:26.630 [INFO] [GW -> Client] GI-ME  CA=1, IOA=4394 ValueFloat=0.13000001 ValueBool=False
2025-12-30 13:12:26.645 [INFO] [GW -> Client] GI-ME  CA=1, IOA=4396 ValueFloat=65.536 ValueBool=False
2025-12-30 13:12:26.660 [INFO] [GW -> Client] GI-ME  CA=1, IOA=8322 ValueFloat=0 ValueBool=False
2025-12-30 13:12:26.676 [INFO] [GW -> Client] GI-ME  CA=1, IOA=8323 ValueFloat=0 ValueBool=False
2025-12-30 13:12:41.683 [INFO] [IEC104] Client 47085181 event = CLOSED
2025-12-30 13:12:42.704 [INFO] [IEC104] Connection request from 192.168.1.57
2025-12-30 13:12:42.766 [INFO] [Client->GW] => General Interrogation from SCADA
2025-12-30 13:12:42.781 [INFO] [GW -> Client] GI-ME  CA=1, IOA=4352 ValueFloat=131.442 ValueBool=False
2025-12-30 13:12:42.797 [INFO] [GW -> Client] GI-ME  CA=1, IOA=4354 ValueFloat=65.536 ValueBool=False
2025-12-30 13:12:42.812 [INFO] [GW -> Client] GI-ME  CA=1, IOA=4356 ValueFloat=65.536 ValueBool=False
2025-12-30 13:12:42.828 [INFO] [GW -> Client] GI-ME  CA=1, IOA=4392 ValueFloat=131.294 ValueBool=False
2025-12-30 13:12:42.843 [INFO] [GW -> Client] GI-ME  CA=1, IOA=4394 ValueFloat=0.13000001 ValueBool=False
2025-12-30 13:12:42.859 [INFO] [GW -> Client] GI-ME  CA=1, IOA=4396 ValueFloat=65.536 ValueBool=False
2025-12-30 13:12:42.874 [INFO] [GW -> Client] GI-ME  CA=1, IOA=8322 ValueFloat=0 ValueBool=False
2025-12-30 13:12:42.889 [INFO] [GW -> Client] GI-ME  CA=1, IOA=8323 ValueFloat=0 ValueBool=False
2025-12-30 13:22:16.440 [INFO] [IEC104] Client 50416079 event = CLOSED
2025-12-30 13:22:28.290 [INFO] [IEC104] Connection request from 192.168.1.57
2025-12-30 13:22:28.350 [INFO] [Client->GW] => General Interrogation from SCADA
2025-12-30 13:22:28.366 [INFO] [GW -> Client] GI-ME  CA=1, IOA=4352 ValueFloat=131.442 ValueBool=False
2025-12-30 13:22:28.382 [INFO] [GW -> Client] GI-ME  CA=1, IOA=4354 ValueFloat=65.536 ValueBool=False
2025-12-30 13:22:28.397 [INFO] [GW -> Client] GI-ME  CA=1, IOA=4356 ValueFloat=65.536 ValueBool=False
2025-12-30 13:22:28.413 [INFO] [GW -> Client] GI-ME  CA=1, IOA=4392 ValueFloat=131.294 ValueBool=False
2025-12-30 13:22:28.428 [INFO] [GW -> Client] GI-ME  CA=1, IOA=4394 ValueFloat=0.13000001 ValueBool=False
2025-12-30 13:22:28.443 [INFO] [GW -> Client] GI-ME  CA=1, IOA=4396 ValueFloat=65.536 ValueBool=False
2025-12-30 13:22:28.458 [INFO] [GW -> Client] GI-ME  CA=1, IOA=8322 ValueFloat=0 ValueBool=False
2025-12-30 13:22:28.474 [INFO] [GW -> Client] GI-ME  CA=1, IOA=8323 ValueFloat=0 ValueBool=False
2025-12-30 13:22:43.483 [INFO] [IEC104] Client 58165921 event = CLOSED
2025-12-30 13:22:44.496 [INFO] [IEC104] Connection request from 192.168.1.57
2025-12-30 13:22:44.553 [INFO] [Client->GW] => General Interrogation from SCADA
2025-12-30 13:22:44.569 [INFO] [GW -> Client] GI-ME  CA=1, IOA=4352 ValueFloat=131.442 ValueBool=False
2025-12-30 13:22:44.584 [INFO] [GW -> Client] GI-ME  CA=1, IOA=4354 ValueFloat=65.536 ValueBool=False
2025-12-30 13:22:44.599 [INFO] [GW -> Client] GI-ME  CA=1, IOA=4356 ValueFloat=65.536 ValueBool=False
2025-12-30 13:22:44.615 [INFO] [GW -> Client] GI-ME  CA=1, IOA=4392 ValueFloat=131.294 ValueBool=False
2025-12-30 13:22:44.630 [INFO] [GW -> Client] GI-ME  CA=1, IOA=4394 ValueFloat=0.13000001 ValueBool=False
2025-12-30 13:22:44.645 [INFO] [GW -> Client] GI-ME  CA=1, IOA=4396 ValueFloat=65.536 ValueBool=False
2025-12-30 13:22:44.660 [INFO] [GW -> Client] GI-ME  CA=1, IOA=8322 ValueFloat=0 ValueBool=False
2025-12-30 13:22:44.677 [INFO] [GW -> Client] GI-ME  CA=1, IOA=8323 ValueFloat=0 ValueBool=False
2025-12-30 13:22:59.691 [INFO] [IEC104] Client 57314442 event = CLOSED
2025-12-30 13:23:00.715 [INFO] [IEC104] Connection request from 192.168.1.57
2025-12-30 13:23:00.770 [INFO] [Client->GW] => General Interrogation from SCADA
2025-12-30 13:23:00.785 [INFO] [GW -> Client] GI-ME  CA=1, IOA=4352 ValueFloat=131.442 ValueBool=False
2025-12-30 13:23:00.801 [INFO] [GW -> Client] GI-ME  CA=1, IOA=4354 ValueFloat=65.536 ValueBool=False
2025-12-30 13:23:00.815 [INFO] [GW -> Client] GI-ME  CA=1, IOA=4356 ValueFloat=65.536 ValueBool=False
2025-12-30 13:23:00.830 [INFO] [GW -> Client] GI-ME  CA=1, IOA=4392 ValueFloat=131.294 ValueBool=False
2025-12-30 13:23:00.846 [INFO] [GW -> Client] GI-ME  CA=1, IOA=4394 ValueFloat=0.13000001 ValueBool=False
2025-12-30 13:23:00.861 [INFO] [GW -> Client] GI-ME  CA=1, IOA=4396 ValueFloat=65.536 ValueBool=False
2025-12-30 13:23:00.876 [INFO] [GW -> Client] GI-ME  CA=1, IOA=8322 ValueFloat=0 ValueBool=False
2025-12-30 13:23:00.891 [INFO] [GW -> Client] GI-ME  CA=1, IOA=8323 ValueFloat=0 ValueBool=False
2025-12-30 13:23:15.900 [INFO] [IEC104] Client 3462206 event = CLOSED
2025-12-30 13:23:16.912 [INFO] [IEC104] Connection request from 192.168.1.57
2025-12-30 13:23:16.978 [INFO] [Client->GW] => General Interrogation from SCADA
2025-12-30 13:23:16.995 [INFO] [GW -> Client] GI-ME  CA=1, IOA=4352 ValueFloat=131.442 ValueBool=False
2025-12-30 13:23:17.010 [INFO] [GW -> Client] GI-ME  CA=1, IOA=4354 ValueFloat=65.536 ValueBool=False
2025-12-30 13:23:17.025 [INFO] [GW -> Client] GI-ME  CA=1, IOA=4356 ValueFloat=65.536 ValueBool=False
2025-12-30 13:23:17.040 [INFO] [GW -> Client] GI-ME  CA=1, IOA=4392 ValueFloat=131.294 ValueBool=False
2025-12-30 13:23:17.056 [INFO] [GW -> Client] GI-ME  CA=1, IOA=4394 ValueFloat=0.13000001 ValueBool=False
2025-12-30 13:23:17.071 [INFO] [GW -> Client] GI-ME  CA=1, IOA=4396 ValueFloat=65.536 ValueBool=False
2025-12-30 13:23:17.087 [INFO] [GW -> Client] GI-ME  CA=1, IOA=8322 ValueFloat=0 ValueBool=False
2025-12-30 13:23:17.101 [INFO] [GW -> Client] GI-ME  CA=1, IOA=8323 ValueFloat=0 ValueBool=False
2025-12-30 13:23:32.111 [INFO] [IEC104] Client 16810109 event = CLOSED
2025-12-30 13:23:33.125 [INFO] [IEC104] Connection request from 192.168.1.57
2025-12-30 13:23:33.182 [INFO] [Client->GW] => General Interrogation from SCADA
2025-12-30 13:23:33.198 [INFO] [GW -> Client] GI-ME  CA=1, IOA=4352 ValueFloat=131.442 ValueBool=False
2025-12-30 13:23:33.214 [INFO] [GW -> Client] GI-ME  CA=1, IOA=4354 ValueFloat=65.536 ValueBool=False
2025-12-30 13:23:33.229 [INFO] [GW -> Client] GI-ME  CA=1, IOA=4356 ValueFloat=65.536 ValueBool=False
2025-12-30 13:23:33.244 [INFO] [GW -> Client] GI-ME  CA=1, IOA=4392 ValueFloat=131.294 ValueBool=False
2025-12-30 13:23:33.259 [INFO] [GW -> Client] GI-ME  CA=1, IOA=4394 ValueFloat=0.13000001 ValueBool=False
2025-12-30 13:23:33.275 [INFO] [GW -> Client] GI-ME  CA=1, IOA=4396 ValueFloat=65.536 ValueBool=False
2025-12-30 13:23:33.290 [INFO] [GW -> Client] GI-ME  CA=1, IOA=8322 ValueFloat=0 ValueBool=False
2025-12-30 13:23:33.306 [INFO] [GW -> Client] GI-ME  CA=1, IOA=8323 ValueFloat=0 ValueBool=False
2025-12-30 13:23:48.324 [INFO] [IEC104] Client 45753643 event = CLOSED
2025-12-30 13:23:49.345 [INFO] [IEC104] Connection request from 192.168.1.57
2025-12-30 13:23:49.412 [INFO] [Client->GW] => General Interrogation from SCADA
2025-12-30 13:23:49.427 [INFO] [GW -> Client] GI-ME  CA=1, IOA=4352 ValueFloat=131.442 ValueBool=False
2025-12-30 13:23:49.443 [INFO] [GW -> Client] GI-ME  CA=1, IOA=4354 ValueFloat=65.536 ValueBool=False
2025-12-30 13:23:49.459 [INFO] [GW -> Client] GI-ME  CA=1, IOA=4356 ValueFloat=65.536 ValueBool=False
2025-12-30 13:23:49.474 [INFO] [GW -> Client] GI-ME  CA=1, IOA=4392 ValueFloat=131.294 ValueBool=False
2025-12-30 13:23:49.490 [INFO] [GW -> Client] GI-ME  CA=1, IOA=4394 ValueFloat=0.13000001 ValueBool=False
2025-12-30 13:23:49.506 [INFO] [GW -> Client] GI-ME  CA=1, IOA=4396 ValueFloat=65.536 ValueBool=False
2025-12-30 13:23:49.522 [INFO] [GW -> Client] GI-ME  CA=1, IOA=8322 ValueFloat=0 ValueBool=False
2025-12-30 13:23:49.537 [INFO] [GW -> Client] GI-ME  CA=1, IOA=8323 ValueFloat=0 ValueBool=False
2025-12-30 13:24:04.548 [INFO] [IEC104] Client 10022503 event = CLOSED
2025-12-30 13:24:05.566 [INFO] [IEC104] Connection request from 192.168.1.57
2025-12-30 13:24:05.625 [INFO] [Client->GW] => General Interrogation from SCADA
2025-12-30 13:24:05.642 [INFO] [GW -> Client] GI-ME  CA=1, IOA=4352 ValueFloat=131.442 ValueBool=False
2025-12-30 13:24:05.657 [INFO] [GW -> Client] GI-ME  CA=1, IOA=4354 ValueFloat=65.536 ValueBool=False
2025-12-30 13:24:05.673 [INFO] [GW -> Client] GI-ME  CA=1, IOA=4356 ValueFloat=65.536 ValueBool=False
2025-12-30 13:24:05.689 [INFO] [GW -> Client] GI-ME  CA=1, IOA=4392 ValueFloat=131.294 ValueBool=False
2025-12-30 13:24:05.704 [INFO] [GW -> Client] GI-ME  CA=1, IOA=4394 ValueFloat=0.13000001 ValueBool=False
2025-12-30 13:24:05.719 [INFO] [GW -> Client] GI-ME  CA=1, IOA=4396 ValueFloat=65.536 ValueBool=False
2025-12-30 13:24:05.734 [INFO] [GW -> Client] GI-ME  CA=1, IOA=8322 ValueFloat=0 ValueBool=False
2025-12-30 13:24:05.749 [INFO] [GW -> Client] GI-ME  CA=1, IOA=8323 ValueFloat=0 ValueBool=False
2025-12-30 13:24:20.776 [INFO] [IEC104] Client 27007624 event = CLOSED
2025-12-30 13:24:21.794 [INFO] [IEC104] Connection request from 192.168.1.57
2025-12-30 13:24:21.852 [INFO] [Client->GW] => General Interrogation from SCADA
2025-12-30 13:24:21.868 [INFO] [GW -> Client] GI-ME  CA=1, IOA=4352 ValueFloat=131.442 ValueBool=False
2025-12-30 13:24:21.883 [INFO] [GW -> Client] GI-ME  CA=1, IOA=4354 ValueFloat=65.536 ValueBool=False
2025-12-30 13:24:21.899 [INFO] [GW -> Client] GI-ME  CA=1, IOA=4356 ValueFloat=65.536 ValueBool=False
2025-12-30 13:24:21.914 [INFO] [GW -> Client] GI-ME  CA=1, IOA=4392 ValueFloat=131.294 ValueBool=False
2025-12-30 13:24:21.930 [INFO] [GW -> Client] GI-ME  CA=1, IOA=4394 ValueFloat=0.13000001 ValueBool=False
2025-12-30 13:24:21.946 [INFO] [GW -> Client] GI-ME  CA=1, IOA=4396 ValueFloat=65.536 ValueBool=False
2025-12-30 13:24:21.961 [INFO] [GW -> Client] GI-ME  CA=1, IOA=8322 ValueFloat=0 ValueBool=False
2025-12-30 13:24:21.976 [INFO] [GW -> Client] GI-ME  CA=1, IOA=8323 ValueFloat=0 ValueBool=False
2025-12-30 13:24:36.978 [INFO] [IEC104] Client 65215019 event = CLOSED
2025-12-30 13:24:37.990 [INFO] [IEC104] Connection request from 192.168.1.57
2025-12-30 13:24:38.043 [INFO] [Client->GW] => General Interrogation from SCADA
2025-12-30 13:24:38.059 [INFO] [GW -> Client] GI-ME  CA=1, IOA=4352 ValueFloat=131.442 ValueBool=False
2025-12-30 13:24:38.074 [INFO] [GW -> Client] GI-ME  CA=1, IOA=4354 ValueFloat=65.536 ValueBool=False
2025-12-30 13:24:38.090 [INFO] [GW -> Client] GI-ME  CA=1, IOA=4356 ValueFloat=65.536 ValueBool=False
2025-12-30 13:24:38.105 [INFO] [GW -> Client] GI-ME  CA=1, IOA=4392 ValueFloat=131.294 ValueBool=False
2025-12-30 13:24:38.121 [INFO] [GW -> Client] GI-ME  CA=1, IOA=4394 ValueFloat=0.13000001 ValueBool=False
2025-12-30 13:24:38.136 [INFO] [GW -> Client] GI-ME  CA=1, IOA=4396 ValueFloat=65.536 ValueBool=False
2025-12-30 13:24:38.152 [INFO] [GW -> Client] GI-ME  CA=1, IOA=8322 ValueFloat=0 ValueBool=False
2025-12-30 13:24:38.167 [INFO] [GW -> Client] GI-ME  CA=1, IOA=8323 ValueFloat=0 ValueBool=False
2025-12-30 13:24:53.182 [INFO] [IEC104] Client 45887000 event = CLOSED
2025-12-30 13:24:54.194 [INFO] [IEC104] Connection request from 192.168.1.57
2025-12-30 13:24:54.259 [INFO] [Client->GW] => General Interrogation from SCADA
2025-12-30 13:24:54.276 [INFO] [GW -> Client] GI-ME  CA=1, IOA=4352 ValueFloat=131.442 ValueBool=False
2025-12-30 13:24:54.291 [INFO] [GW -> Client] GI-ME  CA=1, IOA=4354 ValueFloat=65.536 ValueBool=False
2025-12-30 13:24:54.306 [INFO] [GW -> Client] GI-ME  CA=1, IOA=4356 ValueFloat=65.536 ValueBool=False
2025-12-30 13:24:54.321 [INFO] [GW -> Client] GI-ME  CA=1, IOA=4392 ValueFloat=131.294 ValueBool=False
2025-12-30 13:24:54.337 [INFO] [GW -> Client] GI-ME  CA=1, IOA=4394 ValueFloat=0.13000001 ValueBool=False
2025-12-30 13:24:54.352 [INFO] [GW -> Client] GI-ME  CA=1, IOA=4396 ValueFloat=65.536 ValueBool=False
2025-12-30 13:24:54.367 [INFO] [GW -> Client] GI-ME  CA=1, IOA=8322 ValueFloat=0 ValueBool=False
2025-12-30 13:24:54.382 [INFO] [GW -> Client] GI-ME  CA=1, IOA=8323 ValueFloat=0 ValueBool=False
2025-12-30 13:25:09.410 [INFO] [IEC104] Client 21362772 event = CLOSED
2025-12-30 13:25:10.429 [INFO] [IEC104] Connection request from 192.168.1.57
2025-12-30 13:25:10.483 [INFO] [Client->GW] => General Interrogation from SCADA
2025-12-30 13:25:10.499 [INFO] [GW -> Client] GI-ME  CA=1, IOA=4352 ValueFloat=131.442 ValueBool=False
2025-12-30 13:25:10.513 [INFO] [GW -> Client] GI-ME  CA=1, IOA=4354 ValueFloat=65.536 ValueBool=False
2025-12-30 13:25:10.528 [INFO] [GW -> Client] GI-ME  CA=1, IOA=4356 ValueFloat=65.536 ValueBool=False
2025-12-30 13:25:10.545 [INFO] [GW -> Client] GI-ME  CA=1, IOA=4392 ValueFloat=131.294 ValueBool=False
2025-12-30 13:25:10.560 [INFO] [GW -> Client] GI-ME  CA=1, IOA=4394 ValueFloat=0.13000001 ValueBool=False
2025-12-30 13:25:10.576 [INFO] [GW -> Client] GI-ME  CA=1, IOA=4396 ValueFloat=65.536 ValueBool=False
2025-12-30 13:25:10.591 [INFO] [GW -> Client] GI-ME  CA=1, IOA=8322 ValueFloat=0 ValueBool=False
2025-12-30 13:25:10.606 [INFO] [GW -> Client] GI-ME  CA=1, IOA=8323 ValueFloat=0 ValueBool=False
2025-12-30 13:25:25.607 [INFO] [IEC104] Client 66786106 event = CLOSED
2025-12-30 13:25:26.627 [INFO] [IEC104] Connection request from 192.168.1.57
2025-12-30 13:25:26.681 [INFO] [Client->GW] => General Interrogation from SCADA
2025-12-30 13:25:26.697 [INFO] [GW -> Client] GI-ME  CA=1, IOA=4352 ValueFloat=131.442 ValueBool=False
2025-12-30 13:25:26.712 [INFO] [GW -> Client] GI-ME  CA=1, IOA=4354 ValueFloat=65.536 ValueBool=False
2025-12-30 13:25:26.728 [INFO] [GW -> Client] GI-ME  CA=1, IOA=4356 ValueFloat=65.536 ValueBool=False
2025-12-30 13:25:26.744 [INFO] [GW -> Client] GI-ME  CA=1, IOA=4392 ValueFloat=131.294 ValueBool=False
2025-12-30 13:25:26.759 [INFO] [GW -> Client] GI-ME  CA=1, IOA=4394 ValueFloat=0.13000001 ValueBool=False
2025-12-30 13:25:26.774 [INFO] [GW -> Client] GI-ME  CA=1, IOA=4396 ValueFloat=65.536 ValueBool=False
2025-12-30 13:25:26.790 [INFO] [GW -> Client] GI-ME  CA=1, IOA=8322 ValueFloat=0 ValueBool=False
2025-12-30 13:25:26.805 [INFO] [GW -> Client] GI-ME  CA=1, IOA=8323 ValueFloat=0 ValueBool=False
2025-12-30 13:25:41.811 [INFO] [IEC104] Client 5588822 event = CLOSED
2025-12-30 13:25:42.820 [INFO] [IEC104] Connection request from 192.168.1.57
2025-12-30 13:25:42.886 [INFO] [Client->GW] => General Interrogation from SCADA
2025-12-30 13:25:42.902 [INFO] [GW -> Client] GI-ME  CA=1, IOA=4352 ValueFloat=131.442 ValueBool=False
2025-12-30 13:25:42.917 [INFO] [GW -> Client] GI-ME  CA=1, IOA=4354 ValueFloat=65.536 ValueBool=False
2025-12-30 13:25:42.932 [INFO] [GW -> Client] GI-ME  CA=1, IOA=4356 ValueFloat=65.536 ValueBool=False
2025-12-30 13:25:42.947 [INFO] [GW -> Client] GI-ME  CA=1, IOA=4392 ValueFloat=131.294 ValueBool=False
2025-12-30 13:25:42.963 [INFO] [GW -> Client] GI-ME  CA=1, IOA=4394 ValueFloat=0.13000001 ValueBool=False
2025-12-30 13:25:42.978 [INFO] [GW -> Client] GI-ME  CA=1, IOA=4396 ValueFloat=65.536 ValueBool=False
2025-12-30 13:25:42.993 [INFO] [GW -> Client] GI-ME  CA=1, IOA=8322 ValueFloat=0 ValueBool=False
2025-12-30 13:25:43.008 [INFO] [GW -> Client] GI-ME  CA=1, IOA=8323 ValueFloat=0 ValueBool=False
2025-12-30 13:25:58.036 [INFO] [IEC104] Client 53352726 event = CLOSED
2025-12-30 13:25:59.062 [INFO] [IEC104] Connection request from 192.168.1.57
2025-12-30 13:25:59.127 [INFO] [Client->GW] => General Interrogation from SCADA
2025-12-30 13:25:59.143 [INFO] [GW -> Client] GI-ME  CA=1, IOA=4352 ValueFloat=131.442 ValueBool=False
2025-12-30 13:25:59.159 [INFO] [GW -> Client] GI-ME  CA=1, IOA=4354 ValueFloat=65.536 ValueBool=False
2025-12-30 13:25:59.175 [INFO] [GW -> Client] GI-ME  CA=1, IOA=4356 ValueFloat=65.536 ValueBool=False
2025-12-30 13:25:59.191 [INFO] [GW -> Client] GI-ME  CA=1, IOA=4392 ValueFloat=131.294 ValueBool=False
2025-12-30 13:25:59.206 [INFO] [GW -> Client] GI-ME  CA=1, IOA=4394 ValueFloat=0.13000001 ValueBool=False
2025-12-30 13:25:59.222 [INFO] [GW -> Client] GI-ME  CA=1, IOA=4396 ValueFloat=65.536 ValueBool=False
2025-12-30 13:25:59.237 [INFO] [GW -> Client] GI-ME  CA=1, IOA=8322 ValueFloat=0 ValueBool=False
2025-12-30 13:25:59.253 [INFO] [GW -> Client] GI-ME  CA=1, IOA=8323 ValueFloat=0 ValueBool=False
2025-12-30 13:26:14.278 [INFO] [IEC104] Client 47143130 event = CLOSED
2025-12-30 13:26:15.295 [INFO] [IEC104] Connection request from 192.168.1.57
2025-12-30 13:26:15.351 [INFO] [Client->GW] => General Interrogation from SCADA
2025-12-30 13:26:15.367 [INFO] [GW -> Client] GI-ME  CA=1, IOA=4352 ValueFloat=131.442 ValueBool=False
2025-12-30 13:26:15.382 [INFO] [GW -> Client] GI-ME  CA=1, IOA=4354 ValueFloat=65.536 ValueBool=False
2025-12-30 13:26:15.397 [INFO] [GW -> Client] GI-ME  CA=1, IOA=4356 ValueFloat=65.536 ValueBool=False
2025-12-30 13:26:15.412 [INFO] [GW -> Client] GI-ME  CA=1, IOA=4392 ValueFloat=131.294 ValueBool=False
2025-12-30 13:26:15.427 [INFO] [GW -> Client] GI-ME  CA=1, IOA=4394 ValueFloat=0.13000001 ValueBool=False
2025-12-30 13:26:15.443 [INFO] [GW -> Client] GI-ME  CA=1, IOA=4396 ValueFloat=65.536 ValueBool=False
2025-12-30 13:26:15.458 [INFO] [GW -> Client] GI-ME  CA=1, IOA=8322 ValueFloat=0 ValueBool=False
2025-12-30 13:26:15.474 [INFO] [GW -> Client] GI-ME  CA=1, IOA=8323 ValueFloat=0 ValueBool=False
2025-12-30 13:26:30.501 [INFO] [IEC104] Client 53572211 event = CLOSED
2025-12-30 13:26:31.514 [INFO] [IEC104] Connection request from 192.168.1.57
2025-12-30 13:26:31.577 [INFO] [Client->GW] => General Interrogation from SCADA
2025-12-30 13:26:31.593 [INFO] [GW -> Client] GI-ME  CA=1, IOA=4352 ValueFloat=131.442 ValueBool=False
2025-12-30 13:26:31.608 [INFO] [GW -> Client] GI-ME  CA=1, IOA=4354 ValueFloat=65.536 ValueBool=False
2025-12-30 13:26:31.622 [INFO] [GW -> Client] GI-ME  CA=1, IOA=4356 ValueFloat=65.536 ValueBool=False
2025-12-30 13:26:31.637 [INFO] [GW -> Client] GI-ME  CA=1, IOA=4392 ValueFloat=131.294 ValueBool=False
2025-12-30 13:26:31.652 [INFO] [GW -> Client] GI-ME  CA=1, IOA=4394 ValueFloat=0.13000001 ValueBool=False
2025-12-30 13:26:31.668 [INFO] [GW -> Client] GI-ME  CA=1, IOA=4396 ValueFloat=65.536 ValueBool=False
2025-12-30 13:26:31.682 [INFO] [GW -> Client] GI-ME  CA=1, IOA=8322 ValueFloat=0 ValueBool=False
2025-12-30 13:26:31.698 [INFO] [GW -> Client] GI-ME  CA=1, IOA=8323 ValueFloat=0 ValueBool=False
2025-12-30 13:26:46.707 [INFO] [IEC104] Client 37871509 event = CLOSED
2025-12-30 13:26:47.720 [INFO] [IEC104] Connection request from 192.168.1.57
2025-12-30 13:26:47.784 [INFO] [Client->GW] => General Interrogation from SCADA
2025-12-30 13:26:47.799 [INFO] [GW -> Client] GI-ME  CA=1, IOA=4352 ValueFloat=131.442 ValueBool=False
2025-12-30 13:26:47.815 [INFO] [GW -> Client] GI-ME  CA=1, IOA=4354 ValueFloat=65.536 ValueBool=False
2025-12-30 13:26:47.831 [INFO] [GW -> Client] GI-ME  CA=1, IOA=4356 ValueFloat=65.536 ValueBool=False
2025-12-30 13:26:47.846 [INFO] [GW -> Client] GI-ME  CA=1, IOA=4392 ValueFloat=131.294 ValueBool=False
2025-12-30 13:26:47.861 [INFO] [GW -> Client] GI-ME  CA=1, IOA=4394 ValueFloat=0.13000001 ValueBool=False
2025-12-30 13:26:47.877 [INFO] [GW -> Client] GI-ME  CA=1, IOA=4396 ValueFloat=65.536 ValueBool=False
2025-12-30 13:26:47.892 [INFO] [GW -> Client] GI-ME  CA=1, IOA=8322 ValueFloat=0 ValueBool=False
2025-12-30 13:26:47.908 [INFO] [GW -> Client] GI-ME  CA=1, IOA=8323 ValueFloat=0 ValueBool=False
2025-12-30 13:27:02.925 [INFO] [IEC104] Client 8919653 event = CLOSED
2025-12-30 13:27:03.945 [INFO] [IEC104] Connection request from 192.168.1.57
2025-12-30 13:27:04.000 [INFO] [Client->GW] => General Interrogation from SCADA
2025-12-30 13:27:04.015 [INFO] [GW -> Client] GI-ME  CA=1, IOA=4352 ValueFloat=131.442 ValueBool=False
2025-12-30 13:27:04.031 [INFO] [GW -> Client] GI-ME  CA=1, IOA=4354 ValueFloat=65.536 ValueBool=False
2025-12-30 13:27:04.046 [INFO] [GW -> Client] GI-ME  CA=1, IOA=4356 ValueFloat=65.536 ValueBool=False
2025-12-30 13:27:04.061 [INFO] [GW -> Client] GI-ME  CA=1, IOA=4392 ValueFloat=131.294 ValueBool=False
2025-12-30 13:27:04.077 [INFO] [GW -> Client] GI-ME  CA=1, IOA=4394 ValueFloat=0.13000001 ValueBool=False
2025-12-30 13:27:04.092 [INFO] [GW -> Client] GI-ME  CA=1, IOA=4396 ValueFloat=65.536 ValueBool=False
2025-12-30 13:27:04.108 [INFO] [GW -> Client] GI-ME  CA=1, IOA=8322 ValueFloat=0 ValueBool=False
2025-12-30 13:27:04.123 [INFO] [GW -> Client] GI-ME  CA=1, IOA=8323 ValueFloat=0 ValueBool=False
2025-12-30 13:27:19.125 [INFO] [IEC104] Client 43978325 event = CLOSED
2025-12-30 13:27:20.141 [INFO] [IEC104] Connection request from 192.168.1.57
2025-12-30 13:27:20.194 [INFO] [Client->GW] => General Interrogation from SCADA
2025-12-30 13:27:20.209 [INFO] [GW -> Client] GI-ME  CA=1, IOA=4352 ValueFloat=131.442 ValueBool=False
2025-12-30 13:27:20.227 [INFO] [GW -> Client] GI-ME  CA=1, IOA=4354 ValueFloat=65.536 ValueBool=False
2025-12-30 13:27:20.243 [INFO] [GW -> Client] GI-ME  CA=1, IOA=4356 ValueFloat=65.536 ValueBool=False
2025-12-30 13:27:20.259 [INFO] [GW -> Client] GI-ME  CA=1, IOA=4392 ValueFloat=131.294 ValueBool=False
2025-12-30 13:27:20.276 [INFO] [GW -> Client] GI-ME  CA=1, IOA=4394 ValueFloat=0.13000001 ValueBool=False
2025-12-30 13:27:20.294 [INFO] [GW -> Client] GI-ME  CA=1, IOA=4396 ValueFloat=65.536 ValueBool=False
2025-12-30 13:27:20.309 [INFO] [GW -> Client] GI-ME  CA=1, IOA=8322 ValueFloat=0 ValueBool=False
2025-12-30 13:27:20.325 [INFO] [GW -> Client] GI-ME  CA=1, IOA=8323 ValueFloat=0 ValueBool=False
2025-12-30 13:27:35.343 [INFO] [IEC104] Client 42267740 event = CLOSED
2025-12-30 13:27:36.366 [INFO] [IEC104] Connection request from 192.168.1.57
2025-12-30 13:27:36.694 [INFO] [Client->GW] => General Interrogation from SCADA
2025-12-30 13:27:36.710 [INFO] [GW -> Client] GI-ME  CA=1, IOA=4352 ValueFloat=131.442 ValueBool=False
2025-12-30 13:27:36.726 [INFO] [GW -> Client] GI-ME  CA=1, IOA=4354 ValueFloat=65.536 ValueBool=False
2025-12-30 13:27:36.742 [INFO] [GW -> Client] GI-ME  CA=1, IOA=4356 ValueFloat=65.536 ValueBool=False
2025-12-30 13:27:36.758 [INFO] [GW -> Client] GI-ME  CA=1, IOA=4392 ValueFloat=131.294 ValueBool=False
2025-12-30 13:27:36.774 [INFO] [GW -> Client] GI-ME  CA=1, IOA=4394 ValueFloat=0.13000001 ValueBool=False
2025-12-30 13:27:36.790 [INFO] [GW -> Client] GI-ME  CA=1, IOA=4396 ValueFloat=65.536 ValueBool=False
2025-12-30 13:27:36.807 [INFO] [GW -> Client] GI-ME  CA=1, IOA=8322 ValueFloat=0 ValueBool=False
2025-12-30 13:27:36.822 [INFO] [GW -> Client] GI-ME  CA=1, IOA=8323 ValueFloat=0 ValueBool=False
2025-12-30 17:01:09.123 [INFO] IEC 104 service starting...
2025-12-30 17:01:09.218 [ERROR] IEC104 error: The requested address is not valid in its context.
2025-12-30 17:01:09.219 [INFO] IEC 104 service stopped.
2025-12-30 17:01:36.381 [INFO] IEC 104 service starting...
2025-12-30 17:01:36.437 [ERROR] IEC104 error: The requested address is not valid in its context.
2025-12-30 17:01:36.438 [INFO] IEC 104 service stopped.
2025-12-30 17:10:47.350 [INFO] IEC 104 service starting...
2025-12-30 17:10:47.413 [ERROR] IEC104 error: The requested address is not valid in its context.
2025-12-30 17:10:47.414 [INFO] IEC 104 service stopped.
2025-12-30 17:13:06.237 [INFO] IEC 104 service starting...
2025-12-30 17:13:06.323 [ERROR] IEC104 error: The requested address is not valid in its context.
2025-12-30 17:13:06.324 [INFO] IEC 104 service stopped.
2025-12-30 17:14:37.084 [INFO] IEC 104 service starting...
2025-12-30 17:14:37.156 [ERROR] IEC104 error: The requested address is not valid in its context.
2025-12-30 17:14:37.156 [INFO] IEC 104 service stopped.
2025-12-30 17:15:52.016 [INFO] IEC 104 service starting...
2025-12-30 17:15:52.061 [ERROR] IEC104 error: The requested address is not valid in its context.
2025-12-30 17:15:52.061 [INFO] IEC 104 service stopped.
2025-12-30 17:17:22.015 [INFO] IEC 104 service starting...
2025-12-30 17:17:22.094 [ERROR] IEC104 error: The requested address is not valid in its context.
2025-12-30 17:17:22.094 [INFO] IEC 104 service stopped.
2025-12-30 17:29:43.699 [INFO] IEC 104 service starting...
2025-12-30 17:29:43.794 [ERROR] IEC104 error: The requested address is not valid in its context.
2025-12-30 17:29:43.795 [INFO] IEC 104 service stopped.
2025-12-30 17:33:11.090 [INFO] IEC 104 service starting...
2025-12-30 17:33:11.227 [ERROR] IEC104 error: The requested address is not valid in its context.
2025-12-30 17:33:11.228 [INFO] IEC 104 service stopped.
2025-12-30 17:33:40.822 [INFO] IEC 104 service starting...
2025-12-30 17:33:40.868 [ERROR] IEC104 error: The requested address is not valid in its context.
2025-12-30 17:33:40.868 [INFO] IEC 104 service stopped.
2025-12-30 17:38:18.244 [INFO] IEC 104 service starting...
2025-12-30 17:38:18.416 [ERROR] IEC104 error: The requested address is not valid in its context.
2025-12-30 17:38:18.416 [INFO] IEC 104 service stopped.
2025-12-30 17:40:31.833 [INFO] IEC 104 service starting...
2025-12-30 17:40:31.882 [ERROR] IEC104 error: The requested address is not valid in its context.
2025-12-30 17:40:31.883 [INFO] IEC 104 service stopped.
2025-12-30 17:42:28.168 [INFO] IEC 104 service starting...
2025-12-30 17:42:28.245 [ERROR] IEC104 error: The requested address is not valid in its context.
2025-12-30 17:42:28.246 [INFO] IEC 104 service stopped.
2025-12-30 17:53:50.904 [INFO] IEC 104 service starting...
2025-12-30 17:53:51.020 [ERROR] IEC104 error: The requested address is not valid in its context.
2025-12-30 17:53:51.021 [INFO] IEC 104 service stopped.
2025-12-30 17:56:07.456 [INFO] IEC 104 service starting...
2025-12-30 17:56:07.537 [INFO] IEC104 Server started at 192.168.1.86:2404
2025-12-30 17:56:16.333 [INFO] [IEC104] Connection request from 192.168.1.86
2025-12-30 17:56:24.234 [INFO] [Client->GW] Read request CA=10, IOA=0
2025-12-30 17:56:30.645 [INFO] [GW -> Client] GI-ME  CA=10, IOA=0 ValueFloat=0 ValueBool=False
2025-12-30 17:56:30.648 [INFO] [GW] Send response IOA=0
2025-12-30 17:57:43.309 [INFO] [Client->GW] Read request CA=10, IOA=0
2025-12-30 17:57:46.647 [INFO] [GW -> Client] GI-ME  CA=10, IOA=0 ValueFloat=1.401E-42 ValueBool=False
2025-12-30 17:57:46.647 [INFO] [GW] Send response IOA=0
2025-12-30 18:05:43.520 [ERROR] IEC104 error: A task was canceled.
2025-12-30 18:05:43.522 [INFO] IEC 104 service stopped.
2025-12-30 18:05:56.660 [INFO] IEC 104 service starting...
2025-12-30 18:05:56.715 [INFO] IEC104 Server started at 192.168.1.86:2404
2025-12-30 18:07:21.812 [INFO] [IEC104] Connection request from 192.168.1.57
2025-12-30 18:07:21.931 [INFO] [Client->GW] => General Interrogation from SCADA
2025-12-30 18:07:22.000 [INFO] [GW -> Client] GI-ME  CA=1, IOA=4352 ValueFloat=0 ValueBool=False
2025-12-30 18:07:22.016 [INFO] [GW -> Client] GI-ME  CA=1, IOA=4354 ValueFloat=0 ValueBool=False
2025-12-30 18:07:22.033 [INFO] [GW -> Client] GI-ME  CA=1, IOA=4356 ValueFloat=0 ValueBool=False
2025-12-30 18:07:22.049 [INFO] [GW -> Client] GI-ME  CA=1, IOA=4392 ValueFloat=0 ValueBool=False
2025-12-30 18:07:22.064 [INFO] [GW -> Client] GI-ME  CA=1, IOA=4394 ValueFloat=0 ValueBool=False
2025-12-30 18:07:22.079 [INFO] [GW -> Client] GI-ME  CA=1, IOA=4396 ValueFloat=0 ValueBool=False
2025-12-30 18:07:22.094 [INFO] [GW -> Client] GI-ME  CA=1, IOA=8322 ValueFloat=0 ValueBool=False
2025-12-30 18:07:22.108 [INFO] [GW -> Client] GI-ME  CA=1, IOA=8323 ValueFloat=0 ValueBool=False
2025-12-30 18:07:37.130 [INFO] [IEC104] Client 4951661 event = CLOSED
2025-12-30 18:07:38.146 [INFO] [IEC104] Connection request from 192.168.1.57
2025-12-30 18:07:38.168 [INFO] [Client->GW] => General Interrogation from SCADA
2025-12-30 18:07:38.185 [INFO] [GW -> Client] GI-ME  CA=1, IOA=4352 ValueFloat=0 ValueBool=False
2025-12-30 18:07:38.199 [INFO] [GW -> Client] GI-ME  CA=1, IOA=4354 ValueFloat=0 ValueBool=False
2025-12-30 18:07:38.214 [INFO] [GW -> Client] GI-ME  CA=1, IOA=4356 ValueFloat=0 ValueBool=False
2025-12-30 18:07:38.231 [INFO] [GW -> Client] GI-ME  CA=1, IOA=4392 ValueFloat=0 ValueBool=False
2025-12-30 18:07:38.247 [INFO] [GW -> Client] GI-ME  CA=1, IOA=4394 ValueFloat=0 ValueBool=False
2025-12-30 18:07:38.264 [INFO] [GW -> Client] GI-ME  CA=1, IOA=4396 ValueFloat=0 ValueBool=False
2025-12-30 18:07:38.278 [INFO] [GW -> Client] GI-ME  CA=1, IOA=8322 ValueFloat=0 ValueBool=False
2025-12-30 18:07:38.293 [INFO] [GW -> Client] GI-ME  CA=1, IOA=8323 ValueFloat=0 ValueBool=False
2025-12-30 18:07:53.308 [INFO] [IEC104] Client 399557 event = CLOSED
2025-12-30 18:07:54.331 [INFO] [IEC104] Connection request from 192.168.1.57
2025-12-30 18:07:54.340 [INFO] [Client->GW] => General Interrogation from SCADA
2025-12-30 18:07:54.356 [INFO] [GW -> Client] GI-ME  CA=1, IOA=4352 ValueFloat=0 ValueBool=False
2025-12-30 18:07:54.372 [INFO] [GW -> Client] GI-ME  CA=1, IOA=4354 ValueFloat=0 ValueBool=False
2025-12-30 18:07:54.387 [INFO] [GW -> Client] GI-ME  CA=1, IOA=4356 ValueFloat=0 ValueBool=False
2025-12-30 18:07:54.402 [INFO] [GW -> Client] GI-ME  CA=1, IOA=4392 ValueFloat=0 ValueBool=False
2025-12-30 18:07:54.420 [INFO] [GW -> Client] GI-ME  CA=1, IOA=4394 ValueFloat=0 ValueBool=False
2025-12-30 18:07:54.436 [INFO] [GW -> Client] GI-ME  CA=1, IOA=4396 ValueFloat=0 ValueBool=False
2025-12-30 18:07:54.451 [INFO] [GW -> Client] GI-ME  CA=1, IOA=8322 ValueFloat=0 ValueBool=False
2025-12-30 18:07:54.466 [INFO] [GW -> Client] GI-ME  CA=1, IOA=8323 ValueFloat=0 ValueBool=False
2025-12-30 18:08:06.430 [INFO] [IEC104] Client 58049718 event = CLOSED
2025-12-30 18:08:07.894 [INFO] [IEC104] Connection request from 192.168.1.57
2025-12-30 18:08:07.907 [INFO] [Client->GW] => General Interrogation from SCADA
2025-12-30 18:08:07.924 [INFO] [GW -> Client] GI-ME  CA=1, IOA=4352 ValueFloat=0 ValueBool=False
2025-12-30 18:08:07.940 [INFO] [GW -> Client] GI-ME  CA=1, IOA=4354 ValueFloat=0 ValueBool=False
2025-12-30 18:08:07.960 [INFO] [GW -> Client] GI-ME  CA=1, IOA=4356 ValueFloat=0 ValueBool=False
2025-12-30 18:08:07.980 [INFO] [GW -> Client] GI-ME  CA=1, IOA=4392 ValueFloat=0 ValueBool=False
2025-12-30 18:08:07.995 [INFO] [GW -> Client] GI-ME  CA=1, IOA=4394 ValueFloat=0 ValueBool=False
2025-12-30 18:08:08.013 [INFO] [GW -> Client] GI-ME  CA=1, IOA=4396 ValueFloat=0 ValueBool=False
2025-12-30 18:08:08.027 [INFO] [GW -> Client] GI-ME  CA=1, IOA=8322 ValueFloat=0 ValueBool=False
2025-12-30 18:08:08.041 [INFO] [GW -> Client] GI-ME  CA=1, IOA=8323 ValueFloat=0 ValueBool=False
2025-12-30 18:08:08.103 [INFO] [Client->GW] => General Interrogation from SCADA
2025-12-30 18:08:08.504 [INFO] [GW -> Client] GI-ME  CA=10, IOA=0 ValueFloat=1.401E-42 ValueBool=False
2025-12-30 18:08:12.228 [INFO] [GW -> Client] GI-ME  CA=10, IOA=2 ValueFloat=4.59184E-40 ValueBool=False
2025-12-30 18:08:15.931 [INFO] [GW -> Client] GI-ME  CA=10, IOA=4 ValueFloat=4.9E-43 ValueBool=False
2025-12-30 18:08:19.227 [INFO] [GW -> Client] GI-ME  CA=10, IOA=6 ValueFloat=9.18845E-40 ValueBool=False
2025-12-30 18:08:22.659 [INFO] [GW -> Client] GI-ME  CA=10, IOA=8 ValueFloat=1.8368E-40 ValueBool=False
2025-12-30 18:08:23.131 [INFO] [IEC104] Client 25422474 event = CLOSED
2025-12-30 18:08:24.155 [INFO] [IEC104] Connection request from 192.168.1.57
2025-12-30 18:08:24.219 [INFO] [Client->GW] => General Interrogation from SCADA
2025-12-30 18:08:25.722 [INFO] [GW -> Client] GI-ME  CA=1, IOA=4352 ValueFloat=0 ValueBool=False
2025-12-30 18:08:25.737 [INFO] [GW -> Client] GI-ME  CA=1, IOA=4354 ValueFloat=0 ValueBool=False
2025-12-30 18:08:25.753 [INFO] [GW -> Client] GI-ME  CA=1, IOA=4356 ValueFloat=0 ValueBool=False
2025-12-30 18:08:25.770 [INFO] [GW -> Client] GI-ME  CA=1, IOA=4392 ValueFloat=0 ValueBool=False
2025-12-30 18:08:25.786 [INFO] [GW -> Client] GI-ME  CA=1, IOA=4394 ValueFloat=0 ValueBool=False
2025-12-30 18:08:25.802 [INFO] [GW -> Client] GI-ME  CA=1, IOA=4396 ValueFloat=0 ValueBool=False
2025-12-30 18:08:25.817 [INFO] [GW -> Client] GI-ME  CA=1, IOA=8322 ValueFloat=0 ValueBool=False
2025-12-30 18:08:25.832 [INFO] [GW -> Client] GI-ME  CA=1, IOA=8323 ValueFloat=0 ValueBool=False
2025-12-30 18:08:25.885 [INFO] [Client->GW] => General Interrogation from SCADA
2025-12-30 18:08:25.910 [INFO] [GW -> Client] GI-ME  CA=10, IOA=0 ValueFloat=1.401E-42 ValueBool=False
2025-12-30 18:08:29.330 [INFO] [GW -> Client] GI-ME  CA=10, IOA=10 ValueFloat=0 ValueBool=False
2025-12-30 18:12:33.259 [INFO] IEC 104 service starting...
2025-12-30 18:12:33.306 [INFO] IEC104 Server started at 192.168.1.86:2404
2025-12-30 18:12:38.131 [INFO] [IEC104] Connection request from 192.168.1.57
2025-12-30 18:12:38.224 [INFO] [Client->GW] => General Interrogation from SCADA
2025-12-30 18:12:38.277 [INFO] [GW -> Client] GI-ME  CA=1, IOA=4352 ValueFloat=0 ValueBool=False
2025-12-30 18:12:38.294 [INFO] [GW -> Client] GI-ME  CA=1, IOA=4354 ValueFloat=0 ValueBool=False
2025-12-30 18:12:38.309 [INFO] [GW -> Client] GI-ME  CA=1, IOA=4356 ValueFloat=0 ValueBool=False
2025-12-30 18:12:38.325 [INFO] [GW -> Client] GI-ME  CA=1, IOA=4392 ValueFloat=0 ValueBool=False
2025-12-30 18:12:38.341 [INFO] [GW -> Client] GI-ME  CA=1, IOA=4394 ValueFloat=0 ValueBool=False
2025-12-30 18:12:38.356 [INFO] [GW -> Client] GI-ME  CA=1, IOA=4396 ValueFloat=0 ValueBool=False
2025-12-30 18:12:38.371 [INFO] [GW -> Client] GI-ME  CA=1, IOA=8322 ValueFloat=0 ValueBool=False
2025-12-30 18:12:38.386 [INFO] [GW -> Client] GI-ME  CA=1, IOA=8323 ValueFloat=0 ValueBool=False
2025-12-30 18:12:38.438 [INFO] [Client->GW] => General Interrogation from SCADA
2025-12-30 18:12:38.619 [INFO] [GW -> Client] GI-ME  CA=10, IOA=0 ValueFloat=1.401E-42 ValueBool=False
2025-12-30 18:12:42.333 [INFO] [GW -> Client] GI-ME  CA=10, IOA=2 ValueFloat=4.59184E-40 ValueBool=False
2025-12-30 18:12:45.643 [INFO] [GW -> Client] GI-ME  CA=10, IOA=4 ValueFloat=4.9E-43 ValueBool=False
2025-12-30 18:12:49.091 [INFO] [GW -> Client] GI-ME  CA=10, IOA=6 ValueFloat=9.18845E-40 ValueBool=False
2025-12-30 18:12:52.424 [INFO] [GW -> Client] GI-ME  CA=10, IOA=8 ValueFloat=1.8368E-40 ValueBool=False
2025-12-30 18:12:53.445 [INFO] [IEC104] Client 20974680 event = CLOSED
2025-12-30 18:12:54.460 [INFO] [IEC104] Connection request from 192.168.1.57
2025-12-30 18:12:54.520 [INFO] [Client->GW] => General Interrogation from SCADA
2025-12-30 18:12:55.472 [INFO] [GW -> Client] GI-ME  CA=1, IOA=4352 ValueFloat=0 ValueBool=False
2025-12-30 18:12:55.489 [INFO] [GW -> Client] GI-ME  CA=1, IOA=4354 ValueFloat=0 ValueBool=False
2025-12-30 18:12:55.505 [INFO] [GW -> Client] GI-ME  CA=1, IOA=4356 ValueFloat=0 ValueBool=False
2025-12-30 18:12:55.520 [INFO] [GW -> Client] GI-ME  CA=1, IOA=4392 ValueFloat=0 ValueBool=False
2025-12-30 18:12:55.536 [INFO] [GW -> Client] GI-ME  CA=1, IOA=4394 ValueFloat=0 ValueBool=False
2025-12-30 18:12:55.552 [INFO] [GW -> Client] GI-ME  CA=1, IOA=4396 ValueFloat=0 ValueBool=False
2025-12-30 18:12:55.567 [INFO] [GW -> Client] GI-ME  CA=1, IOA=8322 ValueFloat=0 ValueBool=False
2025-12-30 18:12:55.583 [INFO] [GW -> Client] GI-ME  CA=1, IOA=8323 ValueFloat=0 ValueBool=False
2025-12-30 18:12:55.636 [INFO] [Client->GW] => General Interrogation from SCADA
2025-12-30 18:12:55.847 [INFO] [GW -> Client] GI-ME  CA=10, IOA=0 ValueFloat=1.401E-42 ValueBool=False
2025-12-30 18:12:58.889 [INFO] [GW -> Client] GI-ME  CA=10, IOA=10 ValueFloat=0 ValueBool=False
2025-12-30 18:12:58.902 [INFO] [GW -> Client] GI-ME  CA=10, IOA=2 ValueFloat=4.59184E-40 ValueBool=False
2025-12-30 18:42:25.143 [INFO] IEC 104 service starting...
2025-12-30 18:42:25.203 [INFO] IEC104 Server started at 192.168.1.86:2404
2025-12-30 18:42:49.706 [INFO] [IEC104] Connection request from 192.168.1.57
2025-12-30 18:42:49.806 [INFO] [Client->GW] => General Interrogation from SCADA
2025-12-30 18:43:28.812 [INFO] IEC 104 service starting...
2025-12-30 18:43:28.852 [INFO] IEC104 Server started at 192.168.1.86:2404
2025-12-30 18:43:29.327 [INFO] [IEC104] Connection request from 192.168.1.57
2025-12-30 18:43:29.402 [INFO] [Client->GW] => General Interrogation from SCADA
2025-12-30 18:43:49.856 [INFO] IEC 104 service starting...
2025-12-30 18:43:49.888 [INFO] IEC104 Server started at 192.168.1.86:2404
2025-12-30 18:43:51.463 [INFO] [IEC104] Connection request from 192.168.1.57
2025-12-30 18:43:51.561 [INFO] [Client->GW] => General Interrogation from SCADA
2025-12-30 18:43:58.007 [INFO] [GW -> Client] GI-ME  CA=1, IOA=4352 ValueFloat=0 ValueBool=False
2025-12-30 18:44:04.358 [INFO] [GW -> Client] GI-ME  CA=1, IOA=4354 ValueFloat=0 ValueBool=False
2025-12-30 18:44:06.581 [INFO] [IEC104] Client 20974680 event = CLOSED
2025-12-30 18:44:07.597 [INFO] [IEC104] Connection request from 192.168.1.57
2025-12-30 18:44:07.616 [INFO] [Client->GW] => General Interrogation from SCADA
2025-12-30 18:44:13.673 [INFO] [GW -> Client] GI-ME  CA=1, IOA=4356 ValueFloat=0 ValueBool=False
2025-12-30 18:44:16.707 [INFO] [GW -> Client] GI-ME  CA=1, IOA=4352 ValueFloat=0 ValueBool=False
2025-12-30 18:44:22.619 [INFO] [IEC104] Client 49538252 event = CLOSED
2025-12-30 18:44:23.629 [INFO] [IEC104] Connection request from 192.168.1.57
2025-12-30 18:44:23.696 [INFO] [Client->GW] => General Interrogation from SCADA
2025-12-30 18:44:25.797 [INFO] [GW -> Client] GI-ME  CA=1, IOA=4392 ValueFloat=0 ValueBool=False
2025-12-30 18:44:28.824 [INFO] [GW -> Client] GI-ME  CA=1, IOA=4354 ValueFloat=0 ValueBool=False
2025-12-30 18:44:31.906 [INFO] [GW -> Client] GI-ME  CA=1, IOA=4356 ValueFloat=0 ValueBool=False
2025-12-30 18:44:31.907 [INFO] [GW -> Client] GI-ME  CA=1, IOA=4352 ValueFloat=0 ValueBool=False
2025-12-30 18:44:31.922 [INFO] [GW -> Client] GI-ME  CA=1, IOA=4392 ValueFloat=0 ValueBool=False
2025-12-30 18:44:31.938 [INFO] [GW -> Client] GI-ME  CA=1, IOA=4354 ValueFloat=0 ValueBool=False
2025-12-30 18:44:31.953 [INFO] [GW -> Client] GI-ME  CA=1, IOA=4394 ValueFloat=0 ValueBool=False
2025-12-30 18:44:31.969 [INFO] [GW -> Client] GI-ME  CA=1, IOA=4356 ValueFloat=0 ValueBool=False
2025-12-30 18:44:31.985 [INFO] [GW -> Client] GI-ME  CA=1, IOA=4396 ValueFloat=0 ValueBool=False
2025-12-30 18:44:32.002 [INFO] [GW -> Client] GI-ME  CA=1, IOA=4392 ValueFloat=0 ValueBool=False
2025-12-30 18:44:32.016 [INFO] [GW -> Client] GI-ME  CA=1, IOA=8322 ValueFloat=0 ValueBool=False
2025-12-30 18:44:32.031 [INFO] [GW -> Client] GI-ME  CA=1, IOA=4394 ValueFloat=0 ValueBool=False
2025-12-30 18:44:32.044 [INFO] [GW -> Client] GI-ME  CA=1, IOA=8323 ValueFloat=0 ValueBool=False
2025-12-30 18:44:41.243 [INFO] IEC 104 service starting...
2025-12-30 18:44:41.278 [INFO] IEC104 Server started at 192.168.1.86:2404
2025-12-30 18:44:44.422 [INFO] [IEC104] Connection request from 192.168.1.57
2025-12-30 18:44:44.511 [INFO] [Client->GW] => General Interrogation from SCADA
2025-12-30 18:44:44.554 [INFO] [GW -> Client] GI-ME  CA=1, IOA=4352 ValueFloat=0 ValueBool=False
2025-12-30 18:44:44.570 [INFO] [GW -> Client] GI-ME  CA=1, IOA=4354 ValueFloat=0 ValueBool=False
2025-12-30 18:44:44.587 [INFO] [GW -> Client] GI-ME  CA=1, IOA=4356 ValueFloat=0 ValueBool=False
2025-12-30 18:44:44.603 [INFO] [GW -> Client] GI-ME  CA=1, IOA=4392 ValueFloat=0 ValueBool=False
2025-12-30 18:44:44.619 [INFO] [GW -> Client] GI-ME  CA=1, IOA=4394 ValueFloat=0 ValueBool=False
2025-12-30 18:44:44.635 [INFO] [GW -> Client] GI-ME  CA=1, IOA=4396 ValueFloat=0 ValueBool=False
2025-12-30 18:44:44.665 [INFO] [GW -> Client] GI-ME  CA=1, IOA=8322 ValueFloat=0 ValueBool=False
2025-12-30 18:44:44.679 [INFO] [GW -> Client] GI-ME  CA=1, IOA=8323 ValueFloat=0 ValueBool=False
2025-12-30 18:44:59.701 [INFO] [IEC104] Client 20974680 event = CLOSED
2025-12-30 18:45:00.713 [INFO] [IEC104] Connection request from 192.168.1.57
2025-12-30 18:45:00.725 [INFO] [Client->GW] => General Interrogation from SCADA
2025-12-30 18:45:00.741 [INFO] [GW -> Client] GI-ME  CA=1, IOA=4352 ValueFloat=0 ValueBool=False
2025-12-30 18:45:00.757 [INFO] [GW -> Client] GI-ME  CA=1, IOA=4354 ValueFloat=0 ValueBool=False
2025-12-30 18:45:00.773 [INFO] [GW -> Client] GI-ME  CA=1, IOA=4356 ValueFloat=0 ValueBool=False
2025-12-30 18:45:00.789 [INFO] [GW -> Client] GI-ME  CA=1, IOA=4392 ValueFloat=0 ValueBool=False
2025-12-30 18:45:00.804 [INFO] [GW -> Client] GI-ME  CA=1, IOA=4394 ValueFloat=0 ValueBool=False
2025-12-30 18:45:00.820 [INFO] [GW -> Client] GI-ME  CA=1, IOA=4396 ValueFloat=0 ValueBool=False
2025-12-30 18:45:00.836 [INFO] [GW -> Client] GI-ME  CA=1, IOA=8322 ValueFloat=0 ValueBool=False
2025-12-30 18:45:00.850 [INFO] [GW -> Client] GI-ME  CA=1, IOA=8323 ValueFloat=0 ValueBool=False
2025-12-30 18:45:15.857 [INFO] [IEC104] Client 21647132 event = CLOSED
2025-12-30 18:45:16.870 [INFO] [IEC104] Connection request from 192.168.1.57
2025-12-30 18:45:16.934 [INFO] [Client->GW] => General Interrogation from SCADA
2025-12-30 18:45:16.950 [INFO] [GW -> Client] GI-ME  CA=1, IOA=4352 ValueFloat=0 ValueBool=False
2025-12-30 18:45:16.966 [INFO] [GW -> Client] GI-ME  CA=1, IOA=4354 ValueFloat=0 ValueBool=False
2025-12-30 18:45:16.981 [INFO] [GW -> Client] GI-ME  CA=1, IOA=4356 ValueFloat=0 ValueBool=False
2025-12-30 18:45:16.997 [INFO] [GW -> Client] GI-ME  CA=1, IOA=4392 ValueFloat=0 ValueBool=False
2025-12-30 18:45:17.013 [INFO] [GW -> Client] GI-ME  CA=1, IOA=4394 ValueFloat=0 ValueBool=False
2025-12-30 18:45:17.029 [INFO] [GW -> Client] GI-ME  CA=1, IOA=4396 ValueFloat=0 ValueBool=False
2025-12-30 18:45:17.045 [INFO] [GW -> Client] GI-ME  CA=1, IOA=8322 ValueFloat=0 ValueBool=False
2025-12-30 18:45:17.058 [INFO] [GW -> Client] GI-ME  CA=1, IOA=8323 ValueFloat=0 ValueBool=False
2025-12-30 18:45:32.088 [INFO] [IEC104] Client 34717384 event = CLOSED
2025-12-30 18:45:33.105 [INFO] [IEC104] Connection request from 192.168.1.57
2025-12-30 18:45:33.121 [INFO] [Client->GW] => General Interrogation from SCADA
2025-12-30 18:45:33.138 [INFO] [GW -> Client] GI-ME  CA=1, IOA=4352 ValueFloat=0 ValueBool=False
2025-12-30 18:45:33.156 [INFO] [GW -> Client] GI-ME  CA=1, IOA=4354 ValueFloat=0 ValueBool=False
2025-12-30 18:45:33.171 [INFO] [GW -> Client] GI-ME  CA=1, IOA=4356 ValueFloat=0 ValueBool=False
2025-12-30 18:45:33.187 [INFO] [GW -> Client] GI-ME  CA=1, IOA=4392 ValueFloat=0 ValueBool=False
2025-12-30 18:45:33.203 [INFO] [GW -> Client] GI-ME  CA=1, IOA=4394 ValueFloat=0 ValueBool=False
2025-12-30 18:45:33.219 [INFO] [GW -> Client] GI-ME  CA=1, IOA=4396 ValueFloat=0 ValueBool=False
2025-12-30 18:45:33.234 [INFO] [GW -> Client] GI-ME  CA=1, IOA=8322 ValueFloat=0 ValueBool=False
2025-12-30 18:45:33.248 [INFO] [GW -> Client] GI-ME  CA=1, IOA=8323 ValueFloat=0 ValueBool=False
2025-12-30 18:45:48.268 [INFO] [IEC104] Client 3196068 event = CLOSED
2025-12-30 18:45:49.287 [INFO] [IEC104] Connection request from 192.168.1.57
2025-12-30 18:45:49.359 [INFO] [Client->GW] => General Interrogation from SCADA
2025-12-30 18:45:49.376 [INFO] [GW -> Client] GI-ME  CA=1, IOA=4352 ValueFloat=0 ValueBool=False
2025-12-30 18:45:49.392 [INFO] [GW -> Client] GI-ME  CA=1, IOA=4354 ValueFloat=0 ValueBool=False
2025-12-30 18:45:49.408 [INFO] [GW -> Client] GI-ME  CA=1, IOA=4356 ValueFloat=0 ValueBool=False
2025-12-30 18:45:49.424 [INFO] [GW -> Client] GI-ME  CA=1, IOA=4392 ValueFloat=0 ValueBool=False
2025-12-30 18:45:49.440 [INFO] [GW -> Client] GI-ME  CA=1, IOA=4394 ValueFloat=0 ValueBool=False
2025-12-30 18:45:49.456 [INFO] [GW -> Client] GI-ME  CA=1, IOA=4396 ValueFloat=0 ValueBool=False
2025-12-30 18:45:49.470 [INFO] [GW -> Client] GI-ME  CA=1, IOA=8322 ValueFloat=0 ValueBool=False
2025-12-30 18:45:49.484 [INFO] [GW -> Client] GI-ME  CA=1, IOA=8323 ValueFloat=0 ValueBool=False
2025-12-30 18:46:04.513 [INFO] [IEC104] Client 43954056 event = CLOSED
2025-12-30 18:46:05.522 [INFO] [IEC104] Connection request from 192.168.1.57
2025-12-30 18:46:05.587 [INFO] [Client->GW] => General Interrogation from SCADA
2025-12-30 18:46:05.604 [INFO] [GW -> Client] GI-ME  CA=1, IOA=4352 ValueFloat=0 ValueBool=False
2025-12-30 18:46:05.619 [INFO] [GW -> Client] GI-ME  CA=1, IOA=4354 ValueFloat=0 ValueBool=False
2025-12-30 18:46:05.634 [INFO] [GW -> Client] GI-ME  CA=1, IOA=4356 ValueFloat=0 ValueBool=False
2025-12-30 18:46:05.651 [INFO] [GW -> Client] GI-ME  CA=1, IOA=4392 ValueFloat=0 ValueBool=False
2025-12-30 18:46:05.666 [INFO] [GW -> Client] GI-ME  CA=1, IOA=4394 ValueFloat=0 ValueBool=False
2025-12-30 18:46:05.682 [INFO] [GW -> Client] GI-ME  CA=1, IOA=4396 ValueFloat=0 ValueBool=False
2025-12-30 18:46:05.697 [INFO] [GW -> Client] GI-ME  CA=1, IOA=8322 ValueFloat=0 ValueBool=False
2025-12-30 18:46:05.711 [INFO] [GW -> Client] GI-ME  CA=1, IOA=8323 ValueFloat=0 ValueBool=False
2025-12-30 18:46:20.712 [INFO] [IEC104] Client 6960220 event = CLOSED
2025-12-30 18:46:21.735 [INFO] [IEC104] Connection request from 192.168.1.57
2025-12-30 18:46:21.802 [INFO] [Client->GW] => General Interrogation from SCADA
2025-12-30 18:46:21.819 [INFO] [GW -> Client] GI-ME  CA=1, IOA=4352 ValueFloat=0 ValueBool=False
2025-12-30 18:46:21.834 [INFO] [GW -> Client] GI-ME  CA=1, IOA=4354 ValueFloat=0 ValueBool=False
2025-12-30 18:46:21.850 [INFO] [GW -> Client] GI-ME  CA=1, IOA=4356 ValueFloat=0 ValueBool=False
2025-12-30 18:46:21.866 [INFO] [GW -> Client] GI-ME  CA=1, IOA=4392 ValueFloat=0 ValueBool=False
2025-12-30 18:46:21.882 [INFO] [GW -> Client] GI-ME  CA=1, IOA=4394 ValueFloat=0 ValueBool=False
2025-12-30 18:46:21.899 [INFO] [GW -> Client] GI-ME  CA=1, IOA=4396 ValueFloat=0 ValueBool=False
2025-12-30 18:46:21.913 [INFO] [GW -> Client] GI-ME  CA=1, IOA=8322 ValueFloat=0 ValueBool=False
2025-12-30 18:46:21.932 [INFO] [GW -> Client] GI-ME  CA=1, IOA=8323 ValueFloat=0 ValueBool=False
2025-12-30 18:46:36.948 [INFO] [IEC104] Client 39157739 event = CLOSED
2025-12-30 18:46:37.966 [INFO] [IEC104] Connection request from 192.168.1.57
2025-12-30 18:46:38.052 [INFO] [Client->GW] => General Interrogation from SCADA
2025-12-30 18:46:38.069 [INFO] [GW -> Client] GI-ME  CA=1, IOA=4352 ValueFloat=0 ValueBool=False
2025-12-30 18:46:38.085 [INFO] [GW -> Client] GI-ME  CA=1, IOA=4354 ValueFloat=0 ValueBool=False
2025-12-30 18:46:38.101 [INFO] [GW -> Client] GI-ME  CA=1, IOA=4356 ValueFloat=0 ValueBool=False
2025-12-30 18:46:38.117 [INFO] [GW -> Client] GI-ME  CA=1, IOA=4392 ValueFloat=0 ValueBool=False
2025-12-30 18:46:38.132 [INFO] [GW -> Client] GI-ME  CA=1, IOA=4394 ValueFloat=0 ValueBool=False
2025-12-30 18:46:38.148 [INFO] [GW -> Client] GI-ME  CA=1, IOA=4396 ValueFloat=0 ValueBool=False
2025-12-30 18:46:38.162 [INFO] [GW -> Client] GI-ME  CA=1, IOA=8322 ValueFloat=0 ValueBool=False
2025-12-30 18:46:38.176 [INFO] [GW -> Client] GI-ME  CA=1, IOA=8323 ValueFloat=0 ValueBool=False
2025-12-30 18:46:53.204 [INFO] [IEC104] Client 48436296 event = CLOSED
2025-12-30 18:46:54.215 [INFO] [IEC104] Connection request from 192.168.1.57
2025-12-30 18:46:54.227 [INFO] [Client->GW] => General Interrogation from SCADA
2025-12-30 18:46:54.243 [INFO] [GW -> Client] GI-ME  CA=1, IOA=4352 ValueFloat=0 ValueBool=False
2025-12-30 18:46:54.259 [INFO] [GW -> Client] GI-ME  CA=1, IOA=4354 ValueFloat=0 ValueBool=False
2025-12-30 18:46:54.274 [INFO] [GW -> Client] GI-ME  CA=1, IOA=4356 ValueFloat=0 ValueBool=False
2025-12-30 18:46:54.289 [INFO] [GW -> Client] GI-ME  CA=1, IOA=4392 ValueFloat=0 ValueBool=False
2025-12-30 18:46:54.304 [INFO] [GW -> Client] GI-ME  CA=1, IOA=4394 ValueFloat=0 ValueBool=False
2025-12-30 18:46:54.320 [INFO] [GW -> Client] GI-ME  CA=1, IOA=4396 ValueFloat=0 ValueBool=False
2025-12-30 18:46:54.334 [INFO] [GW -> Client] GI-ME  CA=1, IOA=8322 ValueFloat=0 ValueBool=False
2025-12-30 18:46:54.347 [INFO] [GW -> Client] GI-ME  CA=1, IOA=8323 ValueFloat=0 ValueBool=False
2025-12-30 18:47:09.363 [INFO] [IEC104] Client 34340307 event = CLOSED
2025-12-30 18:47:10.378 [INFO] [IEC104] Connection request from 192.168.1.57
2025-12-30 18:47:10.451 [INFO] [Client->GW] => General Interrogation from SCADA
2025-12-30 18:47:10.466 [INFO] [GW -> Client] GI-ME  CA=1, IOA=4352 ValueFloat=0 ValueBool=False
2025-12-30 18:47:10.481 [INFO] [GW -> Client] GI-ME  CA=1, IOA=4354 ValueFloat=0 ValueBool=False
2025-12-30 18:47:10.497 [INFO] [GW -> Client] GI-ME  CA=1, IOA=4356 ValueFloat=0 ValueBool=False
2025-12-30 18:47:10.512 [INFO] [GW -> Client] GI-ME  CA=1, IOA=4392 ValueFloat=0 ValueBool=False
2025-12-30 18:47:10.528 [INFO] [GW -> Client] GI-ME  CA=1, IOA=4394 ValueFloat=0 ValueBool=False
2025-12-30 18:47:10.544 [INFO] [GW -> Client] GI-ME  CA=1, IOA=4396 ValueFloat=0 ValueBool=False
2025-12-30 18:47:10.559 [INFO] [GW -> Client] GI-ME  CA=1, IOA=8322 ValueFloat=0 ValueBool=False
2025-12-30 18:47:10.573 [INFO] [GW -> Client] GI-ME  CA=1, IOA=8323 ValueFloat=0 ValueBool=False
2025-12-30 18:47:25.593 [INFO] [IEC104] Client 46524539 event = CLOSED
2025-12-30 18:47:26.603 [INFO] [IEC104] Connection request from 192.168.1.57
2025-12-30 18:47:26.618 [INFO] [Client->GW] => General Interrogation from SCADA
2025-12-30 18:47:26.634 [INFO] [GW -> Client] GI-ME  CA=1, IOA=4352 ValueFloat=0 ValueBool=False
2025-12-30 18:47:26.650 [INFO] [GW -> Client] GI-ME  CA=1, IOA=4354 ValueFloat=0 ValueBool=False
2025-12-30 18:47:26.664 [INFO] [GW -> Client] GI-ME  CA=1, IOA=4356 ValueFloat=0 ValueBool=False
2025-12-30 18:47:26.680 [INFO] [GW -> Client] GI-ME  CA=1, IOA=4392 ValueFloat=0 ValueBool=False
2025-12-30 18:47:26.696 [INFO] [GW -> Client] GI-ME  CA=1, IOA=4394 ValueFloat=0 ValueBool=False
2025-12-30 18:47:26.717 [INFO] [GW -> Client] GI-ME  CA=1, IOA=4396 ValueFloat=0 ValueBool=False
2025-12-30 18:47:26.732 [INFO] [GW -> Client] GI-ME  CA=1, IOA=8322 ValueFloat=0 ValueBool=False
2025-12-30 18:47:26.746 [INFO] [GW -> Client] GI-ME  CA=1, IOA=8323 ValueFloat=0 ValueBool=False
2025-12-30 18:47:41.763 [INFO] [IEC104] Client 47278234 event = CLOSED
2025-12-30 18:47:42.773 [INFO] [IEC104] Connection request from 192.168.1.57
2025-12-30 18:47:42.860 [INFO] [Client->GW] => General Interrogation from SCADA
2025-12-30 18:47:42.878 [INFO] [GW -> Client] GI-ME  CA=1, IOA=4352 ValueFloat=0 ValueBool=False
2025-12-30 18:47:42.894 [INFO] [GW -> Client] GI-ME  CA=1, IOA=4354 ValueFloat=0 ValueBool=False
2025-12-30 18:47:42.909 [INFO] [GW -> Client] GI-ME  CA=1, IOA=4356 ValueFloat=0 ValueBool=False
2025-12-30 18:47:42.925 [INFO] [GW -> Client] GI-ME  CA=1, IOA=4392 ValueFloat=0 ValueBool=False
2025-12-30 18:47:42.942 [INFO] [GW -> Client] GI-ME  CA=1, IOA=4394 ValueFloat=0 ValueBool=False
2025-12-30 18:47:42.958 [INFO] [GW -> Client] GI-ME  CA=1, IOA=4396 ValueFloat=0 ValueBool=False
2025-12-30 18:47:42.975 [INFO] [GW -> Client] GI-ME  CA=1, IOA=8322 ValueFloat=0 ValueBool=False
2025-12-30 18:47:42.991 [INFO] [GW -> Client] GI-ME  CA=1, IOA=8323 ValueFloat=0 ValueBool=False
2025-12-30 18:47:58.017 [INFO] [IEC104] Client 18194402 event = CLOSED
2025-12-30 18:47:59.035 [INFO] [IEC104] Connection request from 192.168.1.57
2025-12-30 18:47:59.107 [INFO] [Client->GW] => General Interrogation from SCADA
2025-12-30 18:47:59.122 [INFO] [GW -> Client] GI-ME  CA=1, IOA=4352 ValueFloat=0 ValueBool=False
2025-12-30 18:47:59.138 [INFO] [GW -> Client] GI-ME  CA=1, IOA=4354 ValueFloat=0 ValueBool=False
2025-12-30 18:47:59.154 [INFO] [GW -> Client] GI-ME  CA=1, IOA=4356 ValueFloat=0 ValueBool=False
2025-12-30 18:47:59.169 [INFO] [GW -> Client] GI-ME  CA=1, IOA=4392 ValueFloat=0 ValueBool=False
2025-12-30 18:47:59.184 [INFO] [GW -> Client] GI-ME  CA=1, IOA=4394 ValueFloat=0 ValueBool=False
2025-12-30 18:47:59.199 [INFO] [GW -> Client] GI-ME  CA=1, IOA=4396 ValueFloat=0 ValueBool=False
2025-12-30 18:47:59.213 [INFO] [GW -> Client] GI-ME  CA=1, IOA=8322 ValueFloat=0 ValueBool=False
2025-12-30 18:47:59.227 [INFO] [GW -> Client] GI-ME  CA=1, IOA=8323 ValueFloat=0 ValueBool=False
2025-12-30 18:48:14.233 [INFO] [IEC104] Client 59120292 event = CLOSED
2025-12-30 18:48:15.246 [INFO] [IEC104] Connection request from 192.168.1.57
2025-12-30 18:48:15.259 [INFO] [Client->GW] => General Interrogation from SCADA
2025-12-30 18:48:15.275 [INFO] [GW -> Client] GI-ME  CA=1, IOA=4352 ValueFloat=0 ValueBool=False
2025-12-30 18:48:15.293 [INFO] [GW -> Client] GI-ME  CA=1, IOA=4354 ValueFloat=0 ValueBool=False
2025-12-30 18:48:15.309 [INFO] [GW -> Client] GI-ME  CA=1, IOA=4356 ValueFloat=0 ValueBool=False
2025-12-30 18:48:15.324 [INFO] [GW -> Client] GI-ME  CA=1, IOA=4392 ValueFloat=0 ValueBool=False
2025-12-30 18:48:15.340 [INFO] [GW -> Client] GI-ME  CA=1, IOA=4394 ValueFloat=0 ValueBool=False
2025-12-30 18:48:15.356 [INFO] [GW -> Client] GI-ME  CA=1, IOA=4396 ValueFloat=0 ValueBool=False
2025-12-30 18:48:15.370 [INFO] [GW -> Client] GI-ME  CA=1, IOA=8322 ValueFloat=0 ValueBool=False
2025-12-30 18:48:15.385 [INFO] [GW -> Client] GI-ME  CA=1, IOA=8323 ValueFloat=0 ValueBool=False
2025-12-30 18:48:30.389 [INFO] [IEC104] Client 41623327 event = CLOSED
2025-12-30 18:48:31.401 [INFO] [IEC104] Connection request from 192.168.1.57
2025-12-30 18:48:31.413 [INFO] [Client->GW] => General Interrogation from SCADA
2025-12-30 18:48:31.429 [INFO] [GW -> Client] GI-ME  CA=1, IOA=4352 ValueFloat=0 ValueBool=False
2025-12-30 18:48:31.445 [INFO] [GW -> Client] GI-ME  CA=1, IOA=4354 ValueFloat=0 ValueBool=False
2025-12-30 18:48:31.460 [INFO] [GW -> Client] GI-ME  CA=1, IOA=4356 ValueFloat=0 ValueBool=False
2025-12-30 18:48:31.476 [INFO] [GW -> Client] GI-ME  CA=1, IOA=4392 ValueFloat=0 ValueBool=False
2025-12-30 18:48:31.491 [INFO] [GW -> Client] GI-ME  CA=1, IOA=4394 ValueFloat=0 ValueBool=False
2025-12-30 18:48:31.507 [INFO] [GW -> Client] GI-ME  CA=1, IOA=4396 ValueFloat=0 ValueBool=False
2025-12-30 18:48:31.522 [INFO] [GW -> Client] GI-ME  CA=1, IOA=8322 ValueFloat=0 ValueBool=False
2025-12-30 18:48:31.537 [INFO] [GW -> Client] GI-ME  CA=1, IOA=8323 ValueFloat=0 ValueBool=False
2025-12-30 18:48:46.548 [INFO] [IEC104] Client 46860210 event = CLOSED
2025-12-30 18:48:47.558 [INFO] [IEC104] Connection request from 192.168.1.57
2025-12-30 18:48:47.626 [INFO] [Client->GW] => General Interrogation from SCADA
2025-12-30 18:48:47.642 [INFO] [GW -> Client] GI-ME  CA=1, IOA=4352 ValueFloat=0 ValueBool=False
2025-12-30 18:48:47.657 [INFO] [GW -> Client] GI-ME  CA=1, IOA=4354 ValueFloat=0 ValueBool=False
2025-12-30 18:48:47.672 [INFO] [GW -> Client] GI-ME  CA=1, IOA=4356 ValueFloat=0 ValueBool=False
2025-12-30 18:48:47.687 [INFO] [GW -> Client] GI-ME  CA=1, IOA=4392 ValueFloat=0 ValueBool=False
2025-12-30 18:48:47.703 [INFO] [GW -> Client] GI-ME  CA=1, IOA=4394 ValueFloat=0 ValueBool=False
2025-12-30 18:48:47.718 [INFO] [GW -> Client] GI-ME  CA=1, IOA=4396 ValueFloat=0 ValueBool=False
2025-12-30 18:48:47.734 [INFO] [GW -> Client] GI-ME  CA=1, IOA=8322 ValueFloat=0 ValueBool=False
2025-12-30 18:48:47.749 [INFO] [GW -> Client] GI-ME  CA=1, IOA=8323 ValueFloat=0 ValueBool=False
2025-12-30 18:49:02.770 [INFO] [IEC104] Client 5029977 event = CLOSED
2025-12-30 18:49:03.788 [INFO] [IEC104] Connection request from 192.168.1.57
2025-12-30 18:49:03.847 [INFO] [Client->GW] => General Interrogation from SCADA
2025-12-30 18:49:03.863 [INFO] [GW -> Client] GI-ME  CA=1, IOA=4352 ValueFloat=0 ValueBool=False
2025-12-30 18:49:03.878 [INFO] [GW -> Client] GI-ME  CA=1, IOA=4354 ValueFloat=0 ValueBool=False
2025-12-30 18:49:03.894 [INFO] [GW -> Client] GI-ME  CA=1, IOA=4356 ValueFloat=0 ValueBool=False
2025-12-30 18:49:03.909 [INFO] [GW -> Client] GI-ME  CA=1, IOA=4392 ValueFloat=0 ValueBool=False
2025-12-30 18:49:03.924 [INFO] [GW -> Client] GI-ME  CA=1, IOA=4394 ValueFloat=0 ValueBool=False
2025-12-30 18:49:03.940 [INFO] [GW -> Client] GI-ME  CA=1, IOA=4396 ValueFloat=0 ValueBool=False
2025-12-30 18:49:03.954 [INFO] [GW -> Client] GI-ME  CA=1, IOA=8322 ValueFloat=0 ValueBool=False
2025-12-30 18:49:03.968 [INFO] [GW -> Client] GI-ME  CA=1, IOA=8323 ValueFloat=0 ValueBool=False
2025-12-30 18:49:18.987 [INFO] [IEC104] Client 62546113 event = CLOSED
2025-12-30 18:49:20.010 [INFO] [IEC104] Connection request from 192.168.1.57
2025-12-30 18:49:20.082 [INFO] [Client->GW] => General Interrogation from SCADA
2025-12-30 18:49:20.098 [INFO] [GW -> Client] GI-ME  CA=1, IOA=4352 ValueFloat=0 ValueBool=False
2025-12-30 18:49:20.113 [INFO] [GW -> Client] GI-ME  CA=1, IOA=4354 ValueFloat=0 ValueBool=False
2025-12-30 18:49:20.128 [INFO] [GW -> Client] GI-ME  CA=1, IOA=4356 ValueFloat=0 ValueBool=False
2025-12-30 18:49:20.144 [INFO] [GW -> Client] GI-ME  CA=1, IOA=4392 ValueFloat=0 ValueBool=False
2025-12-30 18:49:20.159 [INFO] [GW -> Client] GI-ME  CA=1, IOA=4394 ValueFloat=0 ValueBool=False
2025-12-30 18:49:20.174 [INFO] [GW -> Client] GI-ME  CA=1, IOA=4396 ValueFloat=0 ValueBool=False
2025-12-30 18:49:20.188 [INFO] [GW -> Client] GI-ME  CA=1, IOA=8322 ValueFloat=0 ValueBool=False
2025-12-30 18:49:20.203 [INFO] [GW -> Client] GI-ME  CA=1, IOA=8323 ValueFloat=0 ValueBool=False
2025-12-30 18:49:35.227 [INFO] [IEC104] Client 28433667 event = CLOSED
2025-12-30 18:49:36.239 [INFO] [IEC104] Connection request from 192.168.1.57
2025-12-30 18:49:36.250 [INFO] [Client->GW] => General Interrogation from SCADA
2025-12-30 18:49:36.266 [INFO] [GW -> Client] GI-ME  CA=1, IOA=4352 ValueFloat=0 ValueBool=False
2025-12-30 18:49:36.282 [INFO] [GW -> Client] GI-ME  CA=1, IOA=4354 ValueFloat=0 ValueBool=False
2025-12-30 18:49:36.297 [INFO] [GW -> Client] GI-ME  CA=1, IOA=4356 ValueFloat=0 ValueBool=False
2025-12-30 18:49:36.312 [INFO] [GW -> Client] GI-ME  CA=1, IOA=4392 ValueFloat=0 ValueBool=False
2025-12-30 18:49:36.327 [INFO] [GW -> Client] GI-ME  CA=1, IOA=4394 ValueFloat=0 ValueBool=False
2025-12-30 18:49:36.342 [INFO] [GW -> Client] GI-ME  CA=1, IOA=4396 ValueFloat=0 ValueBool=False
2025-12-30 18:49:36.356 [INFO] [GW -> Client] GI-ME  CA=1, IOA=8322 ValueFloat=0 ValueBool=False
2025-12-30 18:49:36.370 [INFO] [GW -> Client] GI-ME  CA=1, IOA=8323 ValueFloat=0 ValueBool=False
2025-12-30 18:49:51.383 [INFO] [IEC104] Client 53465137 event = CLOSED
2025-12-30 18:49:52.391 [INFO] [IEC104] Connection request from 192.168.1.57
2025-12-30 18:49:52.406 [INFO] [Client->GW] => General Interrogation from SCADA
2025-12-30 18:49:52.422 [INFO] [GW -> Client] GI-ME  CA=1, IOA=4352 ValueFloat=0 ValueBool=False
2025-12-30 18:49:52.438 [INFO] [GW -> Client] GI-ME  CA=1, IOA=4354 ValueFloat=0 ValueBool=False
2025-12-30 18:49:52.453 [INFO] [GW -> Client] GI-ME  CA=1, IOA=4356 ValueFloat=0 ValueBool=False
2025-12-30 18:49:52.469 [INFO] [GW -> Client] GI-ME  CA=1, IOA=4392 ValueFloat=0 ValueBool=False
2025-12-30 18:49:52.485 [INFO] [GW -> Client] GI-ME  CA=1, IOA=4394 ValueFloat=0 ValueBool=False
2025-12-30 18:49:52.501 [INFO] [GW -> Client] GI-ME  CA=1, IOA=4396 ValueFloat=0 ValueBool=False
2025-12-30 18:49:52.514 [INFO] [GW -> Client] GI-ME  CA=1, IOA=8322 ValueFloat=0 ValueBool=False
2025-12-30 18:49:52.528 [INFO] [GW -> Client] GI-ME  CA=1, IOA=8323 ValueFloat=0 ValueBool=False
2025-12-30 18:50:07.554 [INFO] [IEC104] Client 42567637 event = CLOSED
2025-12-30 18:50:08.568 [INFO] [IEC104] Connection request from 192.168.1.57
2025-12-30 18:50:08.582 [INFO] [Client->GW] => General Interrogation from SCADA
2025-12-30 18:50:08.597 [INFO] [GW -> Client] GI-ME  CA=1, IOA=4352 ValueFloat=0 ValueBool=False
2025-12-30 18:50:08.612 [INFO] [GW -> Client] GI-ME  CA=1, IOA=4354 ValueFloat=0 ValueBool=False
2025-12-30 18:50:08.627 [INFO] [GW -> Client] GI-ME  CA=1, IOA=4356 ValueFloat=0 ValueBool=False
2025-12-30 18:50:08.642 [INFO] [GW -> Client] GI-ME  CA=1, IOA=4392 ValueFloat=0 ValueBool=False
2025-12-30 18:50:08.657 [INFO] [GW -> Client] GI-ME  CA=1, IOA=4394 ValueFloat=0 ValueBool=False
2025-12-30 18:50:08.673 [INFO] [GW -> Client] GI-ME  CA=1, IOA=4396 ValueFloat=0 ValueBool=False
2025-12-30 18:50:08.700 [INFO] [GW -> Client] GI-ME  CA=1, IOA=8322 ValueFloat=0 ValueBool=False
2025-12-30 18:50:08.716 [INFO] [GW -> Client] GI-ME  CA=1, IOA=8323 ValueFloat=0 ValueBool=False
2025-12-30 18:50:23.720 [INFO] [IEC104] Client 39708430 event = CLOSED
2025-12-30 18:50:24.738 [INFO] [IEC104] Connection request from 192.168.1.57
2025-12-30 18:50:24.748 [INFO] [Client->GW] => General Interrogation from SCADA
2025-12-30 18:50:24.764 [INFO] [GW -> Client] GI-ME  CA=1, IOA=4352 ValueFloat=0 ValueBool=False
2025-12-30 18:50:24.779 [INFO] [GW -> Client] GI-ME  CA=1, IOA=4354 ValueFloat=0 ValueBool=False
2025-12-30 18:50:24.795 [INFO] [GW -> Client] GI-ME  CA=1, IOA=4356 ValueFloat=0 ValueBool=False
2025-12-30 18:50:24.811 [INFO] [GW -> Client] GI-ME  CA=1, IOA=4392 ValueFloat=0 ValueBool=False
2025-12-30 18:50:24.826 [INFO] [GW -> Client] GI-ME  CA=1, IOA=4394 ValueFloat=0 ValueBool=False
2025-12-30 18:50:24.842 [INFO] [GW -> Client] GI-ME  CA=1, IOA=4396 ValueFloat=0 ValueBool=False
2025-12-30 18:50:24.856 [INFO] [GW -> Client] GI-ME  CA=1, IOA=8322 ValueFloat=0 ValueBool=False
2025-12-30 18:50:24.869 [INFO] [GW -> Client] GI-ME  CA=1, IOA=8323 ValueFloat=0 ValueBool=False
2025-12-30 18:50:39.871 [INFO] [IEC104] Client 20711291 event = CLOSED
2025-12-30 18:50:40.887 [INFO] [IEC104] Connection request from 192.168.1.57
2025-12-30 18:50:40.904 [INFO] [Client->GW] => General Interrogation from SCADA
2025-12-30 18:50:40.920 [INFO] [GW -> Client] GI-ME  CA=1, IOA=4352 ValueFloat=0 ValueBool=False
2025-12-30 18:50:40.935 [INFO] [GW -> Client] GI-ME  CA=1, IOA=4354 ValueFloat=0 ValueBool=False
2025-12-30 18:50:40.950 [INFO] [GW -> Client] GI-ME  CA=1, IOA=4356 ValueFloat=0 ValueBool=False
2025-12-30 18:50:40.968 [INFO] [GW -> Client] GI-ME  CA=1, IOA=4392 ValueFloat=0 ValueBool=False
2025-12-30 18:50:40.983 [INFO] [GW -> Client] GI-ME  CA=1, IOA=4394 ValueFloat=0 ValueBool=False
2025-12-30 18:50:40.999 [INFO] [GW -> Client] GI-ME  CA=1, IOA=4396 ValueFloat=0 ValueBool=False
2025-12-30 18:50:41.014 [INFO] [GW -> Client] GI-ME  CA=1, IOA=8322 ValueFloat=0 ValueBool=False
2025-12-30 18:50:41.027 [INFO] [GW -> Client] GI-ME  CA=1, IOA=8323 ValueFloat=0 ValueBool=False
2025-12-30 18:50:56.038 [INFO] [IEC104] Client 3507083 event = CLOSED
2025-12-30 18:50:57.052 [INFO] [IEC104] Connection request from 192.168.1.57
2025-12-30 18:50:57.134 [INFO] [Client->GW] => General Interrogation from SCADA
2025-12-30 18:50:57.149 [INFO] [GW -> Client] GI-ME  CA=1, IOA=4352 ValueFloat=0 ValueBool=False
2025-12-30 18:50:57.165 [INFO] [GW -> Client] GI-ME  CA=1, IOA=4354 ValueFloat=0 ValueBool=False
2025-12-30 18:50:57.180 [INFO] [GW -> Client] GI-ME  CA=1, IOA=4356 ValueFloat=0 ValueBool=False
2025-12-30 18:50:57.196 [INFO] [GW -> Client] GI-ME  CA=1, IOA=4392 ValueFloat=0 ValueBool=False
2025-12-30 18:50:57.212 [INFO] [GW -> Client] GI-ME  CA=1, IOA=4394 ValueFloat=0 ValueBool=False
2025-12-30 18:50:57.228 [INFO] [GW -> Client] GI-ME  CA=1, IOA=4396 ValueFloat=0 ValueBool=False
2025-12-30 18:50:57.241 [INFO] [GW -> Client] GI-ME  CA=1, IOA=8322 ValueFloat=0 ValueBool=False
2025-12-30 18:50:57.256 [INFO] [GW -> Client] GI-ME  CA=1, IOA=8323 ValueFloat=0 ValueBool=False
2025-12-30 18:51:12.260 [INFO] [IEC104] Client 33973401 event = CLOSED
2025-12-30 18:51:13.283 [INFO] [IEC104] Connection request from 192.168.1.57
2025-12-30 18:51:13.348 [INFO] [Client->GW] => General Interrogation from SCADA
2025-12-30 18:51:13.365 [INFO] [GW -> Client] GI-ME  CA=1, IOA=4352 ValueFloat=0 ValueBool=False
2025-12-30 18:51:13.380 [INFO] [GW -> Client] GI-ME  CA=1, IOA=4354 ValueFloat=0 ValueBool=False
2025-12-30 18:51:13.396 [INFO] [GW -> Client] GI-ME  CA=1, IOA=4356 ValueFloat=0 ValueBool=False
2025-12-30 18:51:13.411 [INFO] [GW -> Client] GI-ME  CA=1, IOA=4392 ValueFloat=0 ValueBool=False
2025-12-30 18:51:13.427 [INFO] [GW -> Client] GI-ME  CA=1, IOA=4394 ValueFloat=0 ValueBool=False
2025-12-30 18:51:13.443 [INFO] [GW -> Client] GI-ME  CA=1, IOA=4396 ValueFloat=0 ValueBool=False
2025-12-30 18:51:13.457 [INFO] [GW -> Client] GI-ME  CA=1, IOA=8322 ValueFloat=0 ValueBool=False
2025-12-30 18:51:13.471 [INFO] [GW -> Client] GI-ME  CA=1, IOA=8323 ValueFloat=0 ValueBool=False
2025-12-30 18:51:28.499 [INFO] [IEC104] Client 53844594 event = CLOSED
2025-12-30 18:51:29.517 [INFO] [IEC104] Connection request from 192.168.1.57
2025-12-30 18:51:29.575 [INFO] [Client->GW] => General Interrogation from SCADA
2025-12-30 18:51:29.590 [INFO] [GW -> Client] GI-ME  CA=1, IOA=4352 ValueFloat=0 ValueBool=False
2025-12-30 18:51:29.606 [INFO] [GW -> Client] GI-ME  CA=1, IOA=4354 ValueFloat=0 ValueBool=False
2025-12-30 18:51:29.621 [INFO] [GW -> Client] GI-ME  CA=1, IOA=4356 ValueFloat=0 ValueBool=False
2025-12-30 18:51:29.636 [INFO] [GW -> Client] GI-ME  CA=1, IOA=4392 ValueFloat=0 ValueBool=False
2025-12-30 18:51:29.651 [INFO] [GW -> Client] GI-ME  CA=1, IOA=4394 ValueFloat=0 ValueBool=False
2025-12-30 18:51:29.665 [INFO] [GW -> Client] GI-ME  CA=1, IOA=4396 ValueFloat=0 ValueBool=False
2025-12-30 18:51:29.679 [INFO] [GW -> Client] GI-ME  CA=1, IOA=8322 ValueFloat=0 ValueBool=False
2025-12-30 18:51:29.693 [INFO] [GW -> Client] GI-ME  CA=1, IOA=8323 ValueFloat=0 ValueBool=False
2025-12-30 18:51:44.714 [INFO] [IEC104] Client 44154403 event = CLOSED
2025-12-30 18:51:45.735 [INFO] [IEC104] Connection request from 192.168.1.57
2025-12-30 18:51:45.803 [INFO] [Client->GW] => General Interrogation from SCADA
2025-12-30 18:51:45.819 [INFO] [GW -> Client] GI-ME  CA=1, IOA=4352 ValueFloat=0 ValueBool=False
2025-12-30 18:51:45.835 [INFO] [GW -> Client] GI-ME  CA=1, IOA=4354 ValueFloat=0 ValueBool=False
2025-12-30 18:51:45.850 [INFO] [GW -> Client] GI-ME  CA=1, IOA=4356 ValueFloat=0 ValueBool=False
2025-12-30 18:51:45.865 [INFO] [GW -> Client] GI-ME  CA=1, IOA=4392 ValueFloat=0 ValueBool=False
2025-12-30 18:51:45.880 [INFO] [GW -> Client] GI-ME  CA=1, IOA=4394 ValueFloat=0 ValueBool=False
2025-12-30 18:51:45.895 [INFO] [GW -> Client] GI-ME  CA=1, IOA=4396 ValueFloat=0 ValueBool=False
2025-12-30 18:51:45.910 [INFO] [GW -> Client] GI-ME  CA=1, IOA=8322 ValueFloat=0 ValueBool=False
2025-12-30 18:51:45.924 [INFO] [GW -> Client] GI-ME  CA=1, IOA=8323 ValueFloat=0 ValueBool=False
2025-12-30 18:52:00.944 [INFO] [IEC104] Client 56894344 event = CLOSED
2025-12-30 18:52:01.982 [INFO] [IEC104] Connection request from 192.168.1.57
2025-12-30 18:52:02.049 [INFO] [Client->GW] => General Interrogation from SCADA
2025-12-30 18:52:02.066 [INFO] [GW -> Client] GI-ME  CA=1, IOA=4352 ValueFloat=0 ValueBool=False
2025-12-30 18:52:02.080 [INFO] [GW -> Client] GI-ME  CA=1, IOA=4354 ValueFloat=0 ValueBool=False
2025-12-30 18:52:02.095 [INFO] [GW -> Client] GI-ME  CA=1, IOA=4356 ValueFloat=0 ValueBool=False
2025-12-30 18:52:02.111 [INFO] [GW -> Client] GI-ME  CA=1, IOA=4392 ValueFloat=0 ValueBool=False
2025-12-30 18:52:02.126 [INFO] [GW -> Client] GI-ME  CA=1, IOA=4394 ValueFloat=0 ValueBool=False
2025-12-30 18:52:02.141 [INFO] [GW -> Client] GI-ME  CA=1, IOA=4396 ValueFloat=0 ValueBool=False
2025-12-30 18:52:02.155 [INFO] [GW -> Client] GI-ME  CA=1, IOA=8322 ValueFloat=0 ValueBool=False
2025-12-30 18:52:02.169 [INFO] [GW -> Client] GI-ME  CA=1, IOA=8323 ValueFloat=0 ValueBool=False
2025-12-30 18:52:17.192 [INFO] [IEC104] Client 27634366 event = CLOSED
2025-12-30 18:52:18.209 [INFO] [IEC104] Connection request from 192.168.1.57
2025-12-30 18:52:18.275 [INFO] [Client->GW] => General Interrogation from SCADA
2025-12-30 18:52:18.291 [INFO] [GW -> Client] GI-ME  CA=1, IOA=4352 ValueFloat=0 ValueBool=False
2025-12-30 18:52:18.306 [INFO] [GW -> Client] GI-ME  CA=1, IOA=4354 ValueFloat=0 ValueBool=False
2025-12-30 18:52:18.321 [INFO] [GW -> Client] GI-ME  CA=1, IOA=4356 ValueFloat=0 ValueBool=False
2025-12-30 18:52:18.337 [INFO] [GW -> Client] GI-ME  CA=1, IOA=4392 ValueFloat=0 ValueBool=False
2025-12-30 18:52:18.353 [INFO] [GW -> Client] GI-ME  CA=1, IOA=4394 ValueFloat=0 ValueBool=False
2025-12-30 18:52:18.368 [INFO] [GW -> Client] GI-ME  CA=1, IOA=4396 ValueFloat=0 ValueBool=False
2025-12-30 18:52:18.382 [INFO] [GW -> Client] GI-ME  CA=1, IOA=8322 ValueFloat=0 ValueBool=False
2025-12-30 18:52:18.396 [INFO] [GW -> Client] GI-ME  CA=1, IOA=8323 ValueFloat=0 ValueBool=False
2025-12-30 18:52:33.398 [INFO] [IEC104] Client 52947120 event = CLOSED
2025-12-30 18:52:34.417 [INFO] [IEC104] Connection request from 192.168.1.57
2025-12-30 18:52:34.425 [INFO] [Client->GW] => General Interrogation from SCADA
2025-12-30 18:52:34.440 [INFO] [GW -> Client] GI-ME  CA=1, IOA=4352 ValueFloat=0 ValueBool=False
2025-12-30 18:52:34.456 [INFO] [GW -> Client] GI-ME  CA=1, IOA=4354 ValueFloat=0 ValueBool=False
2025-12-30 18:52:34.471 [INFO] [GW -> Client] GI-ME  CA=1, IOA=4356 ValueFloat=0 ValueBool=False
2025-12-30 18:52:34.486 [INFO] [GW -> Client] GI-ME  CA=1, IOA=4392 ValueFloat=0 ValueBool=False
2025-12-30 18:52:34.505 [INFO] [GW -> Client] GI-ME  CA=1, IOA=4394 ValueFloat=0 ValueBool=False
2025-12-30 18:52:34.520 [INFO] [GW -> Client] GI-ME  CA=1, IOA=4396 ValueFloat=0 ValueBool=False
2025-12-30 18:52:34.534 [INFO] [GW -> Client] GI-ME  CA=1, IOA=8322 ValueFloat=0 ValueBool=False
2025-12-30 18:52:34.548 [INFO] [GW -> Client] GI-ME  CA=1, IOA=8323 ValueFloat=0 ValueBool=False
2025-12-30 18:52:49.559 [INFO] [IEC104] Client 42592517 event = CLOSED
2025-12-30 18:52:50.571 [INFO] [IEC104] Connection request from 192.168.1.57
2025-12-30 18:52:50.637 [INFO] [Client->GW] => General Interrogation from SCADA
2025-12-30 18:52:50.653 [INFO] [GW -> Client] GI-ME  CA=1, IOA=4352 ValueFloat=0 ValueBool=False
2025-12-30 18:52:50.668 [INFO] [GW -> Client] GI-ME  CA=1, IOA=4354 ValueFloat=0 ValueBool=False
2025-12-30 18:52:50.683 [INFO] [GW -> Client] GI-ME  CA=1, IOA=4356 ValueFloat=0 ValueBool=False
2025-12-30 18:52:50.698 [INFO] [GW -> Client] GI-ME  CA=1, IOA=4392 ValueFloat=0 ValueBool=False
2025-12-30 18:52:50.714 [INFO] [GW -> Client] GI-ME  CA=1, IOA=4394 ValueFloat=0 ValueBool=False
2025-12-30 18:52:50.731 [INFO] [GW -> Client] GI-ME  CA=1, IOA=4396 ValueFloat=0 ValueBool=False
2025-12-30 18:52:50.744 [INFO] [GW -> Client] GI-ME  CA=1, IOA=8322 ValueFloat=0 ValueBool=False
2025-12-30 18:52:50.759 [INFO] [GW -> Client] GI-ME  CA=1, IOA=8323 ValueFloat=0 ValueBool=False
2025-12-30 18:53:05.784 [INFO] [IEC104] Client 6194061 event = CLOSED
2025-12-30 18:53:06.798 [INFO] [IEC104] Connection request from 192.168.1.57
2025-12-30 18:53:06.813 [INFO] [Client->GW] => General Interrogation from SCADA
2025-12-30 18:53:06.828 [INFO] [GW -> Client] GI-ME  CA=1, IOA=4352 ValueFloat=0 ValueBool=False
2025-12-30 18:53:06.844 [INFO] [GW -> Client] GI-ME  CA=1, IOA=4354 ValueFloat=0 ValueBool=False
2025-12-30 18:53:06.860 [INFO] [GW -> Client] GI-ME  CA=1, IOA=4356 ValueFloat=0 ValueBool=False
2025-12-30 18:53:06.876 [INFO] [GW -> Client] GI-ME  CA=1, IOA=4392 ValueFloat=0 ValueBool=False
2025-12-30 18:53:06.892 [INFO] [GW -> Client] GI-ME  CA=1, IOA=4394 ValueFloat=0 ValueBool=False
2025-12-30 18:53:06.908 [INFO] [GW -> Client] GI-ME  CA=1, IOA=4396 ValueFloat=0 ValueBool=False
2025-12-30 18:53:06.922 [INFO] [GW -> Client] GI-ME  CA=1, IOA=8322 ValueFloat=0 ValueBool=False
2025-12-30 18:53:06.936 [INFO] [GW -> Client] GI-ME  CA=1, IOA=8323 ValueFloat=0 ValueBool=False
2025-12-30 18:53:21.961 [INFO] [IEC104] Client 28584386 event = CLOSED
2025-12-30 18:53:22.982 [INFO] [IEC104] Connection request from 192.168.1.57
2025-12-30 18:53:23.000 [INFO] [Client->GW] => General Interrogation from SCADA
2025-12-30 18:53:23.015 [INFO] [GW -> Client] GI-ME  CA=1, IOA=4352 ValueFloat=0 ValueBool=False
2025-12-30 18:53:23.031 [INFO] [GW -> Client] GI-ME  CA=1, IOA=4354 ValueFloat=0 ValueBool=False
2025-12-30 18:53:23.047 [INFO] [GW -> Client] GI-ME  CA=1, IOA=4356 ValueFloat=0 ValueBool=False
2025-12-30 18:53:23.062 [INFO] [GW -> Client] GI-ME  CA=1, IOA=4392 ValueFloat=0 ValueBool=False
2025-12-30 18:53:23.078 [INFO] [GW -> Client] GI-ME  CA=1, IOA=4394 ValueFloat=0 ValueBool=False
2025-12-30 18:53:23.093 [INFO] [GW -> Client] GI-ME  CA=1, IOA=4396 ValueFloat=0 ValueBool=False
2025-12-30 18:53:23.107 [INFO] [GW -> Client] GI-ME  CA=1, IOA=8322 ValueFloat=0 ValueBool=False
2025-12-30 18:53:23.122 [INFO] [GW -> Client] GI-ME  CA=1, IOA=8323 ValueFloat=0 ValueBool=False
2025-12-30 18:53:38.149 [INFO] [IEC104] Client 43779803 event = CLOSED
2025-12-30 18:53:39.166 [INFO] [IEC104] Connection request from 192.168.1.57
2025-12-30 18:53:39.181 [INFO] [Client->GW] => General Interrogation from SCADA
2025-12-30 18:53:39.198 [INFO] [GW -> Client] GI-ME  CA=1, IOA=4352 ValueFloat=0 ValueBool=False
2025-12-30 18:53:39.214 [INFO] [GW -> Client] GI-ME  CA=1, IOA=4354 ValueFloat=0 ValueBool=False
2025-12-30 18:53:39.230 [INFO] [GW -> Client] GI-ME  CA=1, IOA=4356 ValueFloat=0 ValueBool=False
2025-12-30 18:53:39.246 [INFO] [GW -> Client] GI-ME  CA=1, IOA=4392 ValueFloat=0 ValueBool=False
2025-12-30 18:53:39.262 [INFO] [GW -> Client] GI-ME  CA=1, IOA=4394 ValueFloat=0 ValueBool=False
2025-12-30 18:53:39.277 [INFO] [GW -> Client] GI-ME  CA=1, IOA=4396 ValueFloat=0 ValueBool=False
2025-12-30 18:53:39.292 [INFO] [GW -> Client] GI-ME  CA=1, IOA=8322 ValueFloat=0 ValueBool=False
2025-12-30 18:53:39.306 [INFO] [GW -> Client] GI-ME  CA=1, IOA=8323 ValueFloat=0 ValueBool=False
2025-12-30 18:53:54.315 [INFO] [IEC104] Client 44360900 event = CLOSED
2025-12-30 18:53:55.327 [INFO] [IEC104] Connection request from 192.168.1.57
2025-12-30 18:53:55.395 [INFO] [Client->GW] => General Interrogation from SCADA
2025-12-30 18:53:55.411 [INFO] [GW -> Client] GI-ME  CA=1, IOA=4352 ValueFloat=0 ValueBool=False
2025-12-30 18:53:55.426 [INFO] [GW -> Client] GI-ME  CA=1, IOA=4354 ValueFloat=0 ValueBool=False
2025-12-30 18:53:55.442 [INFO] [GW -> Client] GI-ME  CA=1, IOA=4356 ValueFloat=0 ValueBool=False
2025-12-30 18:53:55.458 [INFO] [GW -> Client] GI-ME  CA=1, IOA=4392 ValueFloat=0 ValueBool=False
2025-12-30 18:53:55.473 [INFO] [GW -> Client] GI-ME  CA=1, IOA=4394 ValueFloat=0 ValueBool=False
2025-12-30 18:53:55.488 [INFO] [GW -> Client] GI-ME  CA=1, IOA=4396 ValueFloat=0 ValueBool=False
2025-12-30 18:53:55.504 [INFO] [GW -> Client] GI-ME  CA=1, IOA=8322 ValueFloat=0 ValueBool=False
2025-12-30 18:53:55.517 [INFO] [GW -> Client] GI-ME  CA=1, IOA=8323 ValueFloat=0 ValueBool=False
2025-12-30 18:54:10.540 [INFO] [IEC104] Client 16160179 event = CLOSED
2025-12-30 18:54:11.549 [INFO] [IEC104] Connection request from 192.168.1.57
2025-12-30 18:54:11.568 [INFO] [Client->GW] => General Interrogation from SCADA
2025-12-30 18:54:11.583 [INFO] [GW -> Client] GI-ME  CA=1, IOA=4352 ValueFloat=0 ValueBool=False
2025-12-30 18:54:11.599 [INFO] [GW -> Client] GI-ME  CA=1, IOA=4354 ValueFloat=0 ValueBool=False
2025-12-30 18:54:11.615 [INFO] [GW -> Client] GI-ME  CA=1, IOA=4356 ValueFloat=0 ValueBool=False
2025-12-30 18:54:11.631 [INFO] [GW -> Client] GI-ME  CA=1, IOA=4392 ValueFloat=0 ValueBool=False
2025-12-30 18:54:11.646 [INFO] [GW -> Client] GI-ME  CA=1, IOA=4394 ValueFloat=0 ValueBool=False
2025-12-30 18:54:11.662 [INFO] [GW -> Client] GI-ME  CA=1, IOA=4396 ValueFloat=0 ValueBool=False
2025-12-30 18:54:11.675 [INFO] [GW -> Client] GI-ME  CA=1, IOA=8322 ValueFloat=0 ValueBool=False
2025-12-30 18:54:11.689 [INFO] [GW -> Client] GI-ME  CA=1, IOA=8323 ValueFloat=0 ValueBool=False
2025-12-30 18:54:26.707 [INFO] [IEC104] Client 3064057 event = CLOSED
2025-12-30 18:54:27.725 [INFO] [IEC104] Connection request from 192.168.1.57
2025-12-30 18:54:27.797 [INFO] [Client->GW] => General Interrogation from SCADA
2025-12-30 18:54:27.815 [INFO] [GW -> Client] GI-ME  CA=1, IOA=4352 ValueFloat=0 ValueBool=False
2025-12-30 18:54:27.830 [INFO] [GW -> Client] GI-ME  CA=1, IOA=4354 ValueFloat=0 ValueBool=False
2025-12-30 18:54:27.845 [INFO] [GW -> Client] GI-ME  CA=1, IOA=4356 ValueFloat=0 ValueBool=False
2025-12-30 18:54:27.860 [INFO] [GW -> Client] GI-ME  CA=1, IOA=4392 ValueFloat=0 ValueBool=False
2025-12-30 18:54:27.875 [INFO] [GW -> Client] GI-ME  CA=1, IOA=4394 ValueFloat=0 ValueBool=False
2025-12-30 18:54:27.890 [INFO] [GW -> Client] GI-ME  CA=1, IOA=4396 ValueFloat=0 ValueBool=False
2025-12-30 18:54:27.904 [INFO] [GW -> Client] GI-ME  CA=1, IOA=8322 ValueFloat=0 ValueBool=False
2025-12-30 18:54:27.918 [INFO] [GW -> Client] GI-ME  CA=1, IOA=8323 ValueFloat=0 ValueBool=False
2025-12-30 18:54:42.923 [INFO] [IEC104] Client 16058984 event = CLOSED
2025-12-30 18:54:43.942 [INFO] [IEC104] Connection request from 192.168.1.57
2025-12-30 18:54:44.013 [INFO] [Client->GW] => General Interrogation from SCADA
2025-12-30 18:54:44.029 [INFO] [GW -> Client] GI-ME  CA=1, IOA=4352 ValueFloat=0 ValueBool=False
2025-12-30 18:54:44.044 [INFO] [GW -> Client] GI-ME  CA=1, IOA=4354 ValueFloat=0 ValueBool=False
2025-12-30 18:54:44.060 [INFO] [GW -> Client] GI-ME  CA=1, IOA=4356 ValueFloat=0 ValueBool=False
2025-12-30 18:54:44.075 [INFO] [GW -> Client] GI-ME  CA=1, IOA=4392 ValueFloat=0 ValueBool=False
2025-12-30 18:54:44.091 [INFO] [GW -> Client] GI-ME  CA=1, IOA=4394 ValueFloat=0 ValueBool=False
2025-12-30 18:54:44.106 [INFO] [GW -> Client] GI-ME  CA=1, IOA=4396 ValueFloat=0 ValueBool=False
2025-12-30 18:54:44.119 [INFO] [GW -> Client] GI-ME  CA=1, IOA=8322 ValueFloat=0 ValueBool=False
2025-12-30 18:54:44.133 [INFO] [GW -> Client] GI-ME  CA=1, IOA=8323 ValueFloat=0 ValueBool=False
2025-12-30 18:54:59.144 [INFO] [IEC104] Client 43997407 event = CLOSED
2025-12-30 18:55:00.164 [INFO] [IEC104] Connection request from 192.168.1.57
2025-12-30 18:55:00.174 [INFO] [Client->GW] => General Interrogation from SCADA
2025-12-30 18:55:00.190 [INFO] [GW -> Client] GI-ME  CA=1, IOA=4352 ValueFloat=0 ValueBool=False
2025-12-30 18:55:00.205 [INFO] [GW -> Client] GI-ME  CA=1, IOA=4354 ValueFloat=0 ValueBool=False
2025-12-30 18:55:00.221 [INFO] [GW -> Client] GI-ME  CA=1, IOA=4356 ValueFloat=0 ValueBool=False
2025-12-30 18:55:00.237 [INFO] [GW -> Client] GI-ME  CA=1, IOA=4392 ValueFloat=0 ValueBool=False
2025-12-30 18:55:00.252 [INFO] [GW -> Client] GI-ME  CA=1, IOA=4394 ValueFloat=0 ValueBool=False
2025-12-30 18:55:00.267 [INFO] [GW -> Client] GI-ME  CA=1, IOA=4396 ValueFloat=0 ValueBool=False
2025-12-30 18:55:00.282 [INFO] [GW -> Client] GI-ME  CA=1, IOA=8322 ValueFloat=0 ValueBool=False
2025-12-30 18:55:00.297 [INFO] [GW -> Client] GI-ME  CA=1, IOA=8323 ValueFloat=0 ValueBool=False
2025-12-30 18:55:15.312 [INFO] [IEC104] Client 43935389 event = CLOSED
2025-12-30 18:55:16.332 [INFO] [IEC104] Connection request from 192.168.1.57
2025-12-30 18:55:16.405 [INFO] [Client->GW] => General Interrogation from SCADA
2025-12-30 18:55:16.420 [INFO] [GW -> Client] GI-ME  CA=1, IOA=4352 ValueFloat=0 ValueBool=False
2025-12-30 18:55:16.435 [INFO] [GW -> Client] GI-ME  CA=1, IOA=4354 ValueFloat=0 ValueBool=False
2025-12-30 18:55:16.451 [INFO] [GW -> Client] GI-ME  CA=1, IOA=4356 ValueFloat=0 ValueBool=False
2025-12-30 18:55:16.467 [INFO] [GW -> Client] GI-ME  CA=1, IOA=4392 ValueFloat=0 ValueBool=False
2025-12-30 18:55:16.483 [INFO] [GW -> Client] GI-ME  CA=1, IOA=4394 ValueFloat=0 ValueBool=False
2025-12-30 18:55:16.498 [INFO] [GW -> Client] GI-ME  CA=1, IOA=4396 ValueFloat=0 ValueBool=False
2025-12-30 18:55:16.513 [INFO] [GW -> Client] GI-ME  CA=1, IOA=8322 ValueFloat=0 ValueBool=False
2025-12-30 18:55:16.528 [INFO] [GW -> Client] GI-ME  CA=1, IOA=8323 ValueFloat=0 ValueBool=False
2025-12-30 18:55:31.556 [INFO] [IEC104] Client 43370094 event = CLOSED
2025-12-30 18:55:32.579 [INFO] [IEC104] Connection request from 192.168.1.57
2025-12-30 18:55:32.588 [INFO] [Client->GW] => General Interrogation from SCADA
2025-12-30 18:55:32.603 [INFO] [GW -> Client] GI-ME  CA=1, IOA=4352 ValueFloat=0 ValueBool=False
2025-12-30 18:55:32.619 [INFO] [GW -> Client] GI-ME  CA=1, IOA=4354 ValueFloat=0 ValueBool=False
2025-12-30 18:55:32.634 [INFO] [GW -> Client] GI-ME  CA=1, IOA=4356 ValueFloat=0 ValueBool=False
2025-12-30 18:55:32.649 [INFO] [GW -> Client] GI-ME  CA=1, IOA=4392 ValueFloat=0 ValueBool=False
2025-12-30 18:55:32.664 [INFO] [GW -> Client] GI-ME  CA=1, IOA=4394 ValueFloat=0 ValueBool=False
2025-12-30 18:55:32.679 [INFO] [GW -> Client] GI-ME  CA=1, IOA=4396 ValueFloat=0 ValueBool=False
2025-12-30 18:55:32.693 [INFO] [GW -> Client] GI-ME  CA=1, IOA=8322 ValueFloat=0 ValueBool=False
2025-12-30 18:55:32.707 [INFO] [GW -> Client] GI-ME  CA=1, IOA=8323 ValueFloat=0 ValueBool=False
2025-12-30 18:55:47.722 [INFO] [IEC104] Client 19150613 event = CLOSED
2025-12-30 18:55:48.737 [INFO] [IEC104] Connection request from 192.168.1.57
2025-12-30 18:55:48.800 [INFO] [Client->GW] => General Interrogation from SCADA
2025-12-30 18:55:48.816 [INFO] [GW -> Client] GI-ME  CA=1, IOA=4352 ValueFloat=0 ValueBool=False
2025-12-30 18:55:48.831 [INFO] [GW -> Client] GI-ME  CA=1, IOA=4354 ValueFloat=0 ValueBool=False
2025-12-30 18:55:48.847 [INFO] [GW -> Client] GI-ME  CA=1, IOA=4356 ValueFloat=0 ValueBool=False
2025-12-30 18:55:48.863 [INFO] [GW -> Client] GI-ME  CA=1, IOA=4392 ValueFloat=0 ValueBool=False
2025-12-30 18:55:48.878 [INFO] [GW -> Client] GI-ME  CA=1, IOA=4394 ValueFloat=0 ValueBool=False
2025-12-30 18:55:48.893 [INFO] [GW -> Client] GI-ME  CA=1, IOA=4396 ValueFloat=0 ValueBool=False
2025-12-30 18:55:48.908 [INFO] [GW -> Client] GI-ME  CA=1, IOA=8322 ValueFloat=0 ValueBool=False
2025-12-30 18:55:48.922 [INFO] [GW -> Client] GI-ME  CA=1, IOA=8323 ValueFloat=0 ValueBool=False
2025-12-30 18:56:03.930 [INFO] [IEC104] Client 57609165 event = CLOSED
2025-12-30 18:56:04.939 [INFO] [IEC104] Connection request from 192.168.1.57
2025-12-30 18:56:04.950 [INFO] [Client->GW] => General Interrogation from SCADA
2025-12-30 18:56:04.965 [INFO] [GW -> Client] GI-ME  CA=1, IOA=4352 ValueFloat=0 ValueBool=False
2025-12-30 18:56:04.980 [INFO] [GW -> Client] GI-ME  CA=1, IOA=4354 ValueFloat=0 ValueBool=False
2025-12-30 18:56:04.996 [INFO] [GW -> Client] GI-ME  CA=1, IOA=4356 ValueFloat=0 ValueBool=False
2025-12-30 18:56:05.012 [INFO] [GW -> Client] GI-ME  CA=1, IOA=4392 ValueFloat=0 ValueBool=False
2025-12-30 18:56:05.028 [INFO] [GW -> Client] GI-ME  CA=1, IOA=4394 ValueFloat=0 ValueBool=False
2025-12-30 18:56:05.043 [INFO] [GW -> Client] GI-ME  CA=1, IOA=4396 ValueFloat=0 ValueBool=False
2025-12-30 18:56:05.058 [INFO] [GW -> Client] GI-ME  CA=1, IOA=8322 ValueFloat=0 ValueBool=False
2025-12-30 18:56:05.073 [INFO] [GW -> Client] GI-ME  CA=1, IOA=8323 ValueFloat=0 ValueBool=False
2025-12-30 18:56:20.099 [INFO] [IEC104] Client 41280924 event = CLOSED
2025-12-30 18:56:21.122 [INFO] [IEC104] Connection request from 192.168.1.57
2025-12-30 18:56:21.189 [INFO] [Client->GW] => General Interrogation from SCADA
2025-12-30 18:56:21.205 [INFO] [GW -> Client] GI-ME  CA=1, IOA=4352 ValueFloat=0 ValueBool=False
2025-12-30 18:56:21.220 [INFO] [GW -> Client] GI-ME  CA=1, IOA=4354 ValueFloat=0 ValueBool=False
2025-12-30 18:56:21.235 [INFO] [GW -> Client] GI-ME  CA=1, IOA=4356 ValueFloat=0 ValueBool=False
2025-12-30 18:56:21.250 [INFO] [GW -> Client] GI-ME  CA=1, IOA=4392 ValueFloat=0 ValueBool=False
2025-12-30 18:56:21.265 [INFO] [GW -> Client] GI-ME  CA=1, IOA=4394 ValueFloat=0 ValueBool=False
2025-12-30 18:56:21.281 [INFO] [GW -> Client] GI-ME  CA=1, IOA=4396 ValueFloat=0 ValueBool=False
2025-12-30 18:56:21.295 [INFO] [GW -> Client] GI-ME  CA=1, IOA=8322 ValueFloat=0 ValueBool=False
2025-12-30 18:56:21.309 [INFO] [GW -> Client] GI-ME  CA=1, IOA=8323 ValueFloat=0 ValueBool=False
2025-12-30 18:56:36.336 [INFO] [IEC104] Client 15044487 event = CLOSED
2025-12-30 18:56:37.345 [INFO] [IEC104] Connection request from 192.168.1.57
2025-12-30 18:56:37.354 [INFO] [Client->GW] => General Interrogation from SCADA
2025-12-30 18:56:37.370 [INFO] [GW -> Client] GI-ME  CA=1, IOA=4352 ValueFloat=0 ValueBool=False
2025-12-30 18:56:37.384 [INFO] [GW -> Client] GI-ME  CA=1, IOA=4354 ValueFloat=0 ValueBool=False
2025-12-30 18:56:37.400 [INFO] [GW -> Client] GI-ME  CA=1, IOA=4356 ValueFloat=0 ValueBool=False
2025-12-30 18:56:37.417 [INFO] [GW -> Client] GI-ME  CA=1, IOA=4392 ValueFloat=0 ValueBool=False
2025-12-30 18:56:37.433 [INFO] [GW -> Client] GI-ME  CA=1, IOA=4394 ValueFloat=0 ValueBool=False
2025-12-30 18:56:37.448 [INFO] [GW -> Client] GI-ME  CA=1, IOA=4396 ValueFloat=0 ValueBool=False
2025-12-30 18:56:37.462 [INFO] [GW -> Client] GI-ME  CA=1, IOA=8322 ValueFloat=0 ValueBool=False
2025-12-30 18:56:37.476 [INFO] [GW -> Client] GI-ME  CA=1, IOA=8323 ValueFloat=0 ValueBool=False
2025-12-30 18:56:52.498 [INFO] [IEC104] Client 5899351 event = CLOSED
2025-12-30 18:56:53.511 [INFO] [IEC104] Connection request from 192.168.1.57
2025-12-30 18:56:53.521 [INFO] [Client->GW] => General Interrogation from SCADA
2025-12-30 18:56:53.537 [INFO] [GW -> Client] GI-ME  CA=1, IOA=4352 ValueFloat=0 ValueBool=False
2025-12-30 18:56:53.552 [INFO] [GW -> Client] GI-ME  CA=1, IOA=4354 ValueFloat=0 ValueBool=False
2025-12-30 18:56:53.567 [INFO] [GW -> Client] GI-ME  CA=1, IOA=4356 ValueFloat=0 ValueBool=False
2025-12-30 18:56:53.582 [INFO] [GW -> Client] GI-ME  CA=1, IOA=4392 ValueFloat=0 ValueBool=False
2025-12-30 18:56:53.598 [INFO] [GW -> Client] GI-ME  CA=1, IOA=4394 ValueFloat=0 ValueBool=False
2025-12-30 18:56:53.613 [INFO] [GW -> Client] GI-ME  CA=1, IOA=4396 ValueFloat=0 ValueBool=False
2025-12-30 18:56:53.627 [INFO] [GW -> Client] GI-ME  CA=1, IOA=8322 ValueFloat=0 ValueBool=False
2025-12-30 18:56:53.641 [INFO] [GW -> Client] GI-ME  CA=1, IOA=8323 ValueFloat=0 ValueBool=False
2025-12-30 18:57:08.666 [INFO] [IEC104] Client 51623655 event = CLOSED
2025-12-30 18:57:09.682 [INFO] [IEC104] Connection request from 192.168.1.57
2025-12-30 18:57:09.753 [INFO] [Client->GW] => General Interrogation from SCADA
2025-12-30 18:57:09.768 [INFO] [GW -> Client] GI-ME  CA=1, IOA=4352 ValueFloat=0 ValueBool=False
2025-12-30 18:57:09.783 [INFO] [GW -> Client] GI-ME  CA=1, IOA=4354 ValueFloat=0 ValueBool=False
2025-12-30 18:57:09.800 [INFO] [GW -> Client] GI-ME  CA=1, IOA=4356 ValueFloat=0 ValueBool=False
2025-12-30 18:57:09.815 [INFO] [GW -> Client] GI-ME  CA=1, IOA=4392 ValueFloat=0 ValueBool=False
2025-12-30 18:57:09.831 [INFO] [GW -> Client] GI-ME  CA=1, IOA=4394 ValueFloat=0 ValueBool=False
2025-12-30 18:57:09.846 [INFO] [GW -> Client] GI-ME  CA=1, IOA=4396 ValueFloat=0 ValueBool=False
2025-12-30 18:57:09.861 [INFO] [GW -> Client] GI-ME  CA=1, IOA=8322 ValueFloat=0 ValueBool=False
2025-12-30 18:57:09.874 [INFO] [GW -> Client] GI-ME  CA=1, IOA=8323 ValueFloat=0 ValueBool=False
2025-12-30 18:57:24.902 [INFO] [IEC104] Client 25384524 event = CLOSED
2025-12-30 18:57:25.919 [INFO] [IEC104] Connection request from 192.168.1.57
2025-12-30 18:57:25.942 [INFO] [Client->GW] => General Interrogation from SCADA
2025-12-30 18:57:25.958 [INFO] [GW -> Client] GI-ME  CA=1, IOA=4352 ValueFloat=0 ValueBool=False
2025-12-30 18:57:25.973 [INFO] [GW -> Client] GI-ME  CA=1, IOA=4354 ValueFloat=0 ValueBool=False
2025-12-30 18:57:25.989 [INFO] [GW -> Client] GI-ME  CA=1, IOA=4356 ValueFloat=0 ValueBool=False
2025-12-30 18:57:26.004 [INFO] [GW -> Client] GI-ME  CA=1, IOA=4392 ValueFloat=0 ValueBool=False
2025-12-30 18:57:26.021 [INFO] [GW -> Client] GI-ME  CA=1, IOA=4394 ValueFloat=0 ValueBool=False
2025-12-30 18:57:26.037 [INFO] [GW -> Client] GI-ME  CA=1, IOA=4396 ValueFloat=0 ValueBool=False
2025-12-30 18:57:26.052 [INFO] [GW -> Client] GI-ME  CA=1, IOA=8322 ValueFloat=0 ValueBool=False
2025-12-30 18:57:26.066 [INFO] [GW -> Client] GI-ME  CA=1, IOA=8323 ValueFloat=0 ValueBool=False
2025-12-30 18:57:41.075 [INFO] [IEC104] Client 5435960 event = CLOSED
2025-12-30 18:57:42.098 [INFO] [IEC104] Connection request from 192.168.1.57
2025-12-30 18:57:42.120 [INFO] [Client->GW] => General Interrogation from SCADA
2025-12-30 18:57:42.136 [INFO] [GW -> Client] GI-ME  CA=1, IOA=4352 ValueFloat=0 ValueBool=False
2025-12-30 18:57:42.151 [INFO] [GW -> Client] GI-ME  CA=1, IOA=4354 ValueFloat=0 ValueBool=False
2025-12-30 18:57:42.166 [INFO] [GW -> Client] GI-ME  CA=1, IOA=4356 ValueFloat=0 ValueBool=False
2025-12-30 18:57:42.181 [INFO] [GW -> Client] GI-ME  CA=1, IOA=4392 ValueFloat=0 ValueBool=False
2025-12-30 18:57:42.196 [INFO] [GW -> Client] GI-ME  CA=1, IOA=4394 ValueFloat=0 ValueBool=False
2025-12-30 18:57:42.211 [INFO] [GW -> Client] GI-ME  CA=1, IOA=4396 ValueFloat=0 ValueBool=False
2025-12-30 18:57:42.225 [INFO] [GW -> Client] GI-ME  CA=1, IOA=8322 ValueFloat=0 ValueBool=False
2025-12-30 18:57:42.240 [INFO] [GW -> Client] GI-ME  CA=1, IOA=8323 ValueFloat=0 ValueBool=False
2025-12-30 18:57:57.249 [INFO] [IEC104] Client 36538185 event = CLOSED
2025-12-30 18:57:58.266 [INFO] [IEC104] Connection request from 192.168.1.57
2025-12-30 18:57:58.326 [INFO] [Client->GW] => General Interrogation from SCADA
2025-12-30 18:57:58.342 [INFO] [GW -> Client] GI-ME  CA=1, IOA=4352 ValueFloat=0 ValueBool=False
2025-12-30 18:57:58.358 [INFO] [GW -> Client] GI-ME  CA=1, IOA=4354 ValueFloat=0 ValueBool=False
2025-12-30 18:57:58.374 [INFO] [GW -> Client] GI-ME  CA=1, IOA=4356 ValueFloat=0 ValueBool=False
2025-12-30 18:57:58.388 [INFO] [GW -> Client] GI-ME  CA=1, IOA=4392 ValueFloat=0 ValueBool=False
2025-12-30 18:57:58.404 [INFO] [GW -> Client] GI-ME  CA=1, IOA=4394 ValueFloat=0 ValueBool=False
2025-12-30 18:57:58.419 [INFO] [GW -> Client] GI-ME  CA=1, IOA=4396 ValueFloat=0 ValueBool=False
2025-12-30 18:57:58.433 [INFO] [GW -> Client] GI-ME  CA=1, IOA=8322 ValueFloat=0 ValueBool=False
2025-12-30 18:57:58.447 [INFO] [GW -> Client] GI-ME  CA=1, IOA=8323 ValueFloat=0 ValueBool=False
2025-12-30 18:58:13.467 [INFO] [IEC104] Client 12013920 event = CLOSED
2025-12-30 18:58:14.477 [INFO] [IEC104] Connection request from 192.168.1.57
2025-12-30 18:58:14.486 [INFO] [Client->GW] => General Interrogation from SCADA
2025-12-30 18:58:14.502 [INFO] [GW -> Client] GI-ME  CA=1, IOA=4352 ValueFloat=0 ValueBool=False
2025-12-30 18:58:14.517 [INFO] [GW -> Client] GI-ME  CA=1, IOA=4354 ValueFloat=0 ValueBool=False
2025-12-30 18:58:14.532 [INFO] [GW -> Client] GI-ME  CA=1, IOA=4356 ValueFloat=0 ValueBool=False
2025-12-30 18:58:14.549 [INFO] [GW -> Client] GI-ME  CA=1, IOA=4392 ValueFloat=0 ValueBool=False
2025-12-30 18:58:14.564 [INFO] [GW -> Client] GI-ME  CA=1, IOA=4394 ValueFloat=0 ValueBool=False
2025-12-30 18:58:14.579 [INFO] [GW -> Client] GI-ME  CA=1, IOA=4396 ValueFloat=0 ValueBool=False
2025-12-30 18:58:14.593 [INFO] [GW -> Client] GI-ME  CA=1, IOA=8322 ValueFloat=0 ValueBool=False
2025-12-30 18:58:14.606 [INFO] [GW -> Client] GI-ME  CA=1, IOA=8323 ValueFloat=0 ValueBool=False
2025-12-30 18:58:29.609 [INFO] [IEC104] Client 63280220 event = CLOSED
2025-12-30 18:58:30.627 [INFO] [IEC104] Connection request from 192.168.1.57
2025-12-30 18:58:30.646 [INFO] [Client->GW] => General Interrogation from SCADA
2025-12-30 18:58:30.663 [INFO] [GW -> Client] GI-ME  CA=1, IOA=4352 ValueFloat=0 ValueBool=False
2025-12-30 18:58:30.679 [INFO] [GW -> Client] GI-ME  CA=1, IOA=4354 ValueFloat=0 ValueBool=False
2025-12-30 18:58:30.694 [INFO] [GW -> Client] GI-ME  CA=1, IOA=4356 ValueFloat=0 ValueBool=False
2025-12-30 18:58:30.708 [INFO] [GW -> Client] GI-ME  CA=1, IOA=4392 ValueFloat=0 ValueBool=False
2025-12-30 18:58:30.724 [INFO] [GW -> Client] GI-ME  CA=1, IOA=4394 ValueFloat=0 ValueBool=False
2025-12-30 18:58:30.740 [INFO] [GW -> Client] GI-ME  CA=1, IOA=4396 ValueFloat=0 ValueBool=False
2025-12-30 18:58:30.754 [INFO] [GW -> Client] GI-ME  CA=1, IOA=8322 ValueFloat=0 ValueBool=False
2025-12-30 18:58:30.768 [INFO] [GW -> Client] GI-ME  CA=1, IOA=8323 ValueFloat=0 ValueBool=False
2025-12-30 18:58:45.784 [INFO] [IEC104] Client 10438447 event = CLOSED
2025-12-30 18:58:46.805 [INFO] [IEC104] Connection request from 192.168.1.57
2025-12-30 18:58:46.820 [INFO] [Client->GW] => General Interrogation from SCADA
2025-12-30 18:58:46.835 [INFO] [GW -> Client] GI-ME  CA=1, IOA=4352 ValueFloat=0 ValueBool=False
2025-12-30 18:58:46.850 [INFO] [GW -> Client] GI-ME  CA=1, IOA=4354 ValueFloat=0 ValueBool=False
2025-12-30 18:58:46.866 [INFO] [GW -> Client] GI-ME  CA=1, IOA=4356 ValueFloat=0 ValueBool=False
2025-12-30 18:58:46.881 [INFO] [GW -> Client] GI-ME  CA=1, IOA=4392 ValueFloat=0 ValueBool=False
2025-12-30 18:58:46.896 [INFO] [GW -> Client] GI-ME  CA=1, IOA=4394 ValueFloat=0 ValueBool=False
2025-12-30 18:58:46.912 [INFO] [GW -> Client] GI-ME  CA=1, IOA=4396 ValueFloat=0 ValueBool=False
2025-12-30 18:58:46.926 [INFO] [GW -> Client] GI-ME  CA=1, IOA=8322 ValueFloat=0 ValueBool=False
2025-12-30 18:58:46.941 [INFO] [GW -> Client] GI-ME  CA=1, IOA=8323 ValueFloat=0 ValueBool=False
2025-12-30 18:59:01.953 [INFO] [IEC104] Client 64487016 event = CLOSED
2025-12-30 18:59:02.972 [INFO] [IEC104] Connection request from 192.168.1.57
2025-12-30 18:59:03.044 [INFO] [Client->GW] => General Interrogation from SCADA
2025-12-30 18:59:03.060 [INFO] [GW -> Client] GI-ME  CA=1, IOA=4352 ValueFloat=0 ValueBool=False
2025-12-30 18:59:03.075 [INFO] [GW -> Client] GI-ME  CA=1, IOA=4354 ValueFloat=0 ValueBool=False
2025-12-30 18:59:03.090 [INFO] [GW -> Client] GI-ME  CA=1, IOA=4356 ValueFloat=0 ValueBool=False
2025-12-30 18:59:03.105 [INFO] [GW -> Client] GI-ME  CA=1, IOA=4392 ValueFloat=0 ValueBool=False
2025-12-30 18:59:03.120 [INFO] [GW -> Client] GI-ME  CA=1, IOA=4394 ValueFloat=0 ValueBool=False
2025-12-30 18:59:03.135 [INFO] [GW -> Client] GI-ME  CA=1, IOA=4396 ValueFloat=0 ValueBool=False
2025-12-30 18:59:03.148 [INFO] [GW -> Client] GI-ME  CA=1, IOA=8322 ValueFloat=0 ValueBool=False
2025-12-30 18:59:03.162 [INFO] [GW -> Client] GI-ME  CA=1, IOA=8323 ValueFloat=0 ValueBool=False
2025-12-30 18:59:18.166 [INFO] [IEC104] Client 45683448 event = CLOSED
2025-12-30 18:59:19.178 [INFO] [IEC104] Connection request from 192.168.1.57
2025-12-30 18:59:19.188 [INFO] [Client->GW] => General Interrogation from SCADA
2025-12-30 18:59:19.203 [INFO] [GW -> Client] GI-ME  CA=1, IOA=4352 ValueFloat=0 ValueBool=False
2025-12-30 18:59:19.218 [INFO] [GW -> Client] GI-ME  CA=1, IOA=4354 ValueFloat=0 ValueBool=False
2025-12-30 18:59:19.233 [INFO] [GW -> Client] GI-ME  CA=1, IOA=4356 ValueFloat=0 ValueBool=False
2025-12-30 18:59:19.250 [INFO] [GW -> Client] GI-ME  CA=1, IOA=4392 ValueFloat=0 ValueBool=False
2025-12-30 18:59:19.265 [INFO] [GW -> Client] GI-ME  CA=1, IOA=4394 ValueFloat=0 ValueBool=False
2025-12-30 18:59:19.281 [INFO] [GW -> Client] GI-ME  CA=1, IOA=4396 ValueFloat=0 ValueBool=False
2025-12-30 18:59:19.296 [INFO] [GW -> Client] GI-ME  CA=1, IOA=8322 ValueFloat=0 ValueBool=False
2025-12-30 18:59:19.310 [INFO] [GW -> Client] GI-ME  CA=1, IOA=8323 ValueFloat=0 ValueBool=False
2025-12-30 18:59:34.326 [INFO] [IEC104] Client 54885402 event = CLOSED
2025-12-30 18:59:35.347 [INFO] [IEC104] Connection request from 192.168.1.57
2025-12-30 18:59:35.356 [INFO] [Client->GW] => General Interrogation from SCADA
2025-12-30 18:59:35.371 [INFO] [GW -> Client] GI-ME  CA=1, IOA=4352 ValueFloat=0 ValueBool=False
2025-12-30 18:59:35.388 [INFO] [GW -> Client] GI-ME  CA=1, IOA=4354 ValueFloat=0 ValueBool=False
2025-12-30 18:59:35.403 [INFO] [GW -> Client] GI-ME  CA=1, IOA=4356 ValueFloat=0 ValueBool=False
2025-12-30 18:59:35.418 [INFO] [GW -> Client] GI-ME  CA=1, IOA=4392 ValueFloat=0 ValueBool=False
2025-12-30 18:59:35.434 [INFO] [GW -> Client] GI-ME  CA=1, IOA=4394 ValueFloat=0 ValueBool=False
2025-12-30 18:59:35.451 [INFO] [GW -> Client] GI-ME  CA=1, IOA=4396 ValueFloat=0 ValueBool=False
2025-12-30 18:59:35.466 [INFO] [GW -> Client] GI-ME  CA=1, IOA=8322 ValueFloat=0 ValueBool=False
2025-12-30 18:59:35.480 [INFO] [GW -> Client] GI-ME  CA=1, IOA=8323 ValueFloat=0 ValueBool=False
2025-12-30 18:59:50.485 [INFO] [IEC104] Client 3592218 event = CLOSED
2025-12-30 18:59:51.501 [INFO] [IEC104] Connection request from 192.168.1.57
2025-12-30 18:59:51.521 [INFO] [Client->GW] => General Interrogation from SCADA
2025-12-30 18:59:51.537 [INFO] [GW -> Client] GI-ME  CA=1, IOA=4352 ValueFloat=0 ValueBool=False
2025-12-30 18:59:51.553 [INFO] [GW -> Client] GI-ME  CA=1, IOA=4354 ValueFloat=0 ValueBool=False
2025-12-30 18:59:51.569 [INFO] [GW -> Client] GI-ME  CA=1, IOA=4356 ValueFloat=0 ValueBool=False
2025-12-30 18:59:51.584 [INFO] [GW -> Client] GI-ME  CA=1, IOA=4392 ValueFloat=0 ValueBool=False
2025-12-30 18:59:51.600 [INFO] [GW -> Client] GI-ME  CA=1, IOA=4394 ValueFloat=0 ValueBool=False
2025-12-30 18:59:51.616 [INFO] [GW -> Client] GI-ME  CA=1, IOA=4396 ValueFloat=0 ValueBool=False
2025-12-30 18:59:51.630 [INFO] [GW -> Client] GI-ME  CA=1, IOA=8322 ValueFloat=0 ValueBool=False
2025-12-30 18:59:51.644 [INFO] [GW -> Client] GI-ME  CA=1, IOA=8323 ValueFloat=0 ValueBool=False
2025-12-30 19:00:06.655 [INFO] [IEC104] Client 56297386 event = CLOSED
2025-12-30 19:00:07.671 [INFO] [IEC104] Connection request from 192.168.1.57
2025-12-30 19:00:07.686 [INFO] [Client->GW] => General Interrogation from SCADA
2025-12-30 19:00:07.701 [INFO] [GW -> Client] GI-ME  CA=1, IOA=4352 ValueFloat=0 ValueBool=False
2025-12-30 19:00:07.716 [INFO] [GW -> Client] GI-ME  CA=1, IOA=4354 ValueFloat=0 ValueBool=False
2025-12-30 19:00:07.733 [INFO] [GW -> Client] GI-ME  CA=1, IOA=4356 ValueFloat=0 ValueBool=False
2025-12-30 19:00:07.749 [INFO] [GW -> Client] GI-ME  CA=1, IOA=4392 ValueFloat=0 ValueBool=False
2025-12-30 19:00:07.764 [INFO] [GW -> Client] GI-ME  CA=1, IOA=4394 ValueFloat=0 ValueBool=False
2025-12-30 19:00:07.780 [INFO] [GW -> Client] GI-ME  CA=1, IOA=4396 ValueFloat=0 ValueBool=False
2025-12-30 19:00:07.795 [INFO] [GW -> Client] GI-ME  CA=1, IOA=8322 ValueFloat=0 ValueBool=False
2025-12-30 19:00:07.810 [INFO] [GW -> Client] GI-ME  CA=1, IOA=8323 ValueFloat=0 ValueBool=False
2025-12-30 19:00:22.822 [INFO] [IEC104] Client 27021509 event = CLOSED
2025-12-30 19:00:23.830 [INFO] [IEC104] Connection request from 192.168.1.57
2025-12-30 19:00:23.900 [INFO] [Client->GW] => General Interrogation from SCADA
2025-12-30 19:00:23.915 [INFO] [GW -> Client] GI-ME  CA=1, IOA=4352 ValueFloat=0 ValueBool=False
2025-12-30 19:00:23.931 [INFO] [GW -> Client] GI-ME  CA=1, IOA=4354 ValueFloat=0 ValueBool=False
2025-12-30 19:00:23.947 [INFO] [GW -> Client] GI-ME  CA=1, IOA=4356 ValueFloat=0 ValueBool=False
2025-12-30 19:00:23.962 [INFO] [GW -> Client] GI-ME  CA=1, IOA=4392 ValueFloat=0 ValueBool=False
2025-12-30 19:00:23.978 [INFO] [GW -> Client] GI-ME  CA=1, IOA=4394 ValueFloat=0 ValueBool=False
2025-12-30 19:00:23.992 [INFO] [GW -> Client] GI-ME  CA=1, IOA=4396 ValueFloat=0 ValueBool=False
2025-12-30 19:00:24.006 [INFO] [GW -> Client] GI-ME  CA=1, IOA=8322 ValueFloat=0 ValueBool=False
2025-12-30 19:00:24.020 [INFO] [GW -> Client] GI-ME  CA=1, IOA=8323 ValueFloat=0 ValueBool=False
2025-12-30 19:00:39.036 [INFO] [IEC104] Client 14267236 event = CLOSED
2025-12-30 19:00:40.059 [INFO] [IEC104] Connection request from 192.168.1.57
2025-12-30 19:00:40.070 [INFO] [Client->GW] => General Interrogation from SCADA
2025-12-30 19:00:40.084 [INFO] [GW -> Client] GI-ME  CA=1, IOA=4352 ValueFloat=0 ValueBool=False
2025-12-30 19:00:40.100 [INFO] [GW -> Client] GI-ME  CA=1, IOA=4354 ValueFloat=0 ValueBool=False
2025-12-30 19:00:40.115 [INFO] [GW -> Client] GI-ME  CA=1, IOA=4356 ValueFloat=0 ValueBool=False
2025-12-30 19:00:40.130 [INFO] [GW -> Client] GI-ME  CA=1, IOA=4392 ValueFloat=0 ValueBool=False
2025-12-30 19:00:40.146 [INFO] [GW -> Client] GI-ME  CA=1, IOA=4394 ValueFloat=0 ValueBool=False
2025-12-30 19:00:40.161 [INFO] [GW -> Client] GI-ME  CA=1, IOA=4396 ValueFloat=0 ValueBool=False
2025-12-30 19:00:40.175 [INFO] [GW -> Client] GI-ME  CA=1, IOA=8322 ValueFloat=0 ValueBool=False
2025-12-30 19:00:40.189 [INFO] [GW -> Client] GI-ME  CA=1, IOA=8323 ValueFloat=0 ValueBool=False
2025-12-30 19:00:55.193 [INFO] [IEC104] Client 55871361 event = CLOSED
2025-12-30 19:00:56.207 [INFO] [IEC104] Connection request from 192.168.1.57
2025-12-30 19:00:56.219 [INFO] [Client->GW] => General Interrogation from SCADA
2025-12-30 19:00:56.234 [INFO] [GW -> Client] GI-ME  CA=1, IOA=4352 ValueFloat=0 ValueBool=False
2025-12-30 19:00:56.249 [INFO] [GW -> Client] GI-ME  CA=1, IOA=4354 ValueFloat=0 ValueBool=False
2025-12-30 19:00:56.264 [INFO] [GW -> Client] GI-ME  CA=1, IOA=4356 ValueFloat=0 ValueBool=False
2025-12-30 19:00:56.279 [INFO] [GW -> Client] GI-ME  CA=1, IOA=4392 ValueFloat=0 ValueBool=False
2025-12-30 19:00:56.295 [INFO] [GW -> Client] GI-ME  CA=1, IOA=4394 ValueFloat=0 ValueBool=False
2025-12-30 19:00:56.309 [INFO] [GW -> Client] GI-ME  CA=1, IOA=4396 ValueFloat=0 ValueBool=False
2025-12-30 19:00:56.324 [INFO] [GW -> Client] GI-ME  CA=1, IOA=8322 ValueFloat=0 ValueBool=False
2025-12-30 19:00:56.337 [INFO] [GW -> Client] GI-ME  CA=1, IOA=8323 ValueFloat=0 ValueBool=False
2025-12-30 19:01:11.342 [INFO] [IEC104] Client 11330136 event = CLOSED
2025-12-30 19:01:12.350 [INFO] [IEC104] Connection request from 192.168.1.57
2025-12-30 19:01:12.419 [INFO] [Client->GW] => General Interrogation from SCADA
2025-12-30 19:01:12.436 [INFO] [GW -> Client] GI-ME  CA=1, IOA=4352 ValueFloat=0 ValueBool=False
2025-12-30 19:01:12.451 [INFO] [GW -> Client] GI-ME  CA=1, IOA=4354 ValueFloat=0 ValueBool=False
2025-12-30 19:01:12.468 [INFO] [GW -> Client] GI-ME  CA=1, IOA=4356 ValueFloat=0 ValueBool=False
2025-12-30 19:01:12.484 [INFO] [GW -> Client] GI-ME  CA=1, IOA=4392 ValueFloat=0 ValueBool=False
2025-12-30 19:01:12.499 [INFO] [GW -> Client] GI-ME  CA=1, IOA=4394 ValueFloat=0 ValueBool=False
2025-12-30 19:01:12.514 [INFO] [GW -> Client] GI-ME  CA=1, IOA=4396 ValueFloat=0 ValueBool=False
2025-12-30 19:01:12.528 [INFO] [GW -> Client] GI-ME  CA=1, IOA=8322 ValueFloat=0 ValueBool=False
2025-12-30 19:01:12.542 [INFO] [GW -> Client] GI-ME  CA=1, IOA=8323 ValueFloat=0 ValueBool=False
2025-12-30 19:01:27.557 [INFO] [IEC104] Client 34232 event = CLOSED
2025-12-30 19:01:28.576 [INFO] [IEC104] Connection request from 192.168.1.57
2025-12-30 19:01:28.590 [INFO] [Client->GW] => General Interrogation from SCADA
2025-12-30 19:01:28.605 [INFO] [GW -> Client] GI-ME  CA=1, IOA=4352 ValueFloat=0 ValueBool=False
2025-12-30 19:01:28.621 [INFO] [GW -> Client] GI-ME  CA=1, IOA=4354 ValueFloat=0 ValueBool=False
2025-12-30 19:01:28.636 [INFO] [GW -> Client] GI-ME  CA=1, IOA=4356 ValueFloat=0 ValueBool=False
2025-12-30 19:01:28.651 [INFO] [GW -> Client] GI-ME  CA=1, IOA=4392 ValueFloat=0 ValueBool=False
2025-12-30 19:01:28.667 [INFO] [GW -> Client] GI-ME  CA=1, IOA=4394 ValueFloat=0 ValueBool=False
2025-12-30 19:01:28.682 [INFO] [GW -> Client] GI-ME  CA=1, IOA=4396 ValueFloat=0 ValueBool=False
2025-12-30 19:01:28.695 [INFO] [GW -> Client] GI-ME  CA=1, IOA=8322 ValueFloat=0 ValueBool=False
2025-12-30 19:01:28.709 [INFO] [GW -> Client] GI-ME  CA=1, IOA=8323 ValueFloat=0 ValueBool=False
2025-12-30 19:01:43.730 [INFO] [IEC104] Client 15488811 event = CLOSED
2025-12-30 19:01:44.746 [INFO] [IEC104] Connection request from 192.168.1.57
2025-12-30 19:01:44.758 [INFO] [Client->GW] => General Interrogation from SCADA
2025-12-30 19:01:44.774 [INFO] [GW -> Client] GI-ME  CA=1, IOA=4352 ValueFloat=0 ValueBool=False
2025-12-30 19:01:44.790 [INFO] [GW -> Client] GI-ME  CA=1, IOA=4354 ValueFloat=0 ValueBool=False
2025-12-30 19:01:44.805 [INFO] [GW -> Client] GI-ME  CA=1, IOA=4356 ValueFloat=0 ValueBool=False
2025-12-30 19:01:44.820 [INFO] [GW -> Client] GI-ME  CA=1, IOA=4392 ValueFloat=0 ValueBool=False
2025-12-30 19:01:44.835 [INFO] [GW -> Client] GI-ME  CA=1, IOA=4394 ValueFloat=0 ValueBool=False
2025-12-30 19:01:44.851 [INFO] [GW -> Client] GI-ME  CA=1, IOA=4396 ValueFloat=0 ValueBool=False
2025-12-30 19:01:44.865 [INFO] [GW -> Client] GI-ME  CA=1, IOA=8322 ValueFloat=0 ValueBool=False
2025-12-30 19:01:44.879 [INFO] [GW -> Client] GI-ME  CA=1, IOA=8323 ValueFloat=0 ValueBool=False
2025-12-30 19:01:59.896 [INFO] [IEC104] Client 12592637 event = CLOSED
2025-12-30 19:02:00.910 [INFO] [IEC104] Connection request from 192.168.1.57
2025-12-30 19:02:00.983 [INFO] [Client->GW] => General Interrogation from SCADA
2025-12-30 19:02:00.999 [INFO] [GW -> Client] GI-ME  CA=1, IOA=4352 ValueFloat=0 ValueBool=False
2025-12-30 19:02:01.015 [INFO] [GW -> Client] GI-ME  CA=1, IOA=4354 ValueFloat=0 ValueBool=False
2025-12-30 19:02:01.031 [INFO] [GW -> Client] GI-ME  CA=1, IOA=4356 ValueFloat=0 ValueBool=False
2025-12-30 19:02:01.047 [INFO] [GW -> Client] GI-ME  CA=1, IOA=4392 ValueFloat=0 ValueBool=False
2025-12-30 19:02:01.062 [INFO] [GW -> Client] GI-ME  CA=1, IOA=4394 ValueFloat=0 ValueBool=False
2025-12-30 19:02:01.078 [INFO] [GW -> Client] GI-ME  CA=1, IOA=4396 ValueFloat=0 ValueBool=False
2025-12-30 19:02:01.093 [INFO] [GW -> Client] GI-ME  CA=1, IOA=8322 ValueFloat=0 ValueBool=False
2025-12-30 19:02:01.107 [INFO] [GW -> Client] GI-ME  CA=1, IOA=8323 ValueFloat=0 ValueBool=False
2025-12-30 19:02:16.116 [INFO] [IEC104] Client 45722035 event = CLOSED
2025-12-30 19:02:17.130 [INFO] [IEC104] Connection request from 192.168.1.57
2025-12-30 19:02:17.192 [INFO] [Client->GW] => General Interrogation from SCADA
2025-12-30 19:02:17.208 [INFO] [GW -> Client] GI-ME  CA=1, IOA=4352 ValueFloat=0 ValueBool=False
2025-12-30 19:02:17.223 [INFO] [GW -> Client] GI-ME  CA=1, IOA=4354 ValueFloat=0 ValueBool=False
2025-12-30 19:02:17.237 [INFO] [GW -> Client] GI-ME  CA=1, IOA=4356 ValueFloat=0 ValueBool=False
2025-12-30 19:02:17.253 [INFO] [GW -> Client] GI-ME  CA=1, IOA=4392 ValueFloat=0 ValueBool=False
2025-12-30 19:02:17.269 [INFO] [GW -> Client] GI-ME  CA=1, IOA=4394 ValueFloat=0 ValueBool=False
2025-12-30 19:02:17.284 [INFO] [GW -> Client] GI-ME  CA=1, IOA=4396 ValueFloat=0 ValueBool=False
2025-12-30 19:02:17.298 [INFO] [GW -> Client] GI-ME  CA=1, IOA=8322 ValueFloat=0 ValueBool=False
2025-12-30 19:02:17.312 [INFO] [GW -> Client] GI-ME  CA=1, IOA=8323 ValueFloat=0 ValueBool=False
2025-12-30 19:02:32.313 [INFO] [IEC104] Client 47223756 event = CLOSED
2025-12-30 19:02:33.336 [INFO] [IEC104] Connection request from 192.168.1.57
2025-12-30 19:02:33.397 [INFO] [Client->GW] => General Interrogation from SCADA
2025-12-30 19:02:33.412 [INFO] [GW -> Client] GI-ME  CA=1, IOA=4352 ValueFloat=0 ValueBool=False
2025-12-30 19:02:33.427 [INFO] [GW -> Client] GI-ME  CA=1, IOA=4354 ValueFloat=0 ValueBool=False
2025-12-30 19:02:33.442 [INFO] [GW -> Client] GI-ME  CA=1, IOA=4356 ValueFloat=0 ValueBool=False
2025-12-30 19:02:33.459 [INFO] [GW -> Client] GI-ME  CA=1, IOA=4392 ValueFloat=0 ValueBool=False
2025-12-30 19:02:33.474 [INFO] [GW -> Client] GI-ME  CA=1, IOA=4394 ValueFloat=0 ValueBool=False
2025-12-30 19:02:33.489 [INFO] [GW -> Client] GI-ME  CA=1, IOA=4396 ValueFloat=0 ValueBool=False
2025-12-30 19:02:33.504 [INFO] [GW -> Client] GI-ME  CA=1, IOA=8322 ValueFloat=0 ValueBool=False
2025-12-30 19:02:33.518 [INFO] [GW -> Client] GI-ME  CA=1, IOA=8323 ValueFloat=0 ValueBool=False
2025-12-30 19:02:48.524 [INFO] [IEC104] Client 43765094 event = CLOSED
2025-12-30 19:02:49.536 [INFO] [IEC104] Connection request from 192.168.1.57
2025-12-30 19:02:49.544 [INFO] [Client->GW] => General Interrogation from SCADA
2025-12-30 19:02:49.559 [INFO] [GW -> Client] GI-ME  CA=1, IOA=4352 ValueFloat=0 ValueBool=False
2025-12-30 19:02:49.575 [INFO] [GW -> Client] GI-ME  CA=1, IOA=4354 ValueFloat=0 ValueBool=False
2025-12-30 19:02:49.590 [INFO] [GW -> Client] GI-ME  CA=1, IOA=4356 ValueFloat=0 ValueBool=False
2025-12-30 19:02:49.605 [INFO] [GW -> Client] GI-ME  CA=1, IOA=4392 ValueFloat=0 ValueBool=False
2025-12-30 19:02:49.621 [INFO] [GW -> Client] GI-ME  CA=1, IOA=4394 ValueFloat=0 ValueBool=False
2025-12-30 19:02:49.636 [INFO] [GW -> Client] GI-ME  CA=1, IOA=4396 ValueFloat=0 ValueBool=False
2025-12-30 19:02:49.650 [INFO] [GW -> Client] GI-ME  CA=1, IOA=8322 ValueFloat=0 ValueBool=False
2025-12-30 19:02:49.663 [INFO] [GW -> Client] GI-ME  CA=1, IOA=8323 ValueFloat=0 ValueBool=False
2025-12-30 19:03:04.684 [INFO] [IEC104] Client 59589446 event = CLOSED
2025-12-30 19:03:05.696 [INFO] [IEC104] Connection request from 192.168.1.57
2025-12-30 19:03:05.704 [INFO] [Client->GW] => General Interrogation from SCADA
2025-12-30 19:03:05.719 [INFO] [GW -> Client] GI-ME  CA=1, IOA=4352 ValueFloat=0 ValueBool=False
2025-12-30 19:03:05.734 [INFO] [GW -> Client] GI-ME  CA=1, IOA=4354 ValueFloat=0 ValueBool=False
2025-12-30 19:03:05.750 [INFO] [GW -> Client] GI-ME  CA=1, IOA=4356 ValueFloat=0 ValueBool=False
2025-12-30 19:03:05.765 [INFO] [GW -> Client] GI-ME  CA=1, IOA=4392 ValueFloat=0 ValueBool=False
2025-12-30 19:03:05.781 [INFO] [GW -> Client] GI-ME  CA=1, IOA=4394 ValueFloat=0 ValueBool=False
2025-12-30 19:03:05.795 [INFO] [GW -> Client] GI-ME  CA=1, IOA=4396 ValueFloat=0 ValueBool=False
2025-12-30 19:03:05.809 [INFO] [GW -> Client] GI-ME  CA=1, IOA=8322 ValueFloat=0 ValueBool=False
2025-12-30 19:03:05.823 [INFO] [GW -> Client] GI-ME  CA=1, IOA=8323 ValueFloat=0 ValueBool=False
2025-12-30 19:03:20.854 [INFO] [IEC104] Client 21971354 event = CLOSED
2025-12-30 19:03:21.866 [INFO] [IEC104] Connection request from 192.168.1.57
2025-12-30 19:03:21.875 [INFO] [Client->GW] => General Interrogation from SCADA
2025-12-30 19:03:21.891 [INFO] [GW -> Client] GI-ME  CA=1, IOA=4352 ValueFloat=0 ValueBool=False
2025-12-30 19:03:21.906 [INFO] [GW -> Client] GI-ME  CA=1, IOA=4354 ValueFloat=0 ValueBool=False
2025-12-30 19:03:21.921 [INFO] [GW -> Client] GI-ME  CA=1, IOA=4356 ValueFloat=0 ValueBool=False
2025-12-30 19:03:21.936 [INFO] [GW -> Client] GI-ME  CA=1, IOA=4392 ValueFloat=0 ValueBool=False
2025-12-30 19:03:21.952 [INFO] [GW -> Client] GI-ME  CA=1, IOA=4394 ValueFloat=0 ValueBool=False
2025-12-30 19:03:21.967 [INFO] [GW -> Client] GI-ME  CA=1, IOA=4396 ValueFloat=0 ValueBool=False
2025-12-30 19:03:21.980 [INFO] [GW -> Client] GI-ME  CA=1, IOA=8322 ValueFloat=0 ValueBool=False
2025-12-30 19:03:21.994 [INFO] [GW -> Client] GI-ME  CA=1, IOA=8323 ValueFloat=0 ValueBool=False
2025-12-30 19:03:37.016 [INFO] [IEC104] Client 41401012 event = CLOSED
2025-12-30 19:03:38.030 [INFO] [IEC104] Connection request from 192.168.1.57
2025-12-30 19:03:38.093 [INFO] [Client->GW] => General Interrogation from SCADA
2025-12-30 19:03:38.109 [INFO] [GW -> Client] GI-ME  CA=1, IOA=4352 ValueFloat=0 ValueBool=False
2025-12-30 19:03:38.125 [INFO] [GW -> Client] GI-ME  CA=1, IOA=4354 ValueFloat=0 ValueBool=False
2025-12-30 19:03:38.140 [INFO] [GW -> Client] GI-ME  CA=1, IOA=4356 ValueFloat=0 ValueBool=False
2025-12-30 19:03:38.155 [INFO] [GW -> Client] GI-ME  CA=1, IOA=4392 ValueFloat=0 ValueBool=False
2025-12-30 19:03:38.171 [INFO] [GW -> Client] GI-ME  CA=1, IOA=4394 ValueFloat=0 ValueBool=False
2025-12-30 19:03:38.187 [INFO] [GW -> Client] GI-ME  CA=1, IOA=4396 ValueFloat=0 ValueBool=False
2025-12-30 19:03:38.202 [INFO] [GW -> Client] GI-ME  CA=1, IOA=8322 ValueFloat=0 ValueBool=False
2025-12-30 19:03:38.216 [INFO] [GW -> Client] GI-ME  CA=1, IOA=8323 ValueFloat=0 ValueBool=False
2025-12-30 19:03:53.240 [INFO] [IEC104] Client 16176638 event = CLOSED
2025-12-30 19:03:54.260 [INFO] [IEC104] Connection request from 192.168.1.57
2025-12-30 19:03:54.281 [INFO] [Client->GW] => General Interrogation from SCADA
2025-12-30 19:03:54.298 [INFO] [GW -> Client] GI-ME  CA=1, IOA=4352 ValueFloat=0 ValueBool=False
2025-12-30 19:03:54.313 [INFO] [GW -> Client] GI-ME  CA=1, IOA=4354 ValueFloat=0 ValueBool=False
2025-12-30 19:03:54.329 [INFO] [GW -> Client] GI-ME  CA=1, IOA=4356 ValueFloat=0 ValueBool=False
2025-12-30 19:03:54.344 [INFO] [GW -> Client] GI-ME  CA=1, IOA=4392 ValueFloat=0 ValueBool=False
2025-12-30 19:03:54.359 [INFO] [GW -> Client] GI-ME  CA=1, IOA=4394 ValueFloat=0 ValueBool=False
2025-12-30 19:03:54.375 [INFO] [GW -> Client] GI-ME  CA=1, IOA=4396 ValueFloat=0 ValueBool=False
2025-12-30 19:03:54.389 [INFO] [GW -> Client] GI-ME  CA=1, IOA=8322 ValueFloat=0 ValueBool=False
2025-12-30 19:03:54.404 [INFO] [GW -> Client] GI-ME  CA=1, IOA=8323 ValueFloat=0 ValueBool=False
2025-12-30 19:04:09.432 [INFO] [IEC104] Client 51393795 event = CLOSED
2025-12-30 19:04:10.448 [INFO] [IEC104] Connection request from 192.168.1.57
2025-12-30 19:04:10.510 [INFO] [Client->GW] => General Interrogation from SCADA
2025-12-30 19:04:10.528 [INFO] [GW -> Client] GI-ME  CA=1, IOA=4352 ValueFloat=0 ValueBool=False
2025-12-30 19:04:10.544 [INFO] [GW -> Client] GI-ME  CA=1, IOA=4354 ValueFloat=0 ValueBool=False
2025-12-30 19:04:10.560 [INFO] [GW -> Client] GI-ME  CA=1, IOA=4356 ValueFloat=0 ValueBool=False
2025-12-30 19:04:10.576 [INFO] [GW -> Client] GI-ME  CA=1, IOA=4392 ValueFloat=0 ValueBool=False
2025-12-30 19:04:10.592 [INFO] [GW -> Client] GI-ME  CA=1, IOA=4394 ValueFloat=0 ValueBool=False
2025-12-30 19:04:10.608 [INFO] [GW -> Client] GI-ME  CA=1, IOA=4396 ValueFloat=0 ValueBool=False
2025-12-30 19:04:10.623 [INFO] [GW -> Client] GI-ME  CA=1, IOA=8322 ValueFloat=0 ValueBool=False
2025-12-30 19:04:10.637 [INFO] [GW -> Client] GI-ME  CA=1, IOA=8323 ValueFloat=0 ValueBool=False
2025-12-30 19:04:25.639 [INFO] [IEC104] Client 47417910 event = CLOSED
2025-12-30 19:04:26.661 [INFO] [IEC104] Connection request from 192.168.1.57
2025-12-30 19:04:26.670 [INFO] [Client->GW] => General Interrogation from SCADA
2025-12-30 19:04:26.686 [INFO] [GW -> Client] GI-ME  CA=1, IOA=4352 ValueFloat=0 ValueBool=False
2025-12-30 19:04:26.700 [INFO] [GW -> Client] GI-ME  CA=1, IOA=4354 ValueFloat=0 ValueBool=False
2025-12-30 19:04:26.715 [INFO] [GW -> Client] GI-ME  CA=1, IOA=4356 ValueFloat=0 ValueBool=False
2025-12-30 19:04:26.730 [INFO] [GW -> Client] GI-ME  CA=1, IOA=4392 ValueFloat=0 ValueBool=False
2025-12-30 19:04:26.745 [INFO] [GW -> Client] GI-ME  CA=1, IOA=4394 ValueFloat=0 ValueBool=False
2025-12-30 19:04:26.760 [INFO] [GW -> Client] GI-ME  CA=1, IOA=4396 ValueFloat=0 ValueBool=False
2025-12-30 19:04:26.774 [INFO] [GW -> Client] GI-ME  CA=1, IOA=8322 ValueFloat=0 ValueBool=False
2025-12-30 19:04:26.788 [INFO] [GW -> Client] GI-ME  CA=1, IOA=8323 ValueFloat=0 ValueBool=False
2026-01-01 17:00:58.156 [INFO] IEC 104 service starting...
2026-01-01 17:00:58.167 [ERROR] IEC104 error: The requested address is not valid in its context.
2026-01-01 17:00:58.167 [INFO] IEC 104 service stopped.
2026-01-01 17:02:41.014 [INFO] IEC 104 service starting...
2026-01-01 17:02:41.060 [ERROR] IEC104 error: The requested address is not valid in its context.
2026-01-01 17:02:41.060 [INFO] IEC 104 service stopped.
2026-01-01 18:13:17.681 [INFO] [IEC104] Connection request from 192.168.2.21
2026-01-01 18:13:17.808 [INFO] [Client->GW] => General Interrogation from SCADA
2026-01-01 18:13:17.821 [INFO] [GW -> Client] GI-ME  CA=1, IOA=4352 ValueFloat=32243.738 ValueBool=False
2026-01-01 18:13:17.823 [INFO] [GW -> Client] GI-ME  CA=1, IOA=4354 ValueFloat=31721.094 ValueBool=False
2026-01-01 18:13:17.824 [INFO] [GW -> Client] GI-ME  CA=1, IOA=4356 ValueFloat=32448.432 ValueBool=False
2026-01-01 18:13:17.824 [INFO] [GW -> Client] GI-ME  CA=1, IOA=4392 ValueFloat=32837.254 ValueBool=False
2026-01-01 18:13:17.825 [INFO] [GW -> Client] GI-ME  CA=1, IOA=4394 ValueFloat=34018.633 ValueBool=False
2026-01-01 18:13:17.825 [INFO] [GW -> Client] GI-ME  CA=1, IOA=4396 ValueFloat=33099.637 ValueBool=False
2026-01-01 18:13:17.826 [INFO] [GW -> Client] GI-ME  CA=1, IOA=8322 ValueFloat=0 ValueBool=False
2026-01-01 18:13:17.826 [INFO] [GW -> Client] GI-ME  CA=1, IOA=8323 ValueFloat=0 ValueBool=False
2026-01-01 18:13:32.847 [INFO] [IEC104] Client 66813322 event = CLOSED
2026-01-01 18:13:33.852 [INFO] [IEC104] Connection request from 192.168.2.21
2026-01-01 18:13:33.871 [INFO] [Client->GW] => General Interrogation from SCADA
2026-01-01 18:13:33.872 [INFO] [GW -> Client] GI-ME  CA=1, IOA=4352 ValueFloat=32243.738 ValueBool=False
2026-01-01 18:13:33.873 [INFO] [GW -> Client] GI-ME  CA=1, IOA=4354 ValueFloat=31721.094 ValueBool=False
2026-01-01 18:13:33.874 [INFO] [GW -> Client] GI-ME  CA=1, IOA=4356 ValueFloat=32448.432 ValueBool=False
2026-01-01 18:13:33.875 [INFO] [GW -> Client] GI-ME  CA=1, IOA=4392 ValueFloat=32837.254 ValueBool=False
2026-01-01 18:13:33.876 [INFO] [GW -> Client] GI-ME  CA=1, IOA=4394 ValueFloat=34018.633 ValueBool=False
2026-01-01 18:13:33.877 [INFO] [GW -> Client] GI-ME  CA=1, IOA=4396 ValueFloat=33099.637 ValueBool=False
2026-01-01 18:13:33.877 [INFO] [GW -> Client] GI-ME  CA=1, IOA=8322 ValueFloat=0 ValueBool=False
2026-01-01 18:13:33.878 [INFO] [GW -> Client] GI-ME  CA=1, IOA=8323 ValueFloat=0 ValueBool=False
2026-01-01 18:13:48.880 [INFO] [IEC104] Client 32162624 event = CLOSED
2026-01-01 18:13:49.890 [INFO] [IEC104] Connection request from 192.168.2.21
2026-01-01 18:13:49.930 [INFO] [Client->GW] => General Interrogation from SCADA
2026-01-01 18:13:49.930 [INFO] [GW -> Client] GI-ME  CA=1, IOA=4352 ValueFloat=32243.738 ValueBool=False
2026-01-01 18:13:49.931 [INFO] [GW -> Client] GI-ME  CA=1, IOA=4354 ValueFloat=31721.094 ValueBool=False
2026-01-01 18:13:49.931 [INFO] [GW -> Client] GI-ME  CA=1, IOA=4356 ValueFloat=32448.432 ValueBool=False
2026-01-01 18:13:49.931 [INFO] [GW -> Client] GI-ME  CA=1, IOA=4392 ValueFloat=32837.254 ValueBool=False
2026-01-01 18:13:49.931 [INFO] [GW -> Client] GI-ME  CA=1, IOA=4394 ValueFloat=34018.633 ValueBool=False
2026-01-01 18:13:49.931 [INFO] [GW -> Client] GI-ME  CA=1, IOA=4396 ValueFloat=33099.637 ValueBool=False
2026-01-01 18:13:49.931 [INFO] [GW -> Client] GI-ME  CA=1, IOA=8322 ValueFloat=0 ValueBool=False
2026-01-01 18:13:49.932 [INFO] [GW -> Client] GI-ME  CA=1, IOA=8323 ValueFloat=0 ValueBool=False
2026-01-01 18:14:04.943 [INFO] [IEC104] Client 13527014 event = CLOSED
2026-01-01 18:14:05.950 [INFO] [IEC104] Connection request from 192.168.2.21
2026-01-01 18:14:06.041 [INFO] [Client->GW] => General Interrogation from SCADA
2026-01-01 18:14:06.042 [INFO] [GW -> Client] GI-ME  CA=1, IOA=4352 ValueFloat=32243.738 ValueBool=False
2026-01-01 18:14:06.043 [INFO] [GW -> Client] GI-ME  CA=1, IOA=4354 ValueFloat=31721.094 ValueBool=False
2026-01-01 18:14:06.044 [INFO] [GW -> Client] GI-ME  CA=1, IOA=4356 ValueFloat=32448.432 ValueBool=False
2026-01-01 18:14:06.044 [INFO] [GW -> Client] GI-ME  CA=1, IOA=4392 ValueFloat=32837.254 ValueBool=False
2026-01-01 18:14:06.044 [INFO] [GW -> Client] GI-ME  CA=1, IOA=4394 ValueFloat=34018.633 ValueBool=False
2026-01-01 18:14:06.045 [INFO] [GW -> Client] GI-ME  CA=1, IOA=4396 ValueFloat=33099.637 ValueBool=False
2026-01-01 18:14:06.045 [INFO] [GW -> Client] GI-ME  CA=1, IOA=8322 ValueFloat=0 ValueBool=False
2026-01-01 18:14:06.045 [INFO] [GW -> Client] GI-ME  CA=1, IOA=8323 ValueFloat=0 ValueBool=False
2026-01-01 18:14:21.046 [INFO] [IEC104] Client 36864158 event = CLOSED
2026-01-01 18:14:22.060 [INFO] [IEC104] Connection request from 192.168.2.21
2026-01-01 18:14:22.082 [INFO] [Client->GW] => General Interrogation from SCADA
2026-01-01 18:14:22.083 [INFO] [GW -> Client] GI-ME  CA=1, IOA=4352 ValueFloat=32243.738 ValueBool=False
2026-01-01 18:14:22.083 [INFO] [GW -> Client] GI-ME  CA=1, IOA=4354 ValueFloat=31721.094 ValueBool=False
2026-01-01 18:14:22.084 [INFO] [GW -> Client] GI-ME  CA=1, IOA=4356 ValueFloat=32448.432 ValueBool=False
2026-01-01 18:14:22.085 [INFO] [GW -> Client] GI-ME  CA=1, IOA=4392 ValueFloat=32837.254 ValueBool=False
2026-01-01 18:14:22.085 [INFO] [GW -> Client] GI-ME  CA=1, IOA=4394 ValueFloat=34018.633 ValueBool=False
2026-01-01 18:14:22.086 [INFO] [GW -> Client] GI-ME  CA=1, IOA=4396 ValueFloat=33099.637 ValueBool=False
2026-01-01 18:14:22.087 [INFO] [GW -> Client] GI-ME  CA=1, IOA=8322 ValueFloat=0 ValueBool=False
2026-01-01 18:14:22.087 [INFO] [GW -> Client] GI-ME  CA=1, IOA=8323 ValueFloat=0 ValueBool=False
2026-01-01 18:14:37.107 [INFO] [IEC104] Client 19062679 event = CLOSED
2026-01-01 18:14:38.125 [INFO] [IEC104] Connection request from 192.168.2.21
2026-01-01 18:14:38.202 [INFO] [Client->GW] => General Interrogation from SCADA
2026-01-01 18:14:38.203 [INFO] [GW -> Client] GI-ME  CA=1, IOA=4352 ValueFloat=32243.738 ValueBool=False
2026-01-01 18:14:38.204 [INFO] [GW -> Client] GI-ME  CA=1, IOA=4354 ValueFloat=31721.094 ValueBool=False
2026-01-01 18:14:38.204 [INFO] [GW -> Client] GI-ME  CA=1, IOA=4356 ValueFloat=32448.432 ValueBool=False
2026-01-01 18:14:38.204 [INFO] [GW -> Client] GI-ME  CA=1, IOA=4392 ValueFloat=32837.254 ValueBool=False
2026-01-01 18:14:38.205 [INFO] [GW -> Client] GI-ME  CA=1, IOA=4394 ValueFloat=34018.633 ValueBool=False
2026-01-01 18:14:38.205 [INFO] [GW -> Client] GI-ME  CA=1, IOA=4396 ValueFloat=33099.637 ValueBool=False
2026-01-01 18:14:38.206 [INFO] [GW -> Client] GI-ME  CA=1, IOA=8322 ValueFloat=0 ValueBool=False
2026-01-01 18:14:38.206 [INFO] [GW -> Client] GI-ME  CA=1, IOA=8323 ValueFloat=0 ValueBool=False
2026-01-01 18:14:53.221 [INFO] [IEC104] Client 21146323 event = CLOSED
2026-01-01 18:14:54.225 [INFO] [IEC104] Connection request from 192.168.2.21
2026-01-01 18:14:54.286 [INFO] [Client->GW] => General Interrogation from SCADA
2026-01-01 18:14:54.287 [INFO] [GW -> Client] GI-ME  CA=1, IOA=4352 ValueFloat=32243.738 ValueBool=False
2026-01-01 18:14:54.288 [INFO] [GW -> Client] GI-ME  CA=1, IOA=4354 ValueFloat=31721.094 ValueBool=False
2026-01-01 18:14:54.288 [INFO] [GW -> Client] GI-ME  CA=1, IOA=4356 ValueFloat=32448.432 ValueBool=False
2026-01-01 18:14:54.288 [INFO] [GW -> Client] GI-ME  CA=1, IOA=4392 ValueFloat=32837.254 ValueBool=False
2026-01-01 18:14:54.288 [INFO] [GW -> Client] GI-ME  CA=1, IOA=4394 ValueFloat=34018.633 ValueBool=False
2026-01-01 18:14:54.289 [INFO] [GW -> Client] GI-ME  CA=1, IOA=4396 ValueFloat=33099.637 ValueBool=False
2026-01-01 18:14:54.289 [INFO] [GW -> Client] GI-ME  CA=1, IOA=8322 ValueFloat=0 ValueBool=False
2026-01-01 18:14:54.289 [INFO] [GW -> Client] GI-ME  CA=1, IOA=8323 ValueFloat=0 ValueBool=False
2026-01-01 18:15:09.292 [INFO] [IEC104] Client 44424501 event = CLOSED
2026-01-01 18:15:10.309 [INFO] [IEC104] Connection request from 192.168.2.21
2026-01-01 18:15:10.371 [INFO] [Client->GW] => General Interrogation from SCADA
2026-01-01 18:15:10.371 [INFO] [GW -> Client] GI-ME  CA=1, IOA=4352 ValueFloat=32243.738 ValueBool=False
2026-01-01 18:15:10.372 [INFO] [GW -> Client] GI-ME  CA=1, IOA=4354 ValueFloat=31721.094 ValueBool=False
2026-01-01 18:15:10.372 [INFO] [GW -> Client] GI-ME  CA=1, IOA=4356 ValueFloat=32448.432 ValueBool=False
2026-01-01 18:15:10.372 [INFO] [GW -> Client] GI-ME  CA=1, IOA=4392 ValueFloat=32837.254 ValueBool=False
2026-01-01 18:15:10.372 [INFO] [GW -> Client] GI-ME  CA=1, IOA=4394 ValueFloat=34018.633 ValueBool=False
2026-01-01 18:15:10.372 [INFO] [GW -> Client] GI-ME  CA=1, IOA=4396 ValueFloat=33099.637 ValueBool=False
2026-01-01 18:15:10.373 [INFO] [GW -> Client] GI-ME  CA=1, IOA=8322 ValueFloat=0 ValueBool=False
2026-01-01 18:15:10.373 [INFO] [GW -> Client] GI-ME  CA=1, IOA=8323 ValueFloat=0 ValueBool=False
2026-01-01 18:15:25.398 [INFO] [IEC104] Client 21566739 event = CLOSED
2026-01-01 18:15:26.414 [INFO] [IEC104] Connection request from 192.168.2.21
2026-01-01 18:15:26.423 [INFO] [Client->GW] => General Interrogation from SCADA
2026-01-01 18:15:26.424 [INFO] [GW -> Client] GI-ME  CA=1, IOA=4352 ValueFloat=32243.738 ValueBool=False
2026-01-01 18:15:26.424 [INFO] [GW -> Client] GI-ME  CA=1, IOA=4354 ValueFloat=31721.094 ValueBool=False
2026-01-01 18:15:26.424 [INFO] [GW -> Client] GI-ME  CA=1, IOA=4356 ValueFloat=32448.432 ValueBool=False
2026-01-01 18:15:26.424 [INFO] [GW -> Client] GI-ME  CA=1, IOA=4392 ValueFloat=32837.254 ValueBool=False
2026-01-01 18:15:26.424 [INFO] [GW -> Client] GI-ME  CA=1, IOA=4394 ValueFloat=34018.633 ValueBool=False
2026-01-01 18:15:26.424 [INFO] [GW -> Client] GI-ME  CA=1, IOA=4396 ValueFloat=33099.637 ValueBool=False
2026-01-01 18:15:26.425 [INFO] [GW -> Client] GI-ME  CA=1, IOA=8322 ValueFloat=0 ValueBool=False
2026-01-01 18:15:26.425 [INFO] [GW -> Client] GI-ME  CA=1, IOA=8323 ValueFloat=0 ValueBool=False
2026-01-01 18:15:41.430 [INFO] [IEC104] Client 13013286 event = CLOSED
2026-01-01 18:15:42.440 [INFO] [IEC104] Connection request from 192.168.2.21
2026-01-01 18:15:42.502 [INFO] [Client->GW] => General Interrogation from SCADA
2026-01-01 18:15:42.503 [INFO] [GW -> Client] GI-ME  CA=1, IOA=4352 ValueFloat=38142.55 ValueBool=False
2026-01-01 18:15:42.503 [INFO] [GW -> Client] GI-ME  CA=1, IOA=4354 ValueFloat=38012.152 ValueBool=False
2026-01-01 18:15:42.504 [INFO] [GW -> Client] GI-ME  CA=1, IOA=4356 ValueFloat=39336.742 ValueBool=False
2026-01-01 18:15:42.504 [INFO] [GW -> Client] GI-ME  CA=1, IOA=4392 ValueFloat=40310.71 ValueBool=False
2026-01-01 18:15:42.504 [INFO] [GW -> Client] GI-ME  CA=1, IOA=4394 ValueFloat=39651.273 ValueBool=False
2026-01-01 18:15:42.504 [INFO] [GW -> Client] GI-ME  CA=1, IOA=4396 ValueFloat=39258.312 ValueBool=False
2026-01-01 18:15:42.505 [INFO] [GW -> Client] GI-ME  CA=1, IOA=8322 ValueFloat=0 ValueBool=False
2026-01-01 18:15:42.505 [INFO] [GW -> Client] GI-ME  CA=1, IOA=8323 ValueFloat=0 ValueBool=False
2026-01-01 18:15:57.508 [INFO] [IEC104] Client 49274424 event = CLOSED
2026-01-01 18:15:58.525 [INFO] [IEC104] Connection request from 192.168.2.21
2026-01-01 18:15:58.593 [INFO] [Client->GW] => General Interrogation from SCADA
2026-01-01 18:15:58.593 [INFO] [GW -> Client] GI-ME  CA=1, IOA=4352 ValueFloat=38142.55 ValueBool=False
2026-01-01 18:15:58.594 [INFO] [GW -> Client] GI-ME  CA=1, IOA=4354 ValueFloat=38012.152 ValueBool=False
2026-01-01 18:15:58.594 [INFO] [GW -> Client] GI-ME  CA=1, IOA=4356 ValueFloat=39336.742 ValueBool=False
2026-01-01 18:15:58.594 [INFO] [GW -> Client] GI-ME  CA=1, IOA=4392 ValueFloat=40310.71 ValueBool=False
2026-01-01 18:15:58.594 [INFO] [GW -> Client] GI-ME  CA=1, IOA=4394 ValueFloat=39651.273 ValueBool=False
2026-01-01 18:15:58.594 [INFO] [GW -> Client] GI-ME  CA=1, IOA=4396 ValueFloat=39258.312 ValueBool=False
2026-01-01 18:15:58.594 [INFO] [GW -> Client] GI-ME  CA=1, IOA=8322 ValueFloat=0 ValueBool=False
2026-01-01 18:15:58.595 [INFO] [GW -> Client] GI-ME  CA=1, IOA=8323 ValueFloat=0 ValueBool=False
2026-01-01 18:16:13.599 [INFO] [IEC104] Client 6630582 event = CLOSED
2026-01-01 18:16:14.604 [INFO] [IEC104] Connection request from 192.168.2.21
2026-01-01 18:16:14.665 [INFO] [Client->GW] => General Interrogation from SCADA
2026-01-01 18:16:14.666 [INFO] [GW -> Client] GI-ME  CA=1, IOA=4352 ValueFloat=38142.55 ValueBool=False
2026-01-01 18:16:14.667 [INFO] [GW -> Client] GI-ME  CA=1, IOA=4354 ValueFloat=38012.152 ValueBool=False
2026-01-01 18:16:14.667 [INFO] [GW -> Client] GI-ME  CA=1, IOA=4356 ValueFloat=39336.742 ValueBool=False
2026-01-01 18:16:14.668 [INFO] [GW -> Client] GI-ME  CA=1, IOA=4392 ValueFloat=40310.71 ValueBool=False
2026-01-01 18:16:14.668 [INFO] [GW -> Client] GI-ME  CA=1, IOA=4394 ValueFloat=39651.273 ValueBool=False
2026-01-01 18:16:14.668 [INFO] [GW -> Client] GI-ME  CA=1, IOA=4396 ValueFloat=39258.312 ValueBool=False
2026-01-01 18:16:14.668 [INFO] [GW -> Client] GI-ME  CA=1, IOA=8322 ValueFloat=0 ValueBool=False
2026-01-01 18:16:14.669 [INFO] [GW -> Client] GI-ME  CA=1, IOA=8323 ValueFloat=0 ValueBool=False
2026-01-01 18:16:29.671 [INFO] [IEC104] Client 34961944 event = CLOSED
2026-01-01 18:16:30.687 [INFO] [IEC104] Connection request from 192.168.2.21
2026-01-01 18:16:30.697 [INFO] [Client->GW] => General Interrogation from SCADA
2026-01-01 18:16:30.698 [INFO] [GW -> Client] GI-ME  CA=1, IOA=4352 ValueFloat=38142.55 ValueBool=False
2026-01-01 18:16:30.698 [INFO] [GW -> Client] GI-ME  CA=1, IOA=4354 ValueFloat=38012.152 ValueBool=False
2026-01-01 18:16:30.698 [INFO] [GW -> Client] GI-ME  CA=1, IOA=4356 ValueFloat=39336.742 ValueBool=False
2026-01-01 18:16:30.698 [INFO] [GW -> Client] GI-ME  CA=1, IOA=4392 ValueFloat=40310.71 ValueBool=False
2026-01-01 18:16:30.698 [INFO] [GW -> Client] GI-ME  CA=1, IOA=4394 ValueFloat=39651.273 ValueBool=False
2026-01-01 18:16:30.699 [INFO] [GW -> Client] GI-ME  CA=1, IOA=4396 ValueFloat=39258.312 ValueBool=False
2026-01-01 18:16:30.699 [INFO] [GW -> Client] GI-ME  CA=1, IOA=8322 ValueFloat=0 ValueBool=False
2026-01-01 18:16:30.699 [INFO] [GW -> Client] GI-ME  CA=1, IOA=8323 ValueFloat=0 ValueBool=False
2026-01-01 18:16:45.713 [INFO] [IEC104] Client 58709714 event = CLOSED
2026-01-01 18:16:46.729 [INFO] [IEC104] Connection request from 192.168.2.21
2026-01-01 18:16:46.738 [INFO] [Client->GW] => General Interrogation from SCADA
2026-01-01 18:16:46.738 [INFO] [GW -> Client] GI-ME  CA=1, IOA=4352 ValueFloat=38142.55 ValueBool=False
2026-01-01 18:16:46.739 [INFO] [GW -> Client] GI-ME  CA=1, IOA=4354 ValueFloat=38012.152 ValueBool=False
2026-01-01 18:16:46.739 [INFO] [GW -> Client] GI-ME  CA=1, IOA=4356 ValueFloat=39336.742 ValueBool=False
2026-01-01 18:16:46.739 [INFO] [GW -> Client] GI-ME  CA=1, IOA=4392 ValueFloat=40310.71 ValueBool=False
2026-01-01 18:16:46.739 [INFO] [GW -> Client] GI-ME  CA=1, IOA=4394 ValueFloat=39651.273 ValueBool=False
2026-01-01 18:16:46.739 [INFO] [GW -> Client] GI-ME  CA=1, IOA=4396 ValueFloat=39258.312 ValueBool=False
2026-01-01 18:16:46.740 [INFO] [GW -> Client] GI-ME  CA=1, IOA=8322 ValueFloat=0 ValueBool=False
2026-01-01 18:16:46.740 [INFO] [GW -> Client] GI-ME  CA=1, IOA=8323 ValueFloat=0 ValueBool=False
2026-01-01 18:17:01.750 [INFO] [IEC104] Client 29464160 event = CLOSED
2026-01-01 18:17:02.753 [INFO] [IEC104] Connection request from 192.168.2.21
2026-01-01 18:17:02.814 [INFO] [Client->GW] => General Interrogation from SCADA
2026-01-01 18:17:02.815 [INFO] [GW -> Client] GI-ME  CA=1, IOA=4352 ValueFloat=38142.55 ValueBool=False
2026-01-01 18:17:02.815 [INFO] [GW -> Client] GI-ME  CA=1, IOA=4354 ValueFloat=38012.152 ValueBool=False
2026-01-01 18:17:02.815 [INFO] [GW -> Client] GI-ME  CA=1, IOA=4356 ValueFloat=39336.742 ValueBool=False
2026-01-01 18:17:02.816 [INFO] [GW -> Client] GI-ME  CA=1, IOA=4392 ValueFloat=40310.71 ValueBool=False
2026-01-01 18:17:02.816 [INFO] [GW -> Client] GI-ME  CA=1, IOA=4394 ValueFloat=39651.273 ValueBool=False
2026-01-01 18:17:02.816 [INFO] [GW -> Client] GI-ME  CA=1, IOA=4396 ValueFloat=39258.312 ValueBool=False
2026-01-01 18:17:02.816 [INFO] [GW -> Client] GI-ME  CA=1, IOA=8322 ValueFloat=0 ValueBool=False
2026-01-01 18:17:02.816 [INFO] [GW -> Client] GI-ME  CA=1, IOA=8323 ValueFloat=0 ValueBool=False
2026-01-01 18:17:17.841 [INFO] [IEC104] Client 50259906 event = CLOSED
2026-01-01 18:17:18.858 [INFO] [IEC104] Connection request from 192.168.2.21
2026-01-01 18:17:18.920 [INFO] [Client->GW] => General Interrogation from SCADA
2026-01-01 18:17:18.921 [INFO] [GW -> Client] GI-ME  CA=1, IOA=4352 ValueFloat=38142.55 ValueBool=False
2026-01-01 18:17:18.921 [INFO] [GW -> Client] GI-ME  CA=1, IOA=4354 ValueFloat=38012.152 ValueBool=False
2026-01-01 18:17:18.921 [INFO] [GW -> Client] GI-ME  CA=1, IOA=4356 ValueFloat=39336.742 ValueBool=False
2026-01-01 18:17:18.921 [INFO] [GW -> Client] GI-ME  CA=1, IOA=4392 ValueFloat=40310.71 ValueBool=False
2026-01-01 18:17:18.922 [INFO] [GW -> Client] GI-ME  CA=1, IOA=4394 ValueFloat=39651.273 ValueBool=False
2026-01-01 18:17:18.922 [INFO] [GW -> Client] GI-ME  CA=1, IOA=4396 ValueFloat=39258.312 ValueBool=False
2026-01-01 18:17:18.922 [INFO] [GW -> Client] GI-ME  CA=1, IOA=8322 ValueFloat=0 ValueBool=False
2026-01-01 18:17:18.922 [INFO] [GW -> Client] GI-ME  CA=1, IOA=8323 ValueFloat=0 ValueBool=False
2026-01-01 18:17:33.923 [INFO] [IEC104] Client 55789539 event = CLOSED
2026-01-01 18:17:34.929 [INFO] [IEC104] Connection request from 192.168.2.21
2026-01-01 18:17:34.940 [INFO] [Client->GW] => General Interrogation from SCADA
2026-01-01 18:17:34.941 [INFO] [GW -> Client] GI-ME  CA=1, IOA=4352 ValueFloat=38142.55 ValueBool=False
2026-01-01 18:17:34.941 [INFO] [GW -> Client] GI-ME  CA=1, IOA=4354 ValueFloat=38012.152 ValueBool=False
2026-01-01 18:17:34.941 [INFO] [GW -> Client] GI-ME  CA=1, IOA=4356 ValueFloat=39336.742 ValueBool=False
2026-01-01 18:17:34.942 [INFO] [GW -> Client] GI-ME  CA=1, IOA=4392 ValueFloat=40310.71 ValueBool=False
2026-01-01 18:17:34.942 [INFO] [GW -> Client] GI-ME  CA=1, IOA=4394 ValueFloat=39651.273 ValueBool=False
2026-01-01 18:17:34.942 [INFO] [GW -> Client] GI-ME  CA=1, IOA=4396 ValueFloat=39258.312 ValueBool=False
2026-01-01 18:17:34.942 [INFO] [GW -> Client] GI-ME  CA=1, IOA=8322 ValueFloat=0 ValueBool=False
2026-01-01 18:17:34.942 [INFO] [GW -> Client] GI-ME  CA=1, IOA=8323 ValueFloat=0 ValueBool=False
2026-01-01 18:17:49.971 [INFO] [IEC104] Client 47025661 event = CLOSED
2026-01-01 18:17:50.985 [INFO] [IEC104] Connection request from 192.168.2.21
2026-01-01 18:17:51.047 [INFO] [Client->GW] => General Interrogation from SCADA
2026-01-01 18:17:51.048 [INFO] [GW -> Client] GI-ME  CA=1, IOA=4352 ValueFloat=38142.55 ValueBool=False
2026-01-01 18:17:51.048 [INFO] [GW -> Client] GI-ME  CA=1, IOA=4354 ValueFloat=38012.152 ValueBool=False
2026-01-01 18:17:51.048 [INFO] [GW -> Client] GI-ME  CA=1, IOA=4356 ValueFloat=39336.742 ValueBool=False
2026-01-01 18:17:51.048 [INFO] [GW -> Client] GI-ME  CA=1, IOA=4392 ValueFloat=40310.71 ValueBool=False
2026-01-01 18:17:51.048 [INFO] [GW -> Client] GI-ME  CA=1, IOA=4394 ValueFloat=39651.273 ValueBool=False
2026-01-01 18:17:51.049 [INFO] [GW -> Client] GI-ME  CA=1, IOA=4396 ValueFloat=39258.312 ValueBool=False
2026-01-01 18:17:51.049 [INFO] [GW -> Client] GI-ME  CA=1, IOA=8322 ValueFloat=0 ValueBool=False
2026-01-01 18:17:51.049 [INFO] [GW -> Client] GI-ME  CA=1, IOA=8323 ValueFloat=0 ValueBool=False
2026-01-01 18:18:06.052 [INFO] [IEC104] Client 36607986 event = CLOSED
2026-01-01 18:18:07.056 [INFO] [IEC104] Connection request from 192.168.2.21
2026-01-01 18:18:07.118 [INFO] [Client->GW] => General Interrogation from SCADA
2026-01-01 18:18:07.119 [INFO] [GW -> Client] GI-ME  CA=1, IOA=4352 ValueFloat=38142.55 ValueBool=False
2026-01-01 18:18:07.119 [INFO] [GW -> Client] GI-ME  CA=1, IOA=4354 ValueFloat=38012.152 ValueBool=False
2026-01-01 18:18:07.120 [INFO] [GW -> Client] GI-ME  CA=1, IOA=4356 ValueFloat=39336.742 ValueBool=False
2026-01-01 18:18:07.120 [INFO] [GW -> Client] GI-ME  CA=1, IOA=4392 ValueFloat=40310.71 ValueBool=False
2026-01-01 18:18:07.120 [INFO] [GW -> Client] GI-ME  CA=1, IOA=4394 ValueFloat=39651.273 ValueBool=False
2026-01-01 18:18:07.120 [INFO] [GW -> Client] GI-ME  CA=1, IOA=4396 ValueFloat=39258.312 ValueBool=False
2026-01-01 18:18:07.120 [INFO] [GW -> Client] GI-ME  CA=1, IOA=8322 ValueFloat=0 ValueBool=False
2026-01-01 18:18:07.120 [INFO] [GW -> Client] GI-ME  CA=1, IOA=8323 ValueFloat=0 ValueBool=False
2026-01-01 18:18:22.125 [INFO] [IEC104] Client 6512165 event = CLOSED
2026-01-01 18:18:23.127 [INFO] [IEC104] Connection request from 192.168.2.21
2026-01-01 18:18:23.189 [INFO] [Client->GW] => General Interrogation from SCADA
2026-01-01 18:18:23.190 [INFO] [GW -> Client] GI-ME  CA=1, IOA=4352 ValueFloat=38142.55 ValueBool=False
2026-01-01 18:18:23.190 [INFO] [GW -> Client] GI-ME  CA=1, IOA=4354 ValueFloat=38012.152 ValueBool=False
2026-01-01 18:18:23.190 [INFO] [GW -> Client] GI-ME  CA=1, IOA=4356 ValueFloat=39336.742 ValueBool=False
2026-01-01 18:18:23.190 [INFO] [GW -> Client] GI-ME  CA=1, IOA=4392 ValueFloat=40310.71 ValueBool=False
2026-01-01 18:18:23.191 [INFO] [GW -> Client] GI-ME  CA=1, IOA=4394 ValueFloat=39651.273 ValueBool=False
2026-01-01 18:18:23.191 [INFO] [GW -> Client] GI-ME  CA=1, IOA=4396 ValueFloat=39258.312 ValueBool=False
2026-01-01 18:18:23.191 [INFO] [GW -> Client] GI-ME  CA=1, IOA=8322 ValueFloat=0 ValueBool=False
2026-01-01 18:18:23.191 [INFO] [GW -> Client] GI-ME  CA=1, IOA=8323 ValueFloat=0 ValueBool=False
2026-01-01 18:18:38.198 [INFO] [IEC104] Client 4145736 event = CLOSED
2026-01-01 18:18:39.213 [INFO] [IEC104] Connection request from 192.168.2.21
2026-01-01 18:18:39.281 [INFO] [Client->GW] => General Interrogation from SCADA
2026-01-01 18:18:39.281 [INFO] [GW -> Client] GI-ME  CA=1, IOA=4352 ValueFloat=38142.55 ValueBool=False
2026-01-01 18:18:39.281 [INFO] [GW -> Client] GI-ME  CA=1, IOA=4354 ValueFloat=38012.152 ValueBool=False
2026-01-01 18:18:39.282 [INFO] [GW -> Client] GI-ME  CA=1, IOA=4356 ValueFloat=39336.742 ValueBool=False
2026-01-01 18:18:39.282 [INFO] [GW -> Client] GI-ME  CA=1, IOA=4392 ValueFloat=40310.71 ValueBool=False
2026-01-01 18:18:39.282 [INFO] [GW -> Client] GI-ME  CA=1, IOA=4394 ValueFloat=39651.273 ValueBool=False
2026-01-01 18:18:39.282 [INFO] [GW -> Client] GI-ME  CA=1, IOA=4396 ValueFloat=39258.312 ValueBool=False
2026-01-01 18:18:39.282 [INFO] [GW -> Client] GI-ME  CA=1, IOA=8322 ValueFloat=0 ValueBool=False
2026-01-01 18:18:39.283 [INFO] [GW -> Client] GI-ME  CA=1, IOA=8323 ValueFloat=0 ValueBool=False
2026-01-01 18:18:54.303 [INFO] [IEC104] Client 15670216 event = CLOSED
2026-01-01 18:18:55.320 [INFO] [IEC104] Connection request from 192.168.2.21
2026-01-01 18:18:55.382 [INFO] [Client->GW] => General Interrogation from SCADA
2026-01-01 18:18:55.383 [INFO] [GW -> Client] GI-ME  CA=1, IOA=4352 ValueFloat=44041.805 ValueBool=False
2026-01-01 18:18:55.383 [INFO] [GW -> Client] GI-ME  CA=1, IOA=4354 ValueFloat=44370.145 ValueBool=False
2026-01-01 18:18:55.383 [INFO] [GW -> Client] GI-ME  CA=1, IOA=4356 ValueFloat=46087.38 ValueBool=False
2026-01-01 18:18:55.383 [INFO] [GW -> Client] GI-ME  CA=1, IOA=4392 ValueFloat=47321.45 ValueBool=False
2026-01-01 18:18:55.383 [INFO] [GW -> Client] GI-ME  CA=1, IOA=4394 ValueFloat=46465.707 ValueBool=False
2026-01-01 18:18:55.384 [INFO] [GW -> Client] GI-ME  CA=1, IOA=4396 ValueFloat=45613.52 ValueBool=False
2026-01-01 18:18:55.384 [INFO] [GW -> Client] GI-ME  CA=1, IOA=8322 ValueFloat=0 ValueBool=False
2026-01-01 18:18:55.384 [INFO] [GW -> Client] GI-ME  CA=1, IOA=8323 ValueFloat=0 ValueBool=False
2026-01-01 18:19:10.395 [INFO] [IEC104] Client 38440839 event = CLOSED
2026-01-01 18:19:11.410 [INFO] [IEC104] Connection request from 192.168.2.21
2026-01-01 18:19:11.473 [INFO] [Client->GW] => General Interrogation from SCADA
2026-01-01 18:19:11.473 [INFO] [GW -> Client] GI-ME  CA=1, IOA=4352 ValueFloat=44041.805 ValueBool=False
2026-01-01 18:19:11.474 [INFO] [GW -> Client] GI-ME  CA=1, IOA=4354 ValueFloat=44370.145 ValueBool=False
2026-01-01 18:19:11.474 [INFO] [GW -> Client] GI-ME  CA=1, IOA=4356 ValueFloat=46087.38 ValueBool=False
2026-01-01 18:19:11.474 [INFO] [GW -> Client] GI-ME  CA=1, IOA=4392 ValueFloat=47321.45 ValueBool=False
2026-01-01 18:19:11.474 [INFO] [GW -> Client] GI-ME  CA=1, IOA=4394 ValueFloat=46465.707 ValueBool=False
2026-01-01 18:19:11.475 [INFO] [GW -> Client] GI-ME  CA=1, IOA=4396 ValueFloat=45613.52 ValueBool=False
2026-01-01 18:19:11.475 [INFO] [GW -> Client] GI-ME  CA=1, IOA=8322 ValueFloat=0 ValueBool=False
2026-01-01 18:19:11.475 [INFO] [GW -> Client] GI-ME  CA=1, IOA=8323 ValueFloat=0 ValueBool=False
2026-01-01 18:19:26.485 [INFO] [IEC104] Client 41451983 event = CLOSED
2026-01-01 18:19:27.501 [INFO] [IEC104] Connection request from 192.168.2.21
2026-01-01 18:19:27.563 [INFO] [Client->GW] => General Interrogation from SCADA
2026-01-01 18:19:27.564 [INFO] [GW -> Client] GI-ME  CA=1, IOA=4352 ValueFloat=44041.805 ValueBool=False
2026-01-01 18:19:27.564 [INFO] [GW -> Client] GI-ME  CA=1, IOA=4354 ValueFloat=44370.145 ValueBool=False
2026-01-01 18:19:27.564 [INFO] [GW -> Client] GI-ME  CA=1, IOA=4356 ValueFloat=46087.38 ValueBool=False
2026-01-01 18:19:27.564 [INFO] [GW -> Client] GI-ME  CA=1, IOA=4392 ValueFloat=47321.45 ValueBool=False
2026-01-01 18:19:27.565 [INFO] [GW -> Client] GI-ME  CA=1, IOA=4394 ValueFloat=46465.707 ValueBool=False
2026-01-01 18:19:27.565 [INFO] [GW -> Client] GI-ME  CA=1, IOA=4396 ValueFloat=45613.52 ValueBool=False
2026-01-01 18:19:27.565 [INFO] [GW -> Client] GI-ME  CA=1, IOA=8322 ValueFloat=0 ValueBool=False
2026-01-01 18:19:27.565 [INFO] [GW -> Client] GI-ME  CA=1, IOA=8323 ValueFloat=0 ValueBool=False
2026-01-01 18:19:42.595 [INFO] [IEC104] Client 910893 event = CLOSED
2026-01-01 18:19:43.611 [INFO] [IEC104] Connection request from 192.168.2.21
2026-01-01 18:19:43.684 [INFO] [Client->GW] => General Interrogation from SCADA
2026-01-01 18:19:43.685 [INFO] [GW -> Client] GI-ME  CA=1, IOA=4352 ValueFloat=44041.805 ValueBool=False
2026-01-01 18:19:43.686 [INFO] [GW -> Client] GI-ME  CA=1, IOA=4354 ValueFloat=44370.145 ValueBool=False
2026-01-01 18:19:43.686 [INFO] [GW -> Client] GI-ME  CA=1, IOA=4356 ValueFloat=46087.38 ValueBool=False
2026-01-01 18:19:43.686 [INFO] [GW -> Client] GI-ME  CA=1, IOA=4392 ValueFloat=47321.45 ValueBool=False
2026-01-01 18:19:43.686 [INFO] [GW -> Client] GI-ME  CA=1, IOA=4394 ValueFloat=46465.707 ValueBool=False
2026-01-01 18:19:43.687 [INFO] [GW -> Client] GI-ME  CA=1, IOA=4396 ValueFloat=45613.52 ValueBool=False
2026-01-01 18:19:43.687 [INFO] [GW -> Client] GI-ME  CA=1, IOA=8322 ValueFloat=0 ValueBool=False
2026-01-01 18:19:43.687 [INFO] [GW -> Client] GI-ME  CA=1, IOA=8323 ValueFloat=0 ValueBool=False
2026-01-01 18:19:58.692 [INFO] [IEC104] Client 48063486 event = CLOSED
2026-01-01 18:19:59.709 [INFO] [IEC104] Connection request from 192.168.2.21
2026-01-01 18:19:59.732 [INFO] [Client->GW] => General Interrogation from SCADA
2026-01-01 18:19:59.732 [INFO] [GW -> Client] GI-ME  CA=1, IOA=4352 ValueFloat=44041.805 ValueBool=False
2026-01-01 18:19:59.733 [INFO] [GW -> Client] GI-ME  CA=1, IOA=4354 ValueFloat=44370.145 ValueBool=False
2026-01-01 18:19:59.734 [INFO] [GW -> Client] GI-ME  CA=1, IOA=4356 ValueFloat=46087.38 ValueBool=False
2026-01-01 18:19:59.734 [INFO] [GW -> Client] GI-ME  CA=1, IOA=4392 ValueFloat=47321.45 ValueBool=False
2026-01-01 18:19:59.735 [INFO] [GW -> Client] GI-ME  CA=1, IOA=4394 ValueFloat=46465.707 ValueBool=False
2026-01-01 18:19:59.735 [INFO] [GW -> Client] GI-ME  CA=1, IOA=4396 ValueFloat=45613.52 ValueBool=False
2026-01-01 18:19:59.735 [INFO] [GW -> Client] GI-ME  CA=1, IOA=8322 ValueFloat=0 ValueBool=False
2026-01-01 18:19:59.736 [INFO] [GW -> Client] GI-ME  CA=1, IOA=8323 ValueFloat=0 ValueBool=False
2026-01-01 18:20:14.748 [INFO] [IEC104] Client 34766458 event = CLOSED
2026-01-01 18:20:15.752 [INFO] [IEC104] Connection request from 192.168.2.21
2026-01-01 18:20:15.815 [INFO] [Client->GW] => General Interrogation from SCADA
2026-01-01 18:20:15.815 [INFO] [GW -> Client] GI-ME  CA=1, IOA=4352 ValueFloat=44041.805 ValueBool=False
2026-01-01 18:20:15.815 [INFO] [GW -> Client] GI-ME  CA=1, IOA=4354 ValueFloat=44370.145 ValueBool=False
2026-01-01 18:20:15.816 [INFO] [GW -> Client] GI-ME  CA=1, IOA=4356 ValueFloat=46087.38 ValueBool=False
2026-01-01 18:20:15.816 [INFO] [GW -> Client] GI-ME  CA=1, IOA=4392 ValueFloat=47321.45 ValueBool=False
2026-01-01 18:20:15.816 [INFO] [GW -> Client] GI-ME  CA=1, IOA=4394 ValueFloat=46465.707 ValueBool=False
2026-01-01 18:20:15.816 [INFO] [GW -> Client] GI-ME  CA=1, IOA=4396 ValueFloat=45613.52 ValueBool=False
2026-01-01 18:20:15.816 [INFO] [GW -> Client] GI-ME  CA=1, IOA=8322 ValueFloat=0 ValueBool=False
2026-01-01 18:20:15.817 [INFO] [GW -> Client] GI-ME  CA=1, IOA=8323 ValueFloat=0 ValueBool=False
2026-01-01 18:20:30.821 [INFO] [IEC104] Client 14354203 event = CLOSED
2026-01-01 18:20:31.822 [INFO] [IEC104] Connection request from 192.168.2.21
2026-01-01 18:20:31.832 [INFO] [Client->GW] => General Interrogation from SCADA
2026-01-01 18:20:31.833 [INFO] [GW -> Client] GI-ME  CA=1, IOA=4352 ValueFloat=44041.805 ValueBool=False
2026-01-01 18:20:31.833 [INFO] [GW -> Client] GI-ME  CA=1, IOA=4354 ValueFloat=44370.145 ValueBool=False
2026-01-01 18:20:31.833 [INFO] [GW -> Client] GI-ME  CA=1, IOA=4356 ValueFloat=46087.38 ValueBool=False
2026-01-01 18:20:31.833 [INFO] [GW -> Client] GI-ME  CA=1, IOA=4392 ValueFloat=47321.45 ValueBool=False
2026-01-01 18:20:31.833 [INFO] [GW -> Client] GI-ME  CA=1, IOA=4394 ValueFloat=46465.707 ValueBool=False
2026-01-01 18:20:31.834 [INFO] [GW -> Client] GI-ME  CA=1, IOA=4396 ValueFloat=45613.52 ValueBool=False
2026-01-01 18:20:31.834 [INFO] [GW -> Client] GI-ME  CA=1, IOA=8322 ValueFloat=0 ValueBool=False
2026-01-01 18:20:31.834 [INFO] [GW -> Client] GI-ME  CA=1, IOA=8323 ValueFloat=0 ValueBool=False
2026-01-01 18:20:46.842 [INFO] [IEC104] Client 66124277 event = CLOSED
2026-01-01 18:20:47.847 [INFO] [IEC104] Connection request from 192.168.2.21
2026-01-01 18:20:47.914 [INFO] [Client->GW] => General Interrogation from SCADA
2026-01-01 18:20:47.915 [INFO] [GW -> Client] GI-ME  CA=1, IOA=4352 ValueFloat=44041.805 ValueBool=False
2026-01-01 18:20:47.915 [INFO] [GW -> Client] GI-ME  CA=1, IOA=4354 ValueFloat=44370.145 ValueBool=False
2026-01-01 18:20:47.916 [INFO] [GW -> Client] GI-ME  CA=1, IOA=4356 ValueFloat=46087.38 ValueBool=False
2026-01-01 18:20:47.916 [INFO] [GW -> Client] GI-ME  CA=1, IOA=4392 ValueFloat=47321.45 ValueBool=False
2026-01-01 18:20:47.916 [INFO] [GW -> Client] GI-ME  CA=1, IOA=4394 ValueFloat=46465.707 ValueBool=False
2026-01-01 18:20:47.916 [INFO] [GW -> Client] GI-ME  CA=1, IOA=4396 ValueFloat=45613.52 ValueBool=False
2026-01-01 18:20:47.916 [INFO] [GW -> Client] GI-ME  CA=1, IOA=8322 ValueFloat=0 ValueBool=False
2026-01-01 18:20:47.917 [INFO] [GW -> Client] GI-ME  CA=1, IOA=8323 ValueFloat=0 ValueBool=False
2026-01-01 18:21:02.921 [INFO] [IEC104] Client 278584 event = CLOSED
2026-01-01 18:21:03.935 [INFO] [IEC104] Connection request from 192.168.2.21
2026-01-01 18:21:04.020 [INFO] [Client->GW] => General Interrogation from SCADA
2026-01-01 18:21:04.020 [INFO] [GW -> Client] GI-ME  CA=1, IOA=4352 ValueFloat=44041.805 ValueBool=False
2026-01-01 18:21:04.021 [INFO] [GW -> Client] GI-ME  CA=1, IOA=4354 ValueFloat=44370.145 ValueBool=False
2026-01-01 18:21:04.021 [INFO] [GW -> Client] GI-ME  CA=1, IOA=4356 ValueFloat=46087.38 ValueBool=False
2026-01-01 18:21:04.022 [INFO] [GW -> Client] GI-ME  CA=1, IOA=4392 ValueFloat=47321.45 ValueBool=False
2026-01-01 18:21:04.022 [INFO] [GW -> Client] GI-ME  CA=1, IOA=4394 ValueFloat=46465.707 ValueBool=False
2026-01-01 18:21:04.022 [INFO] [GW -> Client] GI-ME  CA=1, IOA=4396 ValueFloat=45613.52 ValueBool=False
2026-01-01 18:21:04.023 [INFO] [GW -> Client] GI-ME  CA=1, IOA=8322 ValueFloat=0 ValueBool=False
2026-01-01 18:21:04.023 [INFO] [GW -> Client] GI-ME  CA=1, IOA=8323 ValueFloat=0 ValueBool=False
2026-01-01 18:21:19.067 [INFO] [IEC104] Client 7200335 event = CLOSED
2026-01-01 18:21:20.066 [INFO] [IEC104] Connection request from 192.168.2.21
2026-01-01 18:21:20.143 [INFO] [Client->GW] => General Interrogation from SCADA
2026-01-01 18:21:20.144 [INFO] [GW -> Client] GI-ME  CA=1, IOA=4352 ValueFloat=44041.805 ValueBool=False
2026-01-01 18:21:20.145 [INFO] [GW -> Client] GI-ME  CA=1, IOA=4354 ValueFloat=44370.145 ValueBool=False
2026-01-01 18:21:20.146 [INFO] [GW -> Client] GI-ME  CA=1, IOA=4356 ValueFloat=46087.38 ValueBool=False
2026-01-01 18:21:20.147 [INFO] [GW -> Client] GI-ME  CA=1, IOA=4392 ValueFloat=47321.45 ValueBool=False
2026-01-01 18:21:20.147 [INFO] [GW -> Client] GI-ME  CA=1, IOA=4394 ValueFloat=46465.707 ValueBool=False
2026-01-01 18:21:20.149 [INFO] [GW -> Client] GI-ME  CA=1, IOA=4396 ValueFloat=45613.52 ValueBool=False
2026-01-01 18:21:20.149 [INFO] [GW -> Client] GI-ME  CA=1, IOA=8322 ValueFloat=0 ValueBool=False
2026-01-01 18:21:20.150 [INFO] [GW -> Client] GI-ME  CA=1, IOA=8323 ValueFloat=0 ValueBool=False
2026-01-01 18:21:35.156 [INFO] [IEC104] Client 37448498 event = CLOSED
2026-01-01 18:21:36.159 [INFO] [IEC104] Connection request from 192.168.2.21
2026-01-01 18:21:36.178 [INFO] [Client->GW] => General Interrogation from SCADA
2026-01-01 18:21:36.179 [INFO] [GW -> Client] GI-ME  CA=1, IOA=4352 ValueFloat=44041.805 ValueBool=False
2026-01-01 18:21:36.179 [INFO] [GW -> Client] GI-ME  CA=1, IOA=4354 ValueFloat=44370.145 ValueBool=False
2026-01-01 18:21:36.180 [INFO] [GW -> Client] GI-ME  CA=1, IOA=4356 ValueFloat=46087.38 ValueBool=False
2026-01-01 18:21:36.181 [INFO] [GW -> Client] GI-ME  CA=1, IOA=4392 ValueFloat=47321.45 ValueBool=False
2026-01-01 18:21:36.181 [INFO] [GW -> Client] GI-ME  CA=1, IOA=4394 ValueFloat=46465.707 ValueBool=False
2026-01-01 18:21:36.182 [INFO] [GW -> Client] GI-ME  CA=1, IOA=4396 ValueFloat=45613.52 ValueBool=False
2026-01-01 18:21:36.182 [INFO] [GW -> Client] GI-ME  CA=1, IOA=8322 ValueFloat=0 ValueBool=False
2026-01-01 18:21:36.183 [INFO] [GW -> Client] GI-ME  CA=1, IOA=8323 ValueFloat=0 ValueBool=False
2026-01-01 18:21:51.193 [INFO] [IEC104] Client 18586543 event = CLOSED
2026-01-01 18:21:52.209 [INFO] [IEC104] Connection request from 192.168.2.21
2026-01-01 18:21:52.273 [INFO] [Client->GW] => General Interrogation from SCADA
2026-01-01 18:21:52.274 [INFO] [GW -> Client] GI-ME  CA=1, IOA=4352 ValueFloat=44041.805 ValueBool=False
2026-01-01 18:21:52.274 [INFO] [GW -> Client] GI-ME  CA=1, IOA=4354 ValueFloat=44370.145 ValueBool=False
2026-01-01 18:21:52.275 [INFO] [GW -> Client] GI-ME  CA=1, IOA=4356 ValueFloat=46087.38 ValueBool=False
2026-01-01 18:21:52.275 [INFO] [GW -> Client] GI-ME  CA=1, IOA=4392 ValueFloat=47321.45 ValueBool=False
2026-01-01 18:21:52.275 [INFO] [GW -> Client] GI-ME  CA=1, IOA=4394 ValueFloat=46465.707 ValueBool=False
2026-01-01 18:21:52.275 [INFO] [GW -> Client] GI-ME  CA=1, IOA=4396 ValueFloat=45613.52 ValueBool=False
2026-01-01 18:21:52.275 [INFO] [GW -> Client] GI-ME  CA=1, IOA=8322 ValueFloat=0 ValueBool=False
2026-01-01 18:21:52.276 [INFO] [GW -> Client] GI-ME  CA=1, IOA=8323 ValueFloat=0 ValueBool=False
2026-01-01 18:22:07.281 [INFO] [IEC104] Client 43732215 event = CLOSED
2026-01-01 18:22:08.296 [INFO] [IEC104] Connection request from 192.168.2.21
2026-01-01 18:22:08.313 [INFO] [Client->GW] => General Interrogation from SCADA
2026-01-01 18:22:08.314 [INFO] [GW -> Client] GI-ME  CA=1, IOA=4352 ValueFloat=44041.805 ValueBool=False
2026-01-01 18:22:08.315 [INFO] [GW -> Client] GI-ME  CA=1, IOA=4354 ValueFloat=44370.145 ValueBool=False
2026-01-01 18:22:08.315 [INFO] [GW -> Client] GI-ME  CA=1, IOA=4356 ValueFloat=46087.38 ValueBool=False
2026-01-01 18:22:08.315 [INFO] [GW -> Client] GI-ME  CA=1, IOA=4392 ValueFloat=47321.45 ValueBool=False
2026-01-01 18:22:08.316 [INFO] [GW -> Client] GI-ME  CA=1, IOA=4394 ValueFloat=46465.707 ValueBool=False
2026-01-01 18:22:08.316 [INFO] [GW -> Client] GI-ME  CA=1, IOA=4396 ValueFloat=45613.52 ValueBool=False
2026-01-01 18:22:08.316 [INFO] [GW -> Client] GI-ME  CA=1, IOA=8322 ValueFloat=0 ValueBool=False
2026-01-01 18:22:08.316 [INFO] [GW -> Client] GI-ME  CA=1, IOA=8323 ValueFloat=0 ValueBool=False
2026-01-01 18:22:23.317 [INFO] [IEC104] Client 25849245 event = CLOSED
2026-01-01 18:22:24.332 [INFO] [IEC104] Connection request from 192.168.2.21
2026-01-01 18:22:24.348 [INFO] [Client->GW] => General Interrogation from SCADA
2026-01-01 18:22:24.349 [INFO] [GW -> Client] GI-ME  CA=1, IOA=4352 ValueFloat=50333.523 ValueBool=False
2026-01-01 18:22:24.349 [INFO] [GW -> Client] GI-ME  CA=1, IOA=4354 ValueFloat=50859.51 ValueBool=False
2026-01-01 18:22:24.349 [INFO] [GW -> Client] GI-ME  CA=1, IOA=4356 ValueFloat=52182.543 ValueBool=False
2026-01-01 18:22:24.349 [INFO] [GW -> Client] GI-ME  CA=1, IOA=4392 ValueFloat=53941.797 ValueBool=False
2026-01-01 18:22:24.350 [INFO] [GW -> Client] GI-ME  CA=1, IOA=4394 ValueFloat=53740.55 ValueBool=False
2026-01-01 18:22:24.350 [INFO] [GW -> Client] GI-ME  CA=1, IOA=4396 ValueFloat=51708.402 ValueBool=False
2026-01-01 18:22:24.350 [INFO] [GW -> Client] GI-ME  CA=1, IOA=8322 ValueFloat=0 ValueBool=False
2026-01-01 18:22:24.350 [INFO] [GW -> Client] GI-ME  CA=1, IOA=8323 ValueFloat=0 ValueBool=False
2026-01-01 18:22:39.363 [INFO] [IEC104] Client 51699684 event = CLOSED
2026-01-01 18:22:40.374 [INFO] [IEC104] Connection request from 192.168.2.21
2026-01-01 18:22:40.452 [INFO] [Client->GW] => General Interrogation from SCADA
2026-01-01 18:22:40.453 [INFO] [GW -> Client] GI-ME  CA=1, IOA=4352 ValueFloat=50333.523 ValueBool=False
2026-01-01 18:22:40.453 [INFO] [GW -> Client] GI-ME  CA=1, IOA=4354 ValueFloat=50859.51 ValueBool=False
2026-01-01 18:22:40.454 [INFO] [GW -> Client] GI-ME  CA=1, IOA=4356 ValueFloat=52182.543 ValueBool=False
2026-01-01 18:22:40.454 [INFO] [GW -> Client] GI-ME  CA=1, IOA=4392 ValueFloat=53941.797 ValueBool=False
2026-01-01 18:22:40.454 [INFO] [GW -> Client] GI-ME  CA=1, IOA=4394 ValueFloat=53740.55 ValueBool=False
2026-01-01 18:22:40.454 [INFO] [GW -> Client] GI-ME  CA=1, IOA=4396 ValueFloat=51708.402 ValueBool=False
2026-01-01 18:22:40.454 [INFO] [GW -> Client] GI-ME  CA=1, IOA=8322 ValueFloat=0 ValueBool=False
2026-01-01 18:22:40.455 [INFO] [GW -> Client] GI-ME  CA=1, IOA=8323 ValueFloat=0 ValueBool=False
2026-01-01 18:22:55.455 [INFO] [IEC104] Client 44071794 event = CLOSED
2026-01-01 18:22:56.466 [INFO] [IEC104] Connection request from 192.168.2.21
2026-01-01 18:22:56.478 [INFO] [Client->GW] => General Interrogation from SCADA
2026-01-01 18:22:56.479 [INFO] [GW -> Client] GI-ME  CA=1, IOA=4352 ValueFloat=50333.523 ValueBool=False
2026-01-01 18:22:56.479 [INFO] [GW -> Client] GI-ME  CA=1, IOA=4354 ValueFloat=50859.51 ValueBool=False
2026-01-01 18:22:56.480 [INFO] [GW -> Client] GI-ME  CA=1, IOA=4356 ValueFloat=52182.543 ValueBool=False
2026-01-01 18:22:56.480 [INFO] [GW -> Client] GI-ME  CA=1, IOA=4392 ValueFloat=53941.797 ValueBool=False
2026-01-01 18:22:56.481 [INFO] [GW -> Client] GI-ME  CA=1, IOA=4394 ValueFloat=53740.55 ValueBool=False
2026-01-01 18:22:56.481 [INFO] [GW -> Client] GI-ME  CA=1, IOA=4396 ValueFloat=51708.402 ValueBool=False
2026-01-01 18:22:56.481 [INFO] [GW -> Client] GI-ME  CA=1, IOA=8322 ValueFloat=0 ValueBool=False
2026-01-01 18:22:56.482 [INFO] [GW -> Client] GI-ME  CA=1, IOA=8323 ValueFloat=0 ValueBool=False
2026-01-01 18:23:11.508 [INFO] [IEC104] Client 18682113 event = CLOSED
2026-01-01 18:23:12.524 [INFO] [IEC104] Connection request from 192.168.2.21
2026-01-01 18:23:12.541 [INFO] [Client->GW] => General Interrogation from SCADA
2026-01-01 18:23:12.541 [INFO] [GW -> Client] GI-ME  CA=1, IOA=4352 ValueFloat=50333.523 ValueBool=False
2026-01-01 18:23:12.542 [INFO] [GW -> Client] GI-ME  CA=1, IOA=4354 ValueFloat=50859.51 ValueBool=False
2026-01-01 18:23:12.542 [INFO] [GW -> Client] GI-ME  CA=1, IOA=4356 ValueFloat=52182.543 ValueBool=False
2026-01-01 18:23:12.542 [INFO] [GW -> Client] GI-ME  CA=1, IOA=4392 ValueFloat=53941.797 ValueBool=False
2026-01-01 18:23:12.542 [INFO] [GW -> Client] GI-ME  CA=1, IOA=4394 ValueFloat=53740.55 ValueBool=False
2026-01-01 18:23:12.543 [INFO] [GW -> Client] GI-ME  CA=1, IOA=4396 ValueFloat=51708.402 ValueBool=False
2026-01-01 18:23:12.543 [INFO] [GW -> Client] GI-ME  CA=1, IOA=8322 ValueFloat=0 ValueBool=False
2026-01-01 18:23:12.543 [INFO] [GW -> Client] GI-ME  CA=1, IOA=8323 ValueFloat=0 ValueBool=False
2026-01-01 18:23:27.572 [INFO] [IEC104] Client 59303051 event = CLOSED
2026-01-01 18:23:28.579 [INFO] [IEC104] Connection request from 192.168.2.21
2026-01-01 18:23:28.588 [INFO] [Client->GW] => General Interrogation from SCADA
2026-01-01 18:23:28.588 [INFO] [GW -> Client] GI-ME  CA=1, IOA=4352 ValueFloat=50333.523 ValueBool=False
2026-01-01 18:23:28.589 [INFO] [GW -> Client] GI-ME  CA=1, IOA=4354 ValueFloat=50859.51 ValueBool=False
2026-01-01 18:23:28.589 [INFO] [GW -> Client] GI-ME  CA=1, IOA=4356 ValueFloat=52182.543 ValueBool=False
2026-01-01 18:23:28.589 [INFO] [GW -> Client] GI-ME  CA=1, IOA=4392 ValueFloat=53941.797 ValueBool=False
2026-01-01 18:23:28.589 [INFO] [GW -> Client] GI-ME  CA=1, IOA=4394 ValueFloat=53740.55 ValueBool=False
2026-01-01 18:23:28.589 [INFO] [GW -> Client] GI-ME  CA=1, IOA=4396 ValueFloat=51708.402 ValueBool=False
2026-01-01 18:23:28.589 [INFO] [GW -> Client] GI-ME  CA=1, IOA=8322 ValueFloat=0 ValueBool=False
2026-01-01 18:23:28.589 [INFO] [GW -> Client] GI-ME  CA=1, IOA=8323 ValueFloat=0 ValueBool=False
2026-01-01 18:23:43.595 [INFO] [IEC104] Client 6924238 event = CLOSED
2026-01-01 18:23:44.598 [INFO] [IEC104] Connection request from 192.168.2.21
2026-01-01 18:23:44.627 [INFO] [Client->GW] => General Interrogation from SCADA
2026-01-01 18:23:44.628 [INFO] [GW -> Client] GI-ME  CA=1, IOA=4352 ValueFloat=50333.523 ValueBool=False
2026-01-01 18:23:44.629 [INFO] [GW -> Client] GI-ME  CA=1, IOA=4354 ValueFloat=50859.51 ValueBool=False
2026-01-01 18:23:44.630 [INFO] [GW -> Client] GI-ME  CA=1, IOA=4356 ValueFloat=52182.543 ValueBool=False
2026-01-01 18:23:44.631 [INFO] [GW -> Client] GI-ME  CA=1, IOA=4392 ValueFloat=53941.797 ValueBool=False
2026-01-01 18:23:44.633 [INFO] [GW -> Client] GI-ME  CA=1, IOA=4394 ValueFloat=53740.55 ValueBool=False
2026-01-01 18:23:44.634 [INFO] [GW -> Client] GI-ME  CA=1, IOA=4396 ValueFloat=51708.402 ValueBool=False
2026-01-01 18:23:44.634 [INFO] [GW -> Client] GI-ME  CA=1, IOA=8322 ValueFloat=0 ValueBool=False
2026-01-01 18:23:44.635 [INFO] [GW -> Client] GI-ME  CA=1, IOA=8323 ValueFloat=0 ValueBool=False
2026-01-01 18:23:59.667 [INFO] [IEC104] Client 59495630 event = CLOSED
2026-01-01 18:24:00.683 [INFO] [IEC104] Connection request from 192.168.2.21
2026-01-01 18:24:00.700 [INFO] [Client->GW] => General Interrogation from SCADA
2026-01-01 18:24:00.701 [INFO] [GW -> Client] GI-ME  CA=1, IOA=4352 ValueFloat=50333.523 ValueBool=False
2026-01-01 18:24:00.701 [INFO] [GW -> Client] GI-ME  CA=1, IOA=4354 ValueFloat=50859.51 ValueBool=False
2026-01-01 18:24:00.701 [INFO] [GW -> Client] GI-ME  CA=1, IOA=4356 ValueFloat=52182.543 ValueBool=False
2026-01-01 18:24:00.701 [INFO] [GW -> Client] GI-ME  CA=1, IOA=4392 ValueFloat=53941.797 ValueBool=False
2026-01-01 18:24:00.701 [INFO] [GW -> Client] GI-ME  CA=1, IOA=4394 ValueFloat=53740.55 ValueBool=False
2026-01-01 18:24:00.701 [INFO] [GW -> Client] GI-ME  CA=1, IOA=4396 ValueFloat=51708.402 ValueBool=False
2026-01-01 18:24:00.702 [INFO] [GW -> Client] GI-ME  CA=1, IOA=8322 ValueFloat=0 ValueBool=False
2026-01-01 18:24:00.702 [INFO] [GW -> Client] GI-ME  CA=1, IOA=8323 ValueFloat=0 ValueBool=False
2026-01-01 18:24:15.704 [INFO] [IEC104] Client 39288105 event = CLOSED
2026-01-01 18:24:16.721 [INFO] [IEC104] Connection request from 192.168.2.21
2026-01-01 18:24:16.741 [INFO] [Client->GW] => General Interrogation from SCADA
2026-01-01 18:24:16.742 [INFO] [GW -> Client] GI-ME  CA=1, IOA=4352 ValueFloat=50333.523 ValueBool=False
2026-01-01 18:24:16.742 [INFO] [GW -> Client] GI-ME  CA=1, IOA=4354 ValueFloat=50859.51 ValueBool=False
2026-01-01 18:24:16.743 [INFO] [GW -> Client] GI-ME  CA=1, IOA=4356 ValueFloat=52182.543 ValueBool=False
2026-01-01 18:24:16.744 [INFO] [GW -> Client] GI-ME  CA=1, IOA=4392 ValueFloat=53941.797 ValueBool=False
2026-01-01 18:24:16.744 [INFO] [GW -> Client] GI-ME  CA=1, IOA=4394 ValueFloat=53740.55 ValueBool=False
2026-01-01 18:24:16.745 [INFO] [GW -> Client] GI-ME  CA=1, IOA=4396 ValueFloat=51708.402 ValueBool=False
2026-01-01 18:24:16.745 [INFO] [GW -> Client] GI-ME  CA=1, IOA=8322 ValueFloat=0 ValueBool=False
2026-01-01 18:24:16.746 [INFO] [GW -> Client] GI-ME  CA=1, IOA=8323 ValueFloat=0 ValueBool=False
2026-01-01 18:24:31.756 [INFO] [IEC104] Client 11518988 event = CLOSED
2026-01-01 18:24:32.767 [INFO] [IEC104] Connection request from 192.168.2.21
2026-01-01 18:24:32.785 [INFO] [Client->GW] => General Interrogation from SCADA
2026-01-01 18:24:32.785 [INFO] [GW -> Client] GI-ME  CA=1, IOA=4352 ValueFloat=50333.523 ValueBool=False
2026-01-01 18:24:32.786 [INFO] [GW -> Client] GI-ME  CA=1, IOA=4354 ValueFloat=50859.51 ValueBool=False
2026-01-01 18:24:32.786 [INFO] [GW -> Client] GI-ME  CA=1, IOA=4356 ValueFloat=52182.543 ValueBool=False
2026-01-01 18:24:32.786 [INFO] [GW -> Client] GI-ME  CA=1, IOA=4392 ValueFloat=53941.797 ValueBool=False
2026-01-01 18:24:32.786 [INFO] [GW -> Client] GI-ME  CA=1, IOA=4394 ValueFloat=53740.55 ValueBool=False
2026-01-01 18:24:32.787 [INFO] [GW -> Client] GI-ME  CA=1, IOA=4396 ValueFloat=51708.402 ValueBool=False
2026-01-01 18:24:32.787 [INFO] [GW -> Client] GI-ME  CA=1, IOA=8322 ValueFloat=0 ValueBool=False
2026-01-01 18:24:32.787 [INFO] [GW -> Client] GI-ME  CA=1, IOA=8323 ValueFloat=0 ValueBool=False
2026-01-01 18:24:47.817 [INFO] [IEC104] Client 40116835 event = CLOSED
2026-01-01 18:24:48.834 [INFO] [IEC104] Connection request from 192.168.2.21
2026-01-01 18:24:48.855 [INFO] [Client->GW] => General Interrogation from SCADA
2026-01-01 18:24:48.857 [INFO] [GW -> Client] GI-ME  CA=1, IOA=4352 ValueFloat=50333.523 ValueBool=False
2026-01-01 18:24:48.858 [INFO] [GW -> Client] GI-ME  CA=1, IOA=4354 ValueFloat=50859.51 ValueBool=False
2026-01-01 18:24:48.859 [INFO] [GW -> Client] GI-ME  CA=1, IOA=4356 ValueFloat=52182.543 ValueBool=False
2026-01-01 18:24:48.860 [INFO] [GW -> Client] GI-ME  CA=1, IOA=4392 ValueFloat=53941.797 ValueBool=False
2026-01-01 18:24:48.861 [INFO] [GW -> Client] GI-ME  CA=1, IOA=4394 ValueFloat=53740.55 ValueBool=False
2026-01-01 18:24:48.861 [INFO] [GW -> Client] GI-ME  CA=1, IOA=4396 ValueFloat=51708.402 ValueBool=False
2026-01-01 18:24:48.862 [INFO] [GW -> Client] GI-ME  CA=1, IOA=8322 ValueFloat=0 ValueBool=False
2026-01-01 18:24:48.863 [INFO] [GW -> Client] GI-ME  CA=1, IOA=8323 ValueFloat=0 ValueBool=False
2026-01-01 18:25:03.866 [INFO] [IEC104] Client 38345998 event = CLOSED
2026-01-01 18:25:04.869 [INFO] [IEC104] Connection request from 192.168.2.21
2026-01-01 18:25:04.888 [INFO] [Client->GW] => General Interrogation from SCADA
2026-01-01 18:25:04.889 [INFO] [GW -> Client] GI-ME  CA=1, IOA=4352 ValueFloat=50333.523 ValueBool=False
2026-01-01 18:25:04.890 [INFO] [GW -> Client] GI-ME  CA=1, IOA=4354 ValueFloat=50859.51 ValueBool=False
2026-01-01 18:25:04.890 [INFO] [GW -> Client] GI-ME  CA=1, IOA=4356 ValueFloat=52182.543 ValueBool=False
2026-01-01 18:25:04.891 [INFO] [GW -> Client] GI-ME  CA=1, IOA=4392 ValueFloat=53941.797 ValueBool=False
2026-01-01 18:25:04.891 [INFO] [GW -> Client] GI-ME  CA=1, IOA=4394 ValueFloat=53740.55 ValueBool=False
2026-01-01 18:25:04.892 [INFO] [GW -> Client] GI-ME  CA=1, IOA=4396 ValueFloat=51708.402 ValueBool=False
2026-01-01 18:25:04.892 [INFO] [GW -> Client] GI-ME  CA=1, IOA=8322 ValueFloat=0 ValueBool=False
2026-01-01 18:25:04.893 [INFO] [GW -> Client] GI-ME  CA=1, IOA=8323 ValueFloat=0 ValueBool=False
2026-01-01 18:25:19.918 [INFO] [IEC104] Client 14939486 event = CLOSED
2026-01-01 18:25:20.925 [INFO] [IEC104] Connection request from 192.168.2.21
2026-01-01 18:25:20.945 [INFO] [Client->GW] => General Interrogation from SCADA
2026-01-01 18:25:20.945 [INFO] [GW -> Client] GI-ME  CA=1, IOA=4352 ValueFloat=50333.523 ValueBool=False
2026-01-01 18:25:20.945 [INFO] [GW -> Client] GI-ME  CA=1, IOA=4354 ValueFloat=50859.51 ValueBool=False
2026-01-01 18:25:20.946 [INFO] [GW -> Client] GI-ME  CA=1, IOA=4356 ValueFloat=52182.543 ValueBool=False
2026-01-01 18:25:20.946 [INFO] [GW -> Client] GI-ME  CA=1, IOA=4392 ValueFloat=53941.797 ValueBool=False
2026-01-01 18:25:20.946 [INFO] [GW -> Client] GI-ME  CA=1, IOA=4394 ValueFloat=53740.55 ValueBool=False
2026-01-01 18:25:20.946 [INFO] [GW -> Client] GI-ME  CA=1, IOA=4396 ValueFloat=51708.402 ValueBool=False
2026-01-01 18:25:20.947 [INFO] [GW -> Client] GI-ME  CA=1, IOA=8322 ValueFloat=0 ValueBool=False
2026-01-01 18:25:20.947 [INFO] [GW -> Client] GI-ME  CA=1, IOA=8323 ValueFloat=0 ValueBool=False
2026-01-01 18:25:35.955 [INFO] [IEC104] Client 37587239 event = CLOSED
2026-01-01 18:25:36.971 [INFO] [IEC104] Connection request from 192.168.2.21
2026-01-01 18:25:36.984 [INFO] [Client->GW] => General Interrogation from SCADA
2026-01-01 18:25:36.985 [INFO] [GW -> Client] GI-ME  CA=1, IOA=4352 ValueFloat=56951.527 ValueBool=False
2026-01-01 18:25:36.985 [INFO] [GW -> Client] GI-ME  CA=1, IOA=4354 ValueFloat=56759.31 ValueBool=False
2026-01-01 18:25:36.985 [INFO] [GW -> Client] GI-ME  CA=1, IOA=4356 ValueFloat=58602.977 ValueBool=False
2026-01-01 18:25:36.985 [INFO] [GW -> Client] GI-ME  CA=1, IOA=4392 ValueFloat=60428.83 ValueBool=False
2026-01-01 18:25:36.985 [INFO] [GW -> Client] GI-ME  CA=1, IOA=4394 ValueFloat=59704.812 ValueBool=False
2026-01-01 18:25:36.985 [INFO] [GW -> Client] GI-ME  CA=1, IOA=4396 ValueFloat=58589.355 ValueBool=False
2026-01-01 18:25:36.986 [INFO] [GW -> Client] GI-ME  CA=1, IOA=8322 ValueFloat=0 ValueBool=False
2026-01-01 18:25:36.986 [INFO] [GW -> Client] GI-ME  CA=1, IOA=8323 ValueFloat=0 ValueBool=False
2026-01-01 18:25:52.008 [INFO] [IEC104] Client 27403614 event = CLOSED
2026-01-01 18:25:53.012 [INFO] [IEC104] Connection request from 192.168.2.21
2026-01-01 18:25:53.034 [INFO] [Client->GW] => General Interrogation from SCADA
2026-01-01 18:25:53.035 [INFO] [GW -> Client] GI-ME  CA=1, IOA=4352 ValueFloat=56951.527 ValueBool=False
2026-01-01 18:25:53.036 [INFO] [GW -> Client] GI-ME  CA=1, IOA=4354 ValueFloat=56759.31 ValueBool=False
2026-01-01 18:25:53.036 [INFO] [GW -> Client] GI-ME  CA=1, IOA=4356 ValueFloat=58602.977 ValueBool=False
2026-01-01 18:25:53.037 [INFO] [GW -> Client] GI-ME  CA=1, IOA=4392 ValueFloat=60428.83 ValueBool=False
2026-01-01 18:25:53.037 [INFO] [GW -> Client] GI-ME  CA=1, IOA=4394 ValueFloat=59704.812 ValueBool=False
2026-01-01 18:25:53.038 [INFO] [GW -> Client] GI-ME  CA=1, IOA=4396 ValueFloat=58589.355 ValueBool=False
2026-01-01 18:25:53.038 [INFO] [GW -> Client] GI-ME  CA=1, IOA=8322 ValueFloat=0 ValueBool=False
2026-01-01 18:25:53.039 [INFO] [GW -> Client] GI-ME  CA=1, IOA=8323 ValueFloat=0 ValueBool=False
2026-01-01 18:26:08.061 [INFO] [IEC104] Client 14796013 event = CLOSED
2026-01-01 18:26:09.065 [INFO] [IEC104] Connection request from 192.168.2.21
2026-01-01 18:26:09.074 [INFO] [Client->GW] => General Interrogation from SCADA
2026-01-01 18:26:09.075 [INFO] [GW -> Client] GI-ME  CA=1, IOA=4352 ValueFloat=56951.527 ValueBool=False
2026-01-01 18:26:09.075 [INFO] [GW -> Client] GI-ME  CA=1, IOA=4354 ValueFloat=56759.31 ValueBool=False
2026-01-01 18:26:09.075 [INFO] [GW -> Client] GI-ME  CA=1, IOA=4356 ValueFloat=58602.977 ValueBool=False
2026-01-01 18:26:09.075 [INFO] [GW -> Client] GI-ME  CA=1, IOA=4392 ValueFloat=60428.83 ValueBool=False
2026-01-01 18:26:09.075 [INFO] [GW -> Client] GI-ME  CA=1, IOA=4394 ValueFloat=59704.812 ValueBool=False
2026-01-01 18:26:09.076 [INFO] [GW -> Client] GI-ME  CA=1, IOA=4396 ValueFloat=58589.355 ValueBool=False
2026-01-01 18:26:09.076 [INFO] [GW -> Client] GI-ME  CA=1, IOA=8322 ValueFloat=0 ValueBool=False
2026-01-01 18:26:09.076 [INFO] [GW -> Client] GI-ME  CA=1, IOA=8323 ValueFloat=0 ValueBool=False
2026-01-01 18:26:24.096 [INFO] [IEC104] Client 18417169 event = CLOSED
2026-01-01 18:26:25.102 [INFO] [IEC104] Connection request from 192.168.2.21
2026-01-01 18:26:25.187 [INFO] [Client->GW] => General Interrogation from SCADA
2026-01-01 18:26:25.187 [INFO] [GW -> Client] GI-ME  CA=1, IOA=4352 ValueFloat=56951.527 ValueBool=False
2026-01-01 18:26:25.188 [INFO] [GW -> Client] GI-ME  CA=1, IOA=4354 ValueFloat=56759.31 ValueBool=False
2026-01-01 18:26:25.188 [INFO] [GW -> Client] GI-ME  CA=1, IOA=4356 ValueFloat=58602.977 ValueBool=False
2026-01-01 18:26:25.188 [INFO] [GW -> Client] GI-ME  CA=1, IOA=4392 ValueFloat=60428.83 ValueBool=False
2026-01-01 18:26:25.189 [INFO] [GW -> Client] GI-ME  CA=1, IOA=4394 ValueFloat=59704.812 ValueBool=False
2026-01-01 18:26:25.189 [INFO] [GW -> Client] GI-ME  CA=1, IOA=4396 ValueFloat=58589.355 ValueBool=False
2026-01-01 18:26:25.189 [INFO] [GW -> Client] GI-ME  CA=1, IOA=8322 ValueFloat=0 ValueBool=False
2026-01-01 18:26:25.190 [INFO] [GW -> Client] GI-ME  CA=1, IOA=8323 ValueFloat=0 ValueBool=False
2026-01-01 18:26:40.214 [INFO] [IEC104] Client 37642784 event = CLOSED
2026-01-01 18:26:41.220 [INFO] [IEC104] Connection request from 192.168.2.21
2026-01-01 18:26:41.235 [INFO] [Client->GW] => General Interrogation from SCADA
2026-01-01 18:26:41.236 [INFO] [GW -> Client] GI-ME  CA=1, IOA=4352 ValueFloat=56951.527 ValueBool=False
2026-01-01 18:26:41.237 [INFO] [GW -> Client] GI-ME  CA=1, IOA=4354 ValueFloat=56759.31 ValueBool=False
2026-01-01 18:26:41.237 [INFO] [GW -> Client] GI-ME  CA=1, IOA=4356 ValueFloat=58602.977 ValueBool=False
2026-01-01 18:26:41.237 [INFO] [GW -> Client] GI-ME  CA=1, IOA=4392 ValueFloat=60428.83 ValueBool=False
2026-01-01 18:26:41.238 [INFO] [GW -> Client] GI-ME  CA=1, IOA=4394 ValueFloat=59704.812 ValueBool=False
2026-01-01 18:26:41.238 [INFO] [GW -> Client] GI-ME  CA=1, IOA=4396 ValueFloat=58589.355 ValueBool=False
2026-01-01 18:26:41.239 [INFO] [GW -> Client] GI-ME  CA=1, IOA=8322 ValueFloat=0 ValueBool=False
2026-01-01 18:26:41.239 [INFO] [GW -> Client] GI-ME  CA=1, IOA=8323 ValueFloat=0 ValueBool=False
2026-01-01 18:26:56.242 [INFO] [IEC104] Client 19954703 event = CLOSED
2026-01-01 18:26:57.256 [INFO] [IEC104] Connection request from 192.168.2.21
2026-01-01 18:26:57.323 [INFO] [Client->GW] => General Interrogation from SCADA
2026-01-01 18:26:57.324 [INFO] [GW -> Client] GI-ME  CA=1, IOA=4352 ValueFloat=56951.527 ValueBool=False
2026-01-01 18:26:57.325 [INFO] [GW -> Client] GI-ME  CA=1, IOA=4354 ValueFloat=56759.31 ValueBool=False
2026-01-01 18:26:57.325 [INFO] [GW -> Client] GI-ME  CA=1, IOA=4356 ValueFloat=58602.977 ValueBool=False
2026-01-01 18:26:57.325 [INFO] [GW -> Client] GI-ME  CA=1, IOA=4392 ValueFloat=60428.83 ValueBool=False
2026-01-01 18:26:57.325 [INFO] [GW -> Client] GI-ME  CA=1, IOA=4394 ValueFloat=59704.812 ValueBool=False
2026-01-01 18:26:57.326 [INFO] [GW -> Client] GI-ME  CA=1, IOA=4396 ValueFloat=58589.355 ValueBool=False
2026-01-01 18:26:57.326 [INFO] [GW -> Client] GI-ME  CA=1, IOA=8322 ValueFloat=0 ValueBool=False
2026-01-01 18:26:57.326 [INFO] [GW -> Client] GI-ME  CA=1, IOA=8323 ValueFloat=0 ValueBool=False
2026-01-01 18:27:12.327 [INFO] [IEC104] Client 14274712 event = CLOSED
2026-01-01 18:27:13.330 [INFO] [IEC104] Connection request from 192.168.2.21
2026-01-01 18:27:13.392 [INFO] [Client->GW] => General Interrogation from SCADA
2026-01-01 18:27:13.393 [INFO] [GW -> Client] GI-ME  CA=1, IOA=4352 ValueFloat=56951.527 ValueBool=False
2026-01-01 18:27:13.393 [INFO] [GW -> Client] GI-ME  CA=1, IOA=4354 ValueFloat=56759.31 ValueBool=False
2026-01-01 18:27:13.394 [INFO] [GW -> Client] GI-ME  CA=1, IOA=4356 ValueFloat=58602.977 ValueBool=False
2026-01-01 18:27:13.394 [INFO] [GW -> Client] GI-ME  CA=1, IOA=4392 ValueFloat=60428.83 ValueBool=False
2026-01-01 18:27:13.394 [INFO] [GW -> Client] GI-ME  CA=1, IOA=4394 ValueFloat=59704.812 ValueBool=False
2026-01-01 18:27:13.394 [INFO] [GW -> Client] GI-ME  CA=1, IOA=4396 ValueFloat=58589.355 ValueBool=False
2026-01-01 18:27:13.394 [INFO] [GW -> Client] GI-ME  CA=1, IOA=8322 ValueFloat=0 ValueBool=False
2026-01-01 18:27:13.395 [INFO] [GW -> Client] GI-ME  CA=1, IOA=8323 ValueFloat=0 ValueBool=False
2026-01-01 18:27:28.408 [INFO] [IEC104] Client 25083308 event = CLOSED
2026-01-01 18:27:29.421 [INFO] [IEC104] Connection request from 192.168.2.21
2026-01-01 18:27:29.444 [INFO] [Client->GW] => General Interrogation from SCADA
2026-01-01 18:27:29.445 [INFO] [GW -> Client] GI-ME  CA=1, IOA=4352 ValueFloat=56951.527 ValueBool=False
2026-01-01 18:27:29.446 [INFO] [GW -> Client] GI-ME  CA=1, IOA=4354 ValueFloat=56759.31 ValueBool=False
2026-01-01 18:27:29.446 [INFO] [GW -> Client] GI-ME  CA=1, IOA=4356 ValueFloat=58602.977 ValueBool=False
2026-01-01 18:27:29.447 [INFO] [GW -> Client] GI-ME  CA=1, IOA=4392 ValueFloat=60428.83 ValueBool=False
2026-01-01 18:27:29.447 [INFO] [GW -> Client] GI-ME  CA=1, IOA=4394 ValueFloat=59704.812 ValueBool=False
2026-01-01 18:27:29.448 [INFO] [GW -> Client] GI-ME  CA=1, IOA=4396 ValueFloat=58589.355 ValueBool=False
2026-01-01 18:27:29.448 [INFO] [GW -> Client] GI-ME  CA=1, IOA=8322 ValueFloat=0 ValueBool=False
2026-01-01 18:27:29.449 [INFO] [GW -> Client] GI-ME  CA=1, IOA=8323 ValueFloat=0 ValueBool=False
2026-01-01 18:27:44.468 [INFO] [IEC104] Client 31480828 event = CLOSED
2026-01-01 18:27:45.471 [INFO] [IEC104] Connection request from 192.168.2.21
2026-01-01 18:27:45.493 [INFO] [Client->GW] => General Interrogation from SCADA
2026-01-01 18:27:45.494 [INFO] [GW -> Client] GI-ME  CA=1, IOA=4352 ValueFloat=56951.527 ValueBool=False
2026-01-01 18:27:45.494 [INFO] [GW -> Client] GI-ME  CA=1, IOA=4354 ValueFloat=56759.31 ValueBool=False
2026-01-01 18:27:45.494 [INFO] [GW -> Client] GI-ME  CA=1, IOA=4356 ValueFloat=58602.977 ValueBool=False
2026-01-01 18:27:45.494 [INFO] [GW -> Client] GI-ME  CA=1, IOA=4392 ValueFloat=60428.83 ValueBool=False
2026-01-01 18:27:45.495 [INFO] [GW -> Client] GI-ME  CA=1, IOA=4394 ValueFloat=59704.812 ValueBool=False
2026-01-01 18:27:45.495 [INFO] [GW -> Client] GI-ME  CA=1, IOA=4396 ValueFloat=58589.355 ValueBool=False
2026-01-01 18:27:45.495 [INFO] [GW -> Client] GI-ME  CA=1, IOA=8322 ValueFloat=0 ValueBool=False
2026-01-01 18:27:45.495 [INFO] [GW -> Client] GI-ME  CA=1, IOA=8323 ValueFloat=0 ValueBool=False
2026-01-01 18:28:00.514 [INFO] [IEC104] Client 39902411 event = CLOSED
2026-01-01 18:28:01.518 [INFO] [IEC104] Connection request from 192.168.2.21
2026-01-01 18:28:01.534 [INFO] [Client->GW] => General Interrogation from SCADA
2026-01-01 18:28:01.534 [INFO] [GW -> Client] GI-ME  CA=1, IOA=4352 ValueFloat=56951.527 ValueBool=False
2026-01-01 18:28:01.535 [INFO] [GW -> Client] GI-ME  CA=1, IOA=4354 ValueFloat=56759.31 ValueBool=False
2026-01-01 18:28:01.535 [INFO] [GW -> Client] GI-ME  CA=1, IOA=4356 ValueFloat=58602.977 ValueBool=False
2026-01-01 18:28:01.535 [INFO] [GW -> Client] GI-ME  CA=1, IOA=4392 ValueFloat=60428.83 ValueBool=False
2026-01-01 18:28:01.535 [INFO] [GW -> Client] GI-ME  CA=1, IOA=4394 ValueFloat=59704.812 ValueBool=False
2026-01-01 18:28:01.535 [INFO] [GW -> Client] GI-ME  CA=1, IOA=4396 ValueFloat=58589.355 ValueBool=False
2026-01-01 18:28:01.536 [INFO] [GW -> Client] GI-ME  CA=1, IOA=8322 ValueFloat=0 ValueBool=False
2026-01-01 18:28:01.536 [INFO] [GW -> Client] GI-ME  CA=1, IOA=8323 ValueFloat=0 ValueBool=False
2026-01-01 18:28:16.554 [INFO] [IEC104] Client 19267917 event = CLOSED
2026-01-01 18:28:17.556 [INFO] [IEC104] Connection request from 192.168.2.21
2026-01-01 18:28:17.575 [INFO] [Client->GW] => General Interrogation from SCADA
2026-01-01 18:28:17.576 [INFO] [GW -> Client] GI-ME  CA=1, IOA=4352 ValueFloat=56951.527 ValueBool=False
2026-01-01 18:28:17.577 [INFO] [GW -> Client] GI-ME  CA=1, IOA=4354 ValueFloat=56759.31 ValueBool=False
2026-01-01 18:28:17.577 [INFO] [GW -> Client] GI-ME  CA=1, IOA=4356 ValueFloat=58602.977 ValueBool=False
2026-01-01 18:28:17.578 [INFO] [GW -> Client] GI-ME  CA=1, IOA=4392 ValueFloat=60428.83 ValueBool=False
2026-01-01 18:28:17.579 [INFO] [GW -> Client] GI-ME  CA=1, IOA=4394 ValueFloat=59704.812 ValueBool=False
2026-01-01 18:28:17.579 [INFO] [GW -> Client] GI-ME  CA=1, IOA=4396 ValueFloat=58589.355 ValueBool=False
2026-01-01 18:28:17.580 [INFO] [GW -> Client] GI-ME  CA=1, IOA=8322 ValueFloat=0 ValueBool=False
2026-01-01 18:28:17.581 [INFO] [GW -> Client] GI-ME  CA=1, IOA=8323 ValueFloat=0 ValueBool=False
2026-01-01 18:28:32.612 [INFO] [IEC104] Client 61703503 event = CLOSED
2026-01-01 18:28:33.619 [INFO] [IEC104] Connection request from 192.168.2.21
2026-01-01 18:28:33.643 [INFO] [Client->GW] => General Interrogation from SCADA
2026-01-01 18:28:33.644 [INFO] [GW -> Client] GI-ME  CA=1, IOA=4352 ValueFloat=56951.527 ValueBool=False
2026-01-01 18:28:33.646 [INFO] [GW -> Client] GI-ME  CA=1, IOA=4354 ValueFloat=56759.31 ValueBool=False
2026-01-01 18:28:33.647 [INFO] [GW -> Client] GI-ME  CA=1, IOA=4356 ValueFloat=58602.977 ValueBool=False
2026-01-01 18:28:33.648 [INFO] [GW -> Client] GI-ME  CA=1, IOA=4392 ValueFloat=60428.83 ValueBool=False
2026-01-01 18:28:33.649 [INFO] [GW -> Client] GI-ME  CA=1, IOA=4394 ValueFloat=59704.812 ValueBool=False
2026-01-01 18:28:33.649 [INFO] [GW -> Client] GI-ME  CA=1, IOA=4396 ValueFloat=58589.355 ValueBool=False
2026-01-01 18:28:33.650 [INFO] [GW -> Client] GI-ME  CA=1, IOA=8322 ValueFloat=0 ValueBool=False
2026-01-01 18:28:33.650 [INFO] [GW -> Client] GI-ME  CA=1, IOA=8323 ValueFloat=0 ValueBool=False
2026-01-01 18:28:48.664 [INFO] [IEC104] Client 24736146 event = CLOSED
2026-01-01 18:28:49.680 [INFO] [IEC104] Connection request from 192.168.2.21
2026-01-01 18:28:49.695 [INFO] [Client->GW] => General Interrogation from SCADA
2026-01-01 18:28:49.696 [INFO] [GW -> Client] GI-ME  CA=1, IOA=4352 ValueFloat=63245.4 ValueBool=False
2026-01-01 18:28:49.696 [INFO] [GW -> Client] GI-ME  CA=1, IOA=4354 ValueFloat=62460.105 ValueBool=False
2026-01-01 18:28:49.697 [INFO] [GW -> Client] GI-ME  CA=1, IOA=4356 ValueFloat=65284.934 ValueBool=False
2026-01-01 18:28:49.697 [INFO] [GW -> Client] GI-ME  CA=1, IOA=4392 ValueFloat=66916.51 ValueBool=False
2026-01-01 18:28:49.697 [INFO] [GW -> Client] GI-ME  CA=1, IOA=4394 ValueFloat=66192.42 ValueBool=False
2026-01-01 18:28:49.698 [INFO] [GW -> Client] GI-ME  CA=1, IOA=4396 ValueFloat=65866.016 ValueBool=False
2026-01-01 18:28:49.698 [INFO] [GW -> Client] GI-ME  CA=1, IOA=8322 ValueFloat=0 ValueBool=False
2026-01-01 18:28:49.698 [INFO] [GW -> Client] GI-ME  CA=1, IOA=8323 ValueFloat=0 ValueBool=False
2026-01-01 18:29:04.722 [INFO] [IEC104] Client 6839153 event = CLOSED
2026-01-01 18:29:05.737 [INFO] [IEC104] Connection request from 192.168.2.21
2026-01-01 18:29:05.758 [INFO] [Client->GW] => General Interrogation from SCADA
2026-01-01 18:29:05.759 [INFO] [GW -> Client] GI-ME  CA=1, IOA=4352 ValueFloat=63245.4 ValueBool=False
2026-01-01 18:29:05.760 [INFO] [GW -> Client] GI-ME  CA=1, IOA=4354 ValueFloat=62460.105 ValueBool=False
2026-01-01 18:29:05.760 [INFO] [GW -> Client] GI-ME  CA=1, IOA=4356 ValueFloat=65284.934 ValueBool=False
2026-01-01 18:29:05.761 [INFO] [GW -> Client] GI-ME  CA=1, IOA=4392 ValueFloat=66916.51 ValueBool=False
2026-01-01 18:29:05.761 [INFO] [GW -> Client] GI-ME  CA=1, IOA=4394 ValueFloat=66192.42 ValueBool=False
2026-01-01 18:29:05.762 [INFO] [GW -> Client] GI-ME  CA=1, IOA=4396 ValueFloat=65866.016 ValueBool=False
2026-01-01 18:29:05.762 [INFO] [GW -> Client] GI-ME  CA=1, IOA=8322 ValueFloat=0 ValueBool=False
2026-01-01 18:29:05.762 [INFO] [GW -> Client] GI-ME  CA=1, IOA=8323 ValueFloat=0 ValueBool=False
2026-01-01 18:29:20.782 [INFO] [IEC104] Client 32548197 event = CLOSED
2026-01-01 18:29:21.792 [INFO] [IEC104] Connection request from 192.168.2.21
2026-01-01 18:29:21.808 [INFO] [Client->GW] => General Interrogation from SCADA
2026-01-01 18:29:21.808 [INFO] [GW -> Client] GI-ME  CA=1, IOA=4352 ValueFloat=63245.4 ValueBool=False
2026-01-01 18:29:21.809 [INFO] [GW -> Client] GI-ME  CA=1, IOA=4354 ValueFloat=62460.105 ValueBool=False
2026-01-01 18:29:21.809 [INFO] [GW -> Client] GI-ME  CA=1, IOA=4356 ValueFloat=65284.934 ValueBool=False
2026-01-01 18:29:21.810 [INFO] [GW -> Client] GI-ME  CA=1, IOA=4392 ValueFloat=66916.51 ValueBool=False
2026-01-01 18:29:21.810 [INFO] [GW -> Client] GI-ME  CA=1, IOA=4394 ValueFloat=66192.42 ValueBool=False
2026-01-01 18:29:21.811 [INFO] [GW -> Client] GI-ME  CA=1, IOA=4396 ValueFloat=65866.016 ValueBool=False
2026-01-01 18:29:21.811 [INFO] [GW -> Client] GI-ME  CA=1, IOA=8322 ValueFloat=0 ValueBool=False
2026-01-01 18:29:21.811 [INFO] [GW -> Client] GI-ME  CA=1, IOA=8323 ValueFloat=0 ValueBool=False
2026-01-01 18:29:36.822 [INFO] [IEC104] Client 33963811 event = CLOSED
2026-01-01 18:29:37.840 [INFO] [IEC104] Connection request from 192.168.2.21
2026-01-01 18:29:37.859 [INFO] [Client->GW] => General Interrogation from SCADA
2026-01-01 18:29:37.859 [INFO] [GW -> Client] GI-ME  CA=1, IOA=4352 ValueFloat=63245.4 ValueBool=False
2026-01-01 18:29:37.860 [INFO] [GW -> Client] GI-ME  CA=1, IOA=4354 ValueFloat=62460.105 ValueBool=False
2026-01-01 18:29:37.861 [INFO] [GW -> Client] GI-ME  CA=1, IOA=4356 ValueFloat=65284.934 ValueBool=False
2026-01-01 18:29:37.861 [INFO] [GW -> Client] GI-ME  CA=1, IOA=4392 ValueFloat=66916.51 ValueBool=False
2026-01-01 18:29:37.861 [INFO] [GW -> Client] GI-ME  CA=1, IOA=4394 ValueFloat=66192.42 ValueBool=False
2026-01-01 18:29:37.862 [INFO] [GW -> Client] GI-ME  CA=1, IOA=4396 ValueFloat=65866.016 ValueBool=False
2026-01-01 18:29:37.863 [INFO] [GW -> Client] GI-ME  CA=1, IOA=8322 ValueFloat=0 ValueBool=False
2026-01-01 18:29:37.863 [INFO] [GW -> Client] GI-ME  CA=1, IOA=8323 ValueFloat=0 ValueBool=False
2026-01-01 18:29:52.890 [INFO] [IEC104] Client 55235474 event = CLOSED
2026-01-01 18:29:53.906 [INFO] [IEC104] Connection request from 192.168.2.21
2026-01-01 18:29:53.969 [INFO] [Client->GW] => General Interrogation from SCADA
2026-01-01 18:29:53.969 [INFO] [GW -> Client] GI-ME  CA=1, IOA=4352 ValueFloat=63245.4 ValueBool=False
2026-01-01 18:29:53.970 [INFO] [GW -> Client] GI-ME  CA=1, IOA=4354 ValueFloat=62460.105 ValueBool=False
2026-01-01 18:29:53.970 [INFO] [GW -> Client] GI-ME  CA=1, IOA=4356 ValueFloat=65284.934 ValueBool=False
2026-01-01 18:29:53.970 [INFO] [GW -> Client] GI-ME  CA=1, IOA=4392 ValueFloat=66916.51 ValueBool=False
2026-01-01 18:29:53.970 [INFO] [GW -> Client] GI-ME  CA=1, IOA=4394 ValueFloat=66192.42 ValueBool=False
2026-01-01 18:29:53.970 [INFO] [GW -> Client] GI-ME  CA=1, IOA=4396 ValueFloat=65866.016 ValueBool=False
2026-01-01 18:29:53.970 [INFO] [GW -> Client] GI-ME  CA=1, IOA=8322 ValueFloat=0 ValueBool=False
2026-01-01 18:29:53.971 [INFO] [GW -> Client] GI-ME  CA=1, IOA=8323 ValueFloat=0 ValueBool=False
2026-01-01 18:30:08.994 [INFO] [IEC104] Client 59457009 event = CLOSED
2026-01-01 18:30:10.011 [INFO] [IEC104] Connection request from 192.168.2.21
2026-01-01 18:30:10.088 [INFO] [Client->GW] => General Interrogation from SCADA
2026-01-01 18:30:10.089 [INFO] [GW -> Client] GI-ME  CA=1, IOA=4352 ValueFloat=63245.4 ValueBool=False
2026-01-01 18:30:10.089 [INFO] [GW -> Client] GI-ME  CA=1, IOA=4354 ValueFloat=62460.105 ValueBool=False
2026-01-01 18:30:10.090 [INFO] [GW -> Client] GI-ME  CA=1, IOA=4356 ValueFloat=65284.934 ValueBool=False
2026-01-01 18:30:10.090 [INFO] [GW -> Client] GI-ME  CA=1, IOA=4392 ValueFloat=66916.51 ValueBool=False
2026-01-01 18:30:10.090 [INFO] [GW -> Client] GI-ME  CA=1, IOA=4394 ValueFloat=66192.42 ValueBool=False
2026-01-01 18:30:10.091 [INFO] [GW -> Client] GI-ME  CA=1, IOA=4396 ValueFloat=65866.016 ValueBool=False
2026-01-01 18:30:10.091 [INFO] [GW -> Client] GI-ME  CA=1, IOA=8322 ValueFloat=0 ValueBool=False
2026-01-01 18:30:10.091 [INFO] [GW -> Client] GI-ME  CA=1, IOA=8323 ValueFloat=0 ValueBool=False
2026-01-01 18:30:25.095 [INFO] [IEC104] Client 53651735 event = CLOSED
2026-01-01 18:30:26.111 [INFO] [IEC104] Connection request from 192.168.2.21
2026-01-01 18:30:26.129 [INFO] [Client->GW] => General Interrogation from SCADA
2026-01-01 18:30:26.130 [INFO] [GW -> Client] GI-ME  CA=1, IOA=4352 ValueFloat=63245.4 ValueBool=False
2026-01-01 18:30:26.131 [INFO] [GW -> Client] GI-ME  CA=1, IOA=4354 ValueFloat=62460.105 ValueBool=False
2026-01-01 18:30:26.131 [INFO] [GW -> Client] GI-ME  CA=1, IOA=4356 ValueFloat=65284.934 ValueBool=False
2026-01-01 18:30:26.132 [INFO] [GW -> Client] GI-ME  CA=1, IOA=4392 ValueFloat=66916.51 ValueBool=False
2026-01-01 18:30:26.132 [INFO] [GW -> Client] GI-ME  CA=1, IOA=4394 ValueFloat=66192.42 ValueBool=False
2026-01-01 18:30:26.133 [INFO] [GW -> Client] GI-ME  CA=1, IOA=4396 ValueFloat=65866.016 ValueBool=False
2026-01-01 18:30:26.133 [INFO] [GW -> Client] GI-ME  CA=1, IOA=8322 ValueFloat=0 ValueBool=False
2026-01-01 18:30:26.134 [INFO] [GW -> Client] GI-ME  CA=1, IOA=8323 ValueFloat=0 ValueBool=False
2026-01-01 18:30:41.135 [INFO] [IEC104] Client 65872082 event = CLOSED
2026-01-01 18:30:42.142 [INFO] [IEC104] Connection request from 192.168.2.21
2026-01-01 18:30:42.161 [INFO] [Client->GW] => General Interrogation from SCADA
2026-01-01 18:30:42.162 [INFO] [GW -> Client] GI-ME  CA=1, IOA=4352 ValueFloat=63245.4 ValueBool=False
2026-01-01 18:30:42.162 [INFO] [GW -> Client] GI-ME  CA=1, IOA=4354 ValueFloat=62460.105 ValueBool=False
2026-01-01 18:30:42.163 [INFO] [GW -> Client] GI-ME  CA=1, IOA=4356 ValueFloat=65284.934 ValueBool=False
2026-01-01 18:30:42.164 [INFO] [GW -> Client] GI-ME  CA=1, IOA=4392 ValueFloat=66916.51 ValueBool=False
2026-01-01 18:30:42.164 [INFO] [GW -> Client] GI-ME  CA=1, IOA=4394 ValueFloat=66192.42 ValueBool=False
2026-01-01 18:30:42.165 [INFO] [GW -> Client] GI-ME  CA=1, IOA=4396 ValueFloat=65866.016 ValueBool=False
2026-01-01 18:30:42.166 [INFO] [GW -> Client] GI-ME  CA=1, IOA=8322 ValueFloat=0 ValueBool=False
2026-01-01 18:30:42.166 [INFO] [GW -> Client] GI-ME  CA=1, IOA=8323 ValueFloat=0 ValueBool=False
2026-01-01 18:30:57.197 [INFO] [IEC104] Client 22362122 event = CLOSED
2026-01-01 18:30:58.210 [INFO] [IEC104] Connection request from 192.168.2.21
2026-01-01 18:30:58.229 [INFO] [Client->GW] => General Interrogation from SCADA
2026-01-01 18:30:58.230 [INFO] [GW -> Client] GI-ME  CA=1, IOA=4352 ValueFloat=63245.4 ValueBool=False
2026-01-01 18:30:58.231 [INFO] [GW -> Client] GI-ME  CA=1, IOA=4354 ValueFloat=62460.105 ValueBool=False
2026-01-01 18:30:58.231 [INFO] [GW -> Client] GI-ME  CA=1, IOA=4356 ValueFloat=65284.934 ValueBool=False
2026-01-01 18:30:58.231 [INFO] [GW -> Client] GI-ME  CA=1, IOA=4392 ValueFloat=66916.51 ValueBool=False
2026-01-01 18:30:58.232 [INFO] [GW -> Client] GI-ME  CA=1, IOA=4394 ValueFloat=66192.42 ValueBool=False
2026-01-01 18:30:58.232 [INFO] [GW -> Client] GI-ME  CA=1, IOA=4396 ValueFloat=65866.016 ValueBool=False
2026-01-01 18:30:58.233 [INFO] [GW -> Client] GI-ME  CA=1, IOA=8322 ValueFloat=0 ValueBool=False
2026-01-01 18:30:58.233 [INFO] [GW -> Client] GI-ME  CA=1, IOA=8323 ValueFloat=0 ValueBool=False
2026-01-01 18:31:13.253 [INFO] [IEC104] Client 33175813 event = CLOSED
2026-01-01 18:31:14.272 [INFO] [IEC104] Connection request from 192.168.2.21
2026-01-01 18:31:14.285 [INFO] [Client->GW] => General Interrogation from SCADA
2026-01-01 18:31:14.285 [INFO] [GW -> Client] GI-ME  CA=1, IOA=4352 ValueFloat=63245.4 ValueBool=False
2026-01-01 18:31:14.286 [INFO] [GW -> Client] GI-ME  CA=1, IOA=4354 ValueFloat=62460.105 ValueBool=False
2026-01-01 18:31:14.286 [INFO] [GW -> Client] GI-ME  CA=1, IOA=4356 ValueFloat=65284.934 ValueBool=False
2026-01-01 18:31:14.286 [INFO] [GW -> Client] GI-ME  CA=1, IOA=4392 ValueFloat=66916.51 ValueBool=False
2026-01-01 18:31:14.286 [INFO] [GW -> Client] GI-ME  CA=1, IOA=4394 ValueFloat=66192.42 ValueBool=False
2026-01-01 18:31:14.286 [INFO] [GW -> Client] GI-ME  CA=1, IOA=4396 ValueFloat=65866.016 ValueBool=False
2026-01-01 18:31:14.286 [INFO] [GW -> Client] GI-ME  CA=1, IOA=8322 ValueFloat=0 ValueBool=False
2026-01-01 18:31:14.286 [INFO] [GW -> Client] GI-ME  CA=1, IOA=8323 ValueFloat=0 ValueBool=False
2026-01-01 18:31:29.293 [INFO] [IEC104] Client 19538837 event = CLOSED
2026-01-01 18:31:30.309 [INFO] [IEC104] Connection request from 192.168.2.21
2026-01-01 18:31:30.396 [INFO] [Client->GW] => General Interrogation from SCADA
2026-01-01 18:31:30.396 [INFO] [GW -> Client] GI-ME  CA=1, IOA=4352 ValueFloat=63245.4 ValueBool=False
2026-01-01 18:31:30.397 [INFO] [GW -> Client] GI-ME  CA=1, IOA=4354 ValueFloat=62460.105 ValueBool=False
2026-01-01 18:31:30.397 [INFO] [GW -> Client] GI-ME  CA=1, IOA=4356 ValueFloat=65284.934 ValueBool=False
2026-01-01 18:31:30.397 [INFO] [GW -> Client] GI-ME  CA=1, IOA=4392 ValueFloat=66916.51 ValueBool=False
2026-01-01 18:31:30.397 [INFO] [GW -> Client] GI-ME  CA=1, IOA=4394 ValueFloat=66192.42 ValueBool=False
2026-01-01 18:31:30.397 [INFO] [GW -> Client] GI-ME  CA=1, IOA=4396 ValueFloat=65866.016 ValueBool=False
2026-01-01 18:31:30.398 [INFO] [GW -> Client] GI-ME  CA=1, IOA=8322 ValueFloat=0 ValueBool=False
2026-01-01 18:31:30.398 [INFO] [GW -> Client] GI-ME  CA=1, IOA=8323 ValueFloat=0 ValueBool=False
2026-01-01 18:31:45.426 [INFO] [IEC104] Client 17215197 event = CLOSED
2026-01-01 18:31:46.443 [INFO] [IEC104] Connection request from 192.168.2.21
2026-01-01 18:31:46.465 [INFO] [Client->GW] => General Interrogation from SCADA
2026-01-01 18:31:46.466 [INFO] [GW -> Client] GI-ME  CA=1, IOA=4352 ValueFloat=63245.4 ValueBool=False
2026-01-01 18:31:46.466 [INFO] [GW -> Client] GI-ME  CA=1, IOA=4354 ValueFloat=62460.105 ValueBool=False
2026-01-01 18:31:46.467 [INFO] [GW -> Client] GI-ME  CA=1, IOA=4356 ValueFloat=65284.934 ValueBool=False
2026-01-01 18:31:46.467 [INFO] [GW -> Client] GI-ME  CA=1, IOA=4392 ValueFloat=66916.51 ValueBool=False
2026-01-01 18:31:46.468 [INFO] [GW -> Client] GI-ME  CA=1, IOA=4394 ValueFloat=66192.42 ValueBool=False
2026-01-01 18:31:46.468 [INFO] [GW -> Client] GI-ME  CA=1, IOA=4396 ValueFloat=65866.016 ValueBool=False
2026-01-01 18:31:46.469 [INFO] [GW -> Client] GI-ME  CA=1, IOA=8322 ValueFloat=0 ValueBool=False
2026-01-01 18:31:46.469 [INFO] [GW -> Client] GI-ME  CA=1, IOA=8323 ValueFloat=0 ValueBool=False
2026-01-01 18:32:01.491 [INFO] [IEC104] Client 54086329 event = CLOSED
2026-01-01 18:32:02.502 [INFO] [IEC104] Connection request from 192.168.2.21
2026-01-01 18:32:02.523 [INFO] [Client->GW] => General Interrogation from SCADA
2026-01-01 18:32:02.525 [INFO] [GW -> Client] GI-ME  CA=1, IOA=4352 ValueFloat=69537.125 ValueBool=False
2026-01-01 18:32:02.525 [INFO] [GW -> Client] GI-ME  CA=1, IOA=4354 ValueFloat=69341.055 ValueBool=False
2026-01-01 18:32:02.525 [INFO] [GW -> Client] GI-ME  CA=1, IOA=4356 ValueFloat=71707.58 ValueBool=False
2026-01-01 18:32:02.526 [INFO] [GW -> Client] GI-ME  CA=1, IOA=4392 ValueFloat=73277.9 ValueBool=False
2026-01-01 18:32:02.526 [INFO] [GW -> Client] GI-ME  CA=1, IOA=4394 ValueFloat=72680.5 ValueBool=False
2026-01-01 18:32:02.526 [INFO] [GW -> Client] GI-ME  CA=1, IOA=4396 ValueFloat=72157.555 ValueBool=False
2026-01-01 18:32:02.527 [INFO] [GW -> Client] GI-ME  CA=1, IOA=8322 ValueFloat=0 ValueBool=False
2026-01-01 18:32:02.527 [INFO] [GW -> Client] GI-ME  CA=1, IOA=8323 ValueFloat=0 ValueBool=False
2026-01-01 18:32:17.544 [INFO] [IEC104] Client 50775818 event = CLOSED
2026-01-01 18:32:18.553 [INFO] [IEC104] Connection request from 192.168.2.21
2026-01-01 18:32:18.574 [INFO] [Client->GW] => General Interrogation from SCADA
2026-01-01 18:32:18.575 [INFO] [GW -> Client] GI-ME  CA=1, IOA=4352 ValueFloat=69537.125 ValueBool=False
2026-01-01 18:32:18.576 [INFO] [GW -> Client] GI-ME  CA=1, IOA=4354 ValueFloat=69341.055 ValueBool=False
2026-01-01 18:32:18.577 [INFO] [GW -> Client] GI-ME  CA=1, IOA=4356 ValueFloat=71707.58 ValueBool=False
2026-01-01 18:32:18.577 [INFO] [GW -> Client] GI-ME  CA=1, IOA=4392 ValueFloat=73277.9 ValueBool=False
2026-01-01 18:32:18.578 [INFO] [GW -> Client] GI-ME  CA=1, IOA=4394 ValueFloat=72680.5 ValueBool=False
2026-01-01 18:32:18.578 [INFO] [GW -> Client] GI-ME  CA=1, IOA=4396 ValueFloat=72157.555 ValueBool=False
2026-01-01 18:32:18.579 [INFO] [GW -> Client] GI-ME  CA=1, IOA=8322 ValueFloat=0 ValueBool=False
2026-01-01 18:32:18.579 [INFO] [GW -> Client] GI-ME  CA=1, IOA=8323 ValueFloat=0 ValueBool=False
2026-01-01 18:32:33.604 [INFO] [IEC104] Client 31452280 event = CLOSED
2026-01-01 18:32:34.616 [INFO] [IEC104] Connection request from 192.168.2.21
2026-01-01 18:32:34.628 [INFO] [Client->GW] => General Interrogation from SCADA
2026-01-01 18:32:34.629 [INFO] [GW -> Client] GI-ME  CA=1, IOA=4352 ValueFloat=69537.125 ValueBool=False
2026-01-01 18:32:34.629 [INFO] [GW -> Client] GI-ME  CA=1, IOA=4354 ValueFloat=69341.055 ValueBool=False
2026-01-01 18:32:34.629 [INFO] [GW -> Client] GI-ME  CA=1, IOA=4356 ValueFloat=71707.58 ValueBool=False
2026-01-01 18:32:34.630 [INFO] [GW -> Client] GI-ME  CA=1, IOA=4392 ValueFloat=73277.9 ValueBool=False
2026-01-01 18:32:34.630 [INFO] [GW -> Client] GI-ME  CA=1, IOA=4394 ValueFloat=72680.5 ValueBool=False
2026-01-01 18:32:34.630 [INFO] [GW -> Client] GI-ME  CA=1, IOA=4396 ValueFloat=72157.555 ValueBool=False
2026-01-01 18:32:34.630 [INFO] [GW -> Client] GI-ME  CA=1, IOA=8322 ValueFloat=0 ValueBool=False
2026-01-01 18:32:34.630 [INFO] [GW -> Client] GI-ME  CA=1, IOA=8323 ValueFloat=0 ValueBool=False
2026-01-01 18:32:49.652 [INFO] [IEC104] Client 66558185 event = CLOSED
2026-01-01 18:32:50.668 [INFO] [IEC104] Connection request from 192.168.2.21
2026-01-01 18:32:50.678 [INFO] [Client->GW] => General Interrogation from SCADA
2026-01-01 18:32:50.678 [INFO] [GW -> Client] GI-ME  CA=1, IOA=4352 ValueFloat=69537.125 ValueBool=False
2026-01-01 18:32:50.679 [INFO] [GW -> Client] GI-ME  CA=1, IOA=4354 ValueFloat=69341.055 ValueBool=False
2026-01-01 18:32:50.679 [INFO] [GW -> Client] GI-ME  CA=1, IOA=4356 ValueFloat=71707.58 ValueBool=False
2026-01-01 18:32:50.679 [INFO] [GW -> Client] GI-ME  CA=1, IOA=4392 ValueFloat=73277.9 ValueBool=False
2026-01-01 18:32:50.679 [INFO] [GW -> Client] GI-ME  CA=1, IOA=4394 ValueFloat=72680.5 ValueBool=False
2026-01-01 18:32:50.679 [INFO] [GW -> Client] GI-ME  CA=1, IOA=4396 ValueFloat=72157.555 ValueBool=False
2026-01-01 18:32:50.680 [INFO] [GW -> Client] GI-ME  CA=1, IOA=8322 ValueFloat=0 ValueBool=False
2026-01-01 18:32:50.680 [INFO] [GW -> Client] GI-ME  CA=1, IOA=8323 ValueFloat=0 ValueBool=False
2026-01-01 18:33:05.689 [INFO] [IEC104] Client 45148552 event = CLOSED
2026-01-01 18:33:06.692 [INFO] [IEC104] Connection request from 192.168.2.21
2026-01-01 18:33:06.756 [INFO] [Client->GW] => General Interrogation from SCADA
2026-01-01 18:33:06.757 [INFO] [GW -> Client] GI-ME  CA=1, IOA=4352 ValueFloat=69537.125 ValueBool=False
2026-01-01 18:33:06.757 [INFO] [GW -> Client] GI-ME  CA=1, IOA=4354 ValueFloat=69341.055 ValueBool=False
2026-01-01 18:33:06.758 [INFO] [GW -> Client] GI-ME  CA=1, IOA=4356 ValueFloat=71707.58 ValueBool=False
2026-01-01 18:33:06.759 [INFO] [GW -> Client] GI-ME  CA=1, IOA=4392 ValueFloat=73277.9 ValueBool=False
2026-01-01 18:33:06.759 [INFO] [GW -> Client] GI-ME  CA=1, IOA=4394 ValueFloat=72680.5 ValueBool=False
2026-01-01 18:33:06.761 [INFO] [GW -> Client] GI-ME  CA=1, IOA=4396 ValueFloat=72157.555 ValueBool=False
2026-01-01 18:33:06.763 [INFO] [GW -> Client] GI-ME  CA=1, IOA=8322 ValueFloat=0 ValueBool=False
2026-01-01 18:33:06.763 [INFO] [GW -> Client] GI-ME  CA=1, IOA=8323 ValueFloat=0 ValueBool=False
2026-01-01 18:33:21.796 [INFO] [IEC104] Client 14605606 event = CLOSED
2026-01-01 18:33:22.809 [INFO] [IEC104] Connection request from 192.168.2.21
2026-01-01 18:33:22.824 [INFO] [Client->GW] => General Interrogation from SCADA
2026-01-01 18:33:22.824 [INFO] [GW -> Client] GI-ME  CA=1, IOA=4352 ValueFloat=69537.125 ValueBool=False
2026-01-01 18:33:22.825 [INFO] [GW -> Client] GI-ME  CA=1, IOA=4354 ValueFloat=69341.055 ValueBool=False
2026-01-01 18:33:22.825 [INFO] [GW -> Client] GI-ME  CA=1, IOA=4356 ValueFloat=71707.58 ValueBool=False
2026-01-01 18:33:22.827 [INFO] [GW -> Client] GI-ME  CA=1, IOA=4392 ValueFloat=73277.9 ValueBool=False
2026-01-01 18:33:22.827 [INFO] [GW -> Client] GI-ME  CA=1, IOA=4394 ValueFloat=72680.5 ValueBool=False
2026-01-01 18:33:22.828 [INFO] [GW -> Client] GI-ME  CA=1, IOA=4396 ValueFloat=72157.555 ValueBool=False
2026-01-01 18:33:22.828 [INFO] [GW -> Client] GI-ME  CA=1, IOA=8322 ValueFloat=0 ValueBool=False
2026-01-01 18:33:22.828 [INFO] [GW -> Client] GI-ME  CA=1, IOA=8323 ValueFloat=0 ValueBool=False
2026-01-01 18:33:37.843 [INFO] [IEC104] Client 8316595 event = CLOSED
2026-01-01 18:33:38.847 [INFO] [IEC104] Connection request from 192.168.2.21
2026-01-01 18:33:38.866 [INFO] [Client->GW] => General Interrogation from SCADA
2026-01-01 18:33:38.867 [INFO] [GW -> Client] GI-ME  CA=1, IOA=4352 ValueFloat=69537.125 ValueBool=False
2026-01-01 18:33:38.868 [INFO] [GW -> Client] GI-ME  CA=1, IOA=4354 ValueFloat=69341.055 ValueBool=False
2026-01-01 18:33:38.868 [INFO] [GW -> Client] GI-ME  CA=1, IOA=4356 ValueFloat=71707.58 ValueBool=False
2026-01-01 18:33:38.869 [INFO] [GW -> Client] GI-ME  CA=1, IOA=4392 ValueFloat=73277.9 ValueBool=False
2026-01-01 18:33:38.869 [INFO] [GW -> Client] GI-ME  CA=1, IOA=4394 ValueFloat=72680.5 ValueBool=False
2026-01-01 18:33:38.870 [INFO] [GW -> Client] GI-ME  CA=1, IOA=4396 ValueFloat=72157.555 ValueBool=False
2026-01-01 18:33:38.871 [INFO] [GW -> Client] GI-ME  CA=1, IOA=8322 ValueFloat=0 ValueBool=False
2026-01-01 18:33:38.871 [INFO] [GW -> Client] GI-ME  CA=1, IOA=8323 ValueFloat=0 ValueBool=False
2026-01-01 18:33:53.899 [INFO] [IEC104] Client 28745507 event = CLOSED
2026-01-01 18:33:54.905 [INFO] [IEC104] Connection request from 192.168.2.21
2026-01-01 18:33:54.923 [INFO] [Client->GW] => General Interrogation from SCADA
2026-01-01 18:33:54.924 [INFO] [GW -> Client] GI-ME  CA=1, IOA=4352 ValueFloat=69537.125 ValueBool=False
2026-01-01 18:33:54.925 [INFO] [GW -> Client] GI-ME  CA=1, IOA=4354 ValueFloat=69341.055 ValueBool=False
2026-01-01 18:33:54.925 [INFO] [GW -> Client] GI-ME  CA=1, IOA=4356 ValueFloat=71707.58 ValueBool=False
2026-01-01 18:33:54.926 [INFO] [GW -> Client] GI-ME  CA=1, IOA=4392 ValueFloat=73277.9 ValueBool=False
2026-01-01 18:33:54.926 [INFO] [GW -> Client] GI-ME  CA=1, IOA=4394 ValueFloat=72680.5 ValueBool=False
2026-01-01 18:33:54.926 [INFO] [GW -> Client] GI-ME  CA=1, IOA=4396 ValueFloat=72157.555 ValueBool=False
2026-01-01 18:33:54.927 [INFO] [GW -> Client] GI-ME  CA=1, IOA=8322 ValueFloat=0 ValueBool=False
2026-01-01 18:33:54.927 [INFO] [GW -> Client] GI-ME  CA=1, IOA=8323 ValueFloat=0 ValueBool=False
2026-01-01 18:34:09.958 [INFO] [IEC104] Client 51155874 event = CLOSED
2026-01-01 18:34:10.975 [INFO] [IEC104] Connection request from 192.168.2.21
2026-01-01 18:34:10.996 [INFO] [Client->GW] => General Interrogation from SCADA
2026-01-01 18:34:10.997 [INFO] [GW -> Client] GI-ME  CA=1, IOA=4352 ValueFloat=69537.125 ValueBool=False
2026-01-01 18:34:10.998 [INFO] [GW -> Client] GI-ME  CA=1, IOA=4354 ValueFloat=69341.055 ValueBool=False
2026-01-01 18:34:10.998 [INFO] [GW -> Client] GI-ME  CA=1, IOA=4356 ValueFloat=71707.58 ValueBool=False
2026-01-01 18:34:10.998 [INFO] [GW -> Client] GI-ME  CA=1, IOA=4392 ValueFloat=73277.9 ValueBool=False
2026-01-01 18:34:10.999 [INFO] [GW -> Client] GI-ME  CA=1, IOA=4394 ValueFloat=72680.5 ValueBool=False
2026-01-01 18:34:10.999 [INFO] [GW -> Client] GI-ME  CA=1, IOA=4396 ValueFloat=72157.555 ValueBool=False
2026-01-01 18:34:10.999 [INFO] [GW -> Client] GI-ME  CA=1, IOA=8322 ValueFloat=0 ValueBool=False
2026-01-01 18:34:10.999 [INFO] [GW -> Client] GI-ME  CA=1, IOA=8323 ValueFloat=0 ValueBool=False
2026-01-01 18:34:26.017 [INFO] [IEC104] Client 23267431 event = CLOSED
2026-01-01 18:34:27.028 [INFO] [IEC104] Connection request from 192.168.2.21
2026-01-01 18:34:27.106 [INFO] [Client->GW] => General Interrogation from SCADA
2026-01-01 18:34:27.106 [INFO] [GW -> Client] GI-ME  CA=1, IOA=4352 ValueFloat=69537.125 ValueBool=False
2026-01-01 18:34:27.107 [INFO] [GW -> Client] GI-ME  CA=1, IOA=4354 ValueFloat=69341.055 ValueBool=False
2026-01-01 18:34:27.107 [INFO] [GW -> Client] GI-ME  CA=1, IOA=4356 ValueFloat=71707.58 ValueBool=False
2026-01-01 18:34:27.107 [INFO] [GW -> Client] GI-ME  CA=1, IOA=4392 ValueFloat=73277.9 ValueBool=False
2026-01-01 18:34:27.107 [INFO] [GW -> Client] GI-ME  CA=1, IOA=4394 ValueFloat=72680.5 ValueBool=False
2026-01-01 18:34:27.108 [INFO] [GW -> Client] GI-ME  CA=1, IOA=4396 ValueFloat=72157.555 ValueBool=False
2026-01-01 18:34:27.108 [INFO] [GW -> Client] GI-ME  CA=1, IOA=8322 ValueFloat=0 ValueBool=False
2026-01-01 18:34:27.108 [INFO] [GW -> Client] GI-ME  CA=1, IOA=8323 ValueFloat=0 ValueBool=False
2026-01-01 18:34:42.119 [INFO] [IEC104] Client 19108808 event = CLOSED
2026-01-01 18:34:43.137 [INFO] [IEC104] Connection request from 192.168.2.21
2026-01-01 18:34:43.215 [INFO] [Client->GW] => General Interrogation from SCADA
2026-01-01 18:34:43.216 [INFO] [GW -> Client] GI-ME  CA=1, IOA=4352 ValueFloat=69537.125 ValueBool=False
2026-01-01 18:34:43.217 [INFO] [GW -> Client] GI-ME  CA=1, IOA=4354 ValueFloat=69341.055 ValueBool=False
2026-01-01 18:34:43.217 [INFO] [GW -> Client] GI-ME  CA=1, IOA=4356 ValueFloat=71707.58 ValueBool=False
2026-01-01 18:34:43.217 [INFO] [GW -> Client] GI-ME  CA=1, IOA=4392 ValueFloat=73277.9 ValueBool=False
2026-01-01 18:34:43.218 [INFO] [GW -> Client] GI-ME  CA=1, IOA=4394 ValueFloat=72680.5 ValueBool=False
2026-01-01 18:34:43.218 [INFO] [GW -> Client] GI-ME  CA=1, IOA=4396 ValueFloat=72157.555 ValueBool=False
2026-01-01 18:34:43.218 [INFO] [GW -> Client] GI-ME  CA=1, IOA=8322 ValueFloat=0 ValueBool=False
2026-01-01 18:34:43.218 [INFO] [GW -> Client] GI-ME  CA=1, IOA=8323 ValueFloat=0 ValueBool=False
2026-01-01 18:34:58.221 [INFO] [IEC104] Client 21366550 event = CLOSED
2026-01-01 18:34:59.225 [INFO] [IEC104] Connection request from 192.168.2.21
2026-01-01 18:34:59.243 [INFO] [Client->GW] => General Interrogation from SCADA
2026-01-01 18:34:59.244 [INFO] [GW -> Client] GI-ME  CA=1, IOA=4352 ValueFloat=69537.125 ValueBool=False
2026-01-01 18:34:59.245 [INFO] [GW -> Client] GI-ME  CA=1, IOA=4354 ValueFloat=69341.055 ValueBool=False
2026-01-01 18:34:59.246 [INFO] [GW -> Client] GI-ME  CA=1, IOA=4356 ValueFloat=71707.58 ValueBool=False
2026-01-01 18:34:59.247 [INFO] [GW -> Client] GI-ME  CA=1, IOA=4392 ValueFloat=73277.9 ValueBool=False
2026-01-01 18:34:59.247 [INFO] [GW -> Client] GI-ME  CA=1, IOA=4394 ValueFloat=72680.5 ValueBool=False
2026-01-01 18:34:59.248 [INFO] [GW -> Client] GI-ME  CA=1, IOA=4396 ValueFloat=72157.555 ValueBool=False
2026-01-01 18:34:59.249 [INFO] [GW -> Client] GI-ME  CA=1, IOA=8322 ValueFloat=0 ValueBool=False
2026-01-01 18:34:59.249 [INFO] [GW -> Client] GI-ME  CA=1, IOA=8323 ValueFloat=0 ValueBool=False
2026-01-01 18:35:14.258 [INFO] [IEC104] Client 10842496 event = CLOSED
2026-01-01 18:35:15.261 [INFO] [IEC104] Connection request from 192.168.2.21
2026-01-01 18:35:15.276 [INFO] [Client->GW] => General Interrogation from SCADA
2026-01-01 18:35:15.276 [INFO] [GW -> Client] GI-ME  CA=1, IOA=4352 ValueFloat=75500.266 ValueBool=False
2026-01-01 18:35:15.276 [INFO] [GW -> Client] GI-ME  CA=1, IOA=4354 ValueFloat=75763.766 ValueBool=False
2026-01-01 18:35:15.277 [INFO] [GW -> Client] GI-ME  CA=1, IOA=4356 ValueFloat=77673.055 ValueBool=False
2026-01-01 18:35:15.277 [INFO] [GW -> Client] GI-ME  CA=1, IOA=4392 ValueFloat=80288.69 ValueBool=False
2026-01-01 18:35:15.277 [INFO] [GW -> Client] GI-ME  CA=1, IOA=4394 ValueFloat=79889.836 ValueBool=False
2026-01-01 18:35:15.277 [INFO] [GW -> Client] GI-ME  CA=1, IOA=4396 ValueFloat=79038.28 ValueBool=False
2026-01-01 18:35:15.278 [INFO] [GW -> Client] GI-ME  CA=1, IOA=8322 ValueFloat=0 ValueBool=False
2026-01-01 18:35:15.278 [INFO] [GW -> Client] GI-ME  CA=1, IOA=8323 ValueFloat=0 ValueBool=False
2026-01-01 18:35:30.295 [INFO] [IEC104] Client 52160453 event = CLOSED
2026-01-01 18:35:31.298 [INFO] [IEC104] Connection request from 192.168.2.21
2026-01-01 18:35:31.318 [INFO] [Client->GW] => General Interrogation from SCADA
2026-01-01 18:35:31.319 [INFO] [GW -> Client] GI-ME  CA=1, IOA=4352 ValueFloat=75500.266 ValueBool=False
2026-01-01 18:35:31.320 [INFO] [GW -> Client] GI-ME  CA=1, IOA=4354 ValueFloat=75763.766 ValueBool=False
2026-01-01 18:35:31.320 [INFO] [GW -> Client] GI-ME  CA=1, IOA=4356 ValueFloat=77673.055 ValueBool=False
2026-01-01 18:35:31.321 [INFO] [GW -> Client] GI-ME  CA=1, IOA=4392 ValueFloat=80288.69 ValueBool=False
2026-01-01 18:35:31.322 [INFO] [GW -> Client] GI-ME  CA=1, IOA=4394 ValueFloat=79889.836 ValueBool=False
2026-01-01 18:35:31.323 [INFO] [GW -> Client] GI-ME  CA=1, IOA=4396 ValueFloat=79038.28 ValueBool=False
2026-01-01 18:35:31.323 [INFO] [GW -> Client] GI-ME  CA=1, IOA=8322 ValueFloat=0 ValueBool=False
2026-01-01 18:35:31.324 [INFO] [GW -> Client] GI-ME  CA=1, IOA=8323 ValueFloat=0 ValueBool=False
2026-01-01 18:35:46.343 [INFO] [IEC104] Client 1024696 event = CLOSED
2026-01-01 18:35:47.348 [INFO] [IEC104] Connection request from 192.168.2.21
2026-01-01 18:35:47.358 [INFO] [Client->GW] => General Interrogation from SCADA
2026-01-01 18:35:47.358 [INFO] [GW -> Client] GI-ME  CA=1, IOA=4352 ValueFloat=75500.266 ValueBool=False
2026-01-01 18:35:47.358 [INFO] [GW -> Client] GI-ME  CA=1, IOA=4354 ValueFloat=75763.766 ValueBool=False
2026-01-01 18:35:47.358 [INFO] [GW -> Client] GI-ME  CA=1, IOA=4356 ValueFloat=77673.055 ValueBool=False
2026-01-01 18:35:47.359 [INFO] [GW -> Client] GI-ME  CA=1, IOA=4392 ValueFloat=80288.69 ValueBool=False
2026-01-01 18:35:47.359 [INFO] [GW -> Client] GI-ME  CA=1, IOA=4394 ValueFloat=79889.836 ValueBool=False
2026-01-01 18:35:47.359 [INFO] [GW -> Client] GI-ME  CA=1, IOA=4396 ValueFloat=79038.28 ValueBool=False
2026-01-01 18:35:47.359 [INFO] [GW -> Client] GI-ME  CA=1, IOA=8322 ValueFloat=0 ValueBool=False
2026-01-01 18:35:47.359 [INFO] [GW -> Client] GI-ME  CA=1, IOA=8323 ValueFloat=0 ValueBool=False
2026-01-01 18:36:02.370 [INFO] [IEC104] Client 20271105 event = CLOSED
2026-01-01 18:36:03.376 [INFO] [IEC104] Connection request from 192.168.2.21
2026-01-01 18:36:03.398 [INFO] [Client->GW] => General Interrogation from SCADA
2026-01-01 18:36:03.399 [INFO] [GW -> Client] GI-ME  CA=1, IOA=4352 ValueFloat=75500.266 ValueBool=False
2026-01-01 18:36:03.400 [INFO] [GW -> Client] GI-ME  CA=1, IOA=4354 ValueFloat=75763.766 ValueBool=False
2026-01-01 18:36:03.400 [INFO] [GW -> Client] GI-ME  CA=1, IOA=4356 ValueFloat=77673.055 ValueBool=False
2026-01-01 18:36:03.401 [INFO] [GW -> Client] GI-ME  CA=1, IOA=4392 ValueFloat=80288.69 ValueBool=False
2026-01-01 18:36:03.401 [INFO] [GW -> Client] GI-ME  CA=1, IOA=4394 ValueFloat=79889.836 ValueBool=False
2026-01-01 18:36:03.402 [INFO] [GW -> Client] GI-ME  CA=1, IOA=4396 ValueFloat=79038.28 ValueBool=False
2026-01-01 18:36:03.402 [INFO] [GW -> Client] GI-ME  CA=1, IOA=8322 ValueFloat=0 ValueBool=False
2026-01-01 18:36:03.403 [INFO] [GW -> Client] GI-ME  CA=1, IOA=8323 ValueFloat=0 ValueBool=False
2026-01-01 18:36:18.410 [INFO] [IEC104] Client 2285670 event = CLOSED
2026-01-01 18:36:19.426 [INFO] [IEC104] Connection request from 192.168.2.21
2026-01-01 18:36:19.443 [INFO] [Client->GW] => General Interrogation from SCADA
2026-01-01 18:36:19.443 [INFO] [GW -> Client] GI-ME  CA=1, IOA=4352 ValueFloat=75500.266 ValueBool=False
2026-01-01 18:36:19.444 [INFO] [GW -> Client] GI-ME  CA=1, IOA=4354 ValueFloat=75763.766 ValueBool=False
2026-01-01 18:36:19.444 [INFO] [GW -> Client] GI-ME  CA=1, IOA=4356 ValueFloat=77673.055 ValueBool=False
2026-01-01 18:36:19.445 [INFO] [GW -> Client] GI-ME  CA=1, IOA=4392 ValueFloat=80288.69 ValueBool=False
2026-01-01 18:36:19.445 [INFO] [GW -> Client] GI-ME  CA=1, IOA=4394 ValueFloat=79889.836 ValueBool=False
2026-01-01 18:36:19.445 [INFO] [GW -> Client] GI-ME  CA=1, IOA=4396 ValueFloat=79038.28 ValueBool=False
2026-01-01 18:36:19.445 [INFO] [GW -> Client] GI-ME  CA=1, IOA=8322 ValueFloat=0 ValueBool=False
2026-01-01 18:36:19.446 [INFO] [GW -> Client] GI-ME  CA=1, IOA=8323 ValueFloat=0 ValueBool=False
2026-01-01 18:36:34.457 [INFO] [IEC104] Client 28993144 event = CLOSED
2026-01-01 18:36:35.461 [INFO] [IEC104] Connection request from 192.168.2.21
2026-01-01 18:36:35.480 [INFO] [Client->GW] => General Interrogation from SCADA
2026-01-01 18:36:35.481 [INFO] [GW -> Client] GI-ME  CA=1, IOA=4352 ValueFloat=75500.266 ValueBool=False
2026-01-01 18:36:35.481 [INFO] [GW -> Client] GI-ME  CA=1, IOA=4354 ValueFloat=75763.766 ValueBool=False
2026-01-01 18:36:35.481 [INFO] [GW -> Client] GI-ME  CA=1, IOA=4356 ValueFloat=77673.055 ValueBool=False
2026-01-01 18:36:35.482 [INFO] [GW -> Client] GI-ME  CA=1, IOA=4392 ValueFloat=80288.69 ValueBool=False
2026-01-01 18:36:35.482 [INFO] [GW -> Client] GI-ME  CA=1, IOA=4394 ValueFloat=79889.836 ValueBool=False
2026-01-01 18:36:35.482 [INFO] [GW -> Client] GI-ME  CA=1, IOA=4396 ValueFloat=79038.28 ValueBool=False
2026-01-01 18:36:35.482 [INFO] [GW -> Client] GI-ME  CA=1, IOA=8322 ValueFloat=0 ValueBool=False
2026-01-01 18:36:35.482 [INFO] [GW -> Client] GI-ME  CA=1, IOA=8323 ValueFloat=0 ValueBool=False
2026-01-01 18:36:50.508 [INFO] [IEC104] Client 15782609 event = CLOSED
2026-01-01 18:36:51.517 [INFO] [IEC104] Connection request from 192.168.2.21
2026-01-01 18:36:51.535 [INFO] [Client->GW] => General Interrogation from SCADA
2026-01-01 18:36:51.536 [INFO] [GW -> Client] GI-ME  CA=1, IOA=4352 ValueFloat=75500.266 ValueBool=False
2026-01-01 18:36:51.536 [INFO] [GW -> Client] GI-ME  CA=1, IOA=4354 ValueFloat=75763.766 ValueBool=False
2026-01-01 18:36:51.537 [INFO] [GW -> Client] GI-ME  CA=1, IOA=4356 ValueFloat=77673.055 ValueBool=False
2026-01-01 18:36:51.537 [INFO] [GW -> Client] GI-ME  CA=1, IOA=4392 ValueFloat=80288.69 ValueBool=False
2026-01-01 18:36:51.538 [INFO] [GW -> Client] GI-ME  CA=1, IOA=4394 ValueFloat=79889.836 ValueBool=False
2026-01-01 18:36:51.538 [INFO] [GW -> Client] GI-ME  CA=1, IOA=4396 ValueFloat=79038.28 ValueBool=False
2026-01-01 18:36:51.538 [INFO] [GW -> Client] GI-ME  CA=1, IOA=8322 ValueFloat=0 ValueBool=False
2026-01-01 18:36:51.539 [INFO] [GW -> Client] GI-ME  CA=1, IOA=8323 ValueFloat=0 ValueBool=False
2026-01-01 18:37:06.551 [INFO] [IEC104] Client 63334504 event = CLOSED
2026-01-01 18:37:07.559 [INFO] [IEC104] Connection request from 192.168.2.21
2026-01-01 18:37:07.577 [INFO] [Client->GW] => General Interrogation from SCADA
2026-01-01 18:37:07.577 [INFO] [GW -> Client] GI-ME  CA=1, IOA=4352 ValueFloat=75500.266 ValueBool=False
2026-01-01 18:37:07.578 [INFO] [GW -> Client] GI-ME  CA=1, IOA=4354 ValueFloat=75763.766 ValueBool=False
2026-01-01 18:37:07.578 [INFO] [GW -> Client] GI-ME  CA=1, IOA=4356 ValueFloat=77673.055 ValueBool=False
2026-01-01 18:37:07.579 [INFO] [GW -> Client] GI-ME  CA=1, IOA=4392 ValueFloat=80288.69 ValueBool=False
2026-01-01 18:37:07.579 [INFO] [GW -> Client] GI-ME  CA=1, IOA=4394 ValueFloat=79889.836 ValueBool=False
2026-01-01 18:37:07.579 [INFO] [GW -> Client] GI-ME  CA=1, IOA=4396 ValueFloat=79038.28 ValueBool=False
2026-01-01 18:37:07.580 [INFO] [GW -> Client] GI-ME  CA=1, IOA=8322 ValueFloat=0 ValueBool=False
2026-01-01 18:37:07.580 [INFO] [GW -> Client] GI-ME  CA=1, IOA=8323 ValueFloat=0 ValueBool=False
2026-01-01 18:37:22.588 [INFO] [IEC104] Client 60783424 event = CLOSED
2026-01-01 18:37:23.593 [INFO] [IEC104] Connection request from 192.168.2.21
2026-01-01 18:37:23.687 [INFO] [Client->GW] => General Interrogation from SCADA
2026-01-01 18:37:23.687 [INFO] [GW -> Client] GI-ME  CA=1, IOA=4352 ValueFloat=75500.266 ValueBool=False
2026-01-01 18:37:23.688 [INFO] [GW -> Client] GI-ME  CA=1, IOA=4354 ValueFloat=75763.766 ValueBool=False
2026-01-01 18:37:23.688 [INFO] [GW -> Client] GI-ME  CA=1, IOA=4356 ValueFloat=77673.055 ValueBool=False
2026-01-01 18:37:23.688 [INFO] [GW -> Client] GI-ME  CA=1, IOA=4392 ValueFloat=80288.69 ValueBool=False
2026-01-01 18:37:23.689 [INFO] [GW -> Client] GI-ME  CA=1, IOA=4394 ValueFloat=79889.836 ValueBool=False
2026-01-01 18:37:23.689 [INFO] [GW -> Client] GI-ME  CA=1, IOA=4396 ValueFloat=79038.28 ValueBool=False
2026-01-01 18:37:23.689 [INFO] [GW -> Client] GI-ME  CA=1, IOA=8322 ValueFloat=0 ValueBool=False
2026-01-01 18:37:23.689 [INFO] [GW -> Client] GI-ME  CA=1, IOA=8323 ValueFloat=0 ValueBool=False
2026-01-01 18:37:38.713 [INFO] [IEC104] Client 66864413 event = CLOSED
2026-01-01 18:37:39.724 [INFO] [IEC104] Connection request from 192.168.2.21
2026-01-01 18:37:39.740 [INFO] [Client->GW] => General Interrogation from SCADA
2026-01-01 18:37:39.741 [INFO] [GW -> Client] GI-ME  CA=1, IOA=4352 ValueFloat=75500.266 ValueBool=False
2026-01-01 18:37:39.741 [INFO] [GW -> Client] GI-ME  CA=1, IOA=4354 ValueFloat=75763.766 ValueBool=False
2026-01-01 18:37:39.741 [INFO] [GW -> Client] GI-ME  CA=1, IOA=4356 ValueFloat=77673.055 ValueBool=False
2026-01-01 18:37:39.741 [INFO] [GW -> Client] GI-ME  CA=1, IOA=4392 ValueFloat=80288.69 ValueBool=False
2026-01-01 18:37:39.741 [INFO] [GW -> Client] GI-ME  CA=1, IOA=4394 ValueFloat=79889.836 ValueBool=False
2026-01-01 18:37:39.742 [INFO] [GW -> Client] GI-ME  CA=1, IOA=4396 ValueFloat=79038.28 ValueBool=False
2026-01-01 18:37:39.742 [INFO] [GW -> Client] GI-ME  CA=1, IOA=8322 ValueFloat=0 ValueBool=False
2026-01-01 18:37:39.742 [INFO] [GW -> Client] GI-ME  CA=1, IOA=8323 ValueFloat=0 ValueBool=False
2026-01-01 18:37:54.761 [INFO] [IEC104] Client 38143861 event = CLOSED
2026-01-01 18:37:55.770 [INFO] [IEC104] Connection request from 192.168.2.21
2026-01-01 18:37:55.791 [INFO] [Client->GW] => General Interrogation from SCADA
2026-01-01 18:37:55.792 [INFO] [GW -> Client] GI-ME  CA=1, IOA=4352 ValueFloat=75500.266 ValueBool=False
2026-01-01 18:37:55.793 [INFO] [GW -> Client] GI-ME  CA=1, IOA=4354 ValueFloat=75763.766 ValueBool=False
2026-01-01 18:37:55.793 [INFO] [GW -> Client] GI-ME  CA=1, IOA=4356 ValueFloat=77673.055 ValueBool=False
2026-01-01 18:37:55.794 [INFO] [GW -> Client] GI-ME  CA=1, IOA=4392 ValueFloat=80288.69 ValueBool=False
2026-01-01 18:37:55.794 [INFO] [GW -> Client] GI-ME  CA=1, IOA=4394 ValueFloat=79889.836 ValueBool=False
2026-01-01 18:37:55.795 [INFO] [GW -> Client] GI-ME  CA=1, IOA=4396 ValueFloat=79038.28 ValueBool=False
2026-01-01 18:37:55.796 [INFO] [GW -> Client] GI-ME  CA=1, IOA=8322 ValueFloat=0 ValueBool=False
2026-01-01 18:37:55.796 [INFO] [GW -> Client] GI-ME  CA=1, IOA=8323 ValueFloat=0 ValueBool=False
2026-01-01 18:38:10.820 [INFO] [IEC104] Client 46542112 event = CLOSED
2026-01-01 18:38:11.838 [INFO] [IEC104] Connection request from 192.168.2.21
2026-01-01 18:38:11.857 [INFO] [Client->GW] => General Interrogation from SCADA
2026-01-01 18:38:11.858 [INFO] [GW -> Client] GI-ME  CA=1, IOA=4352 ValueFloat=75500.266 ValueBool=False
2026-01-01 18:38:11.858 [INFO] [GW -> Client] GI-ME  CA=1, IOA=4354 ValueFloat=75763.766 ValueBool=False
2026-01-01 18:38:11.859 [INFO] [GW -> Client] GI-ME  CA=1, IOA=4356 ValueFloat=77673.055 ValueBool=False
2026-01-01 18:38:11.860 [INFO] [GW -> Client] GI-ME  CA=1, IOA=4392 ValueFloat=80288.69 ValueBool=False
2026-01-01 18:38:11.861 [INFO] [GW -> Client] GI-ME  CA=1, IOA=4394 ValueFloat=79889.836 ValueBool=False
2026-01-01 18:38:11.861 [INFO] [GW -> Client] GI-ME  CA=1, IOA=4396 ValueFloat=79038.28 ValueBool=False
2026-01-01 18:38:11.862 [INFO] [GW -> Client] GI-ME  CA=1, IOA=8322 ValueFloat=0 ValueBool=False
2026-01-01 18:38:11.863 [INFO] [GW -> Client] GI-ME  CA=1, IOA=8323 ValueFloat=0 ValueBool=False
2026-01-01 18:38:26.872 [INFO] [IEC104] Client 22006633 event = CLOSED
2026-01-01 18:38:27.881 [INFO] [IEC104] Connection request from 192.168.2.21
2026-01-01 18:38:27.895 [INFO] [Client->GW] => General Interrogation from SCADA
2026-01-01 18:38:27.895 [INFO] [GW -> Client] GI-ME  CA=1, IOA=4352 ValueFloat=82185.05 ValueBool=False
2026-01-01 18:38:27.896 [INFO] [GW -> Client] GI-ME  CA=1, IOA=4354 ValueFloat=81992.03 ValueBool=False
2026-01-01 18:38:27.897 [INFO] [GW -> Client] GI-ME  CA=1, IOA=4356 ValueFloat=83637.21 ValueBool=False
2026-01-01 18:38:27.897 [INFO] [GW -> Client] GI-ME  CA=1, IOA=4392 ValueFloat=86516.02 ValueBool=False
2026-01-01 18:38:27.897 [INFO] [GW -> Client] GI-ME  CA=1, IOA=4394 ValueFloat=85591.23 ValueBool=False
2026-01-01 18:38:27.898 [INFO] [GW -> Client] GI-ME  CA=1, IOA=4396 ValueFloat=85460.86 ValueBool=False
2026-01-01 18:38:27.898 [INFO] [GW -> Client] GI-ME  CA=1, IOA=8322 ValueFloat=0 ValueBool=False
2026-01-01 18:38:27.899 [INFO] [GW -> Client] GI-ME  CA=1, IOA=8323 ValueFloat=0 ValueBool=False
2026-01-01 18:38:42.919 [INFO] [IEC104] Client 34743916 event = CLOSED
2026-01-01 18:38:43.934 [INFO] [IEC104] Connection request from 192.168.2.21
2026-01-01 18:38:43.944 [INFO] [Client->GW] => General Interrogation from SCADA
2026-01-01 18:38:43.944 [INFO] [GW -> Client] GI-ME  CA=1, IOA=4352 ValueFloat=82185.05 ValueBool=False
2026-01-01 18:38:43.944 [INFO] [GW -> Client] GI-ME  CA=1, IOA=4354 ValueFloat=81992.03 ValueBool=False
2026-01-01 18:38:43.945 [INFO] [GW -> Client] GI-ME  CA=1, IOA=4356 ValueFloat=83637.21 ValueBool=False
2026-01-01 18:38:43.945 [INFO] [GW -> Client] GI-ME  CA=1, IOA=4392 ValueFloat=86516.02 ValueBool=False
2026-01-01 18:38:43.945 [INFO] [GW -> Client] GI-ME  CA=1, IOA=4394 ValueFloat=85591.23 ValueBool=False
2026-01-01 18:38:43.945 [INFO] [GW -> Client] GI-ME  CA=1, IOA=4396 ValueFloat=85460.86 ValueBool=False
2026-01-01 18:38:43.945 [INFO] [GW -> Client] GI-ME  CA=1, IOA=8322 ValueFloat=0 ValueBool=False
2026-01-01 18:38:43.945 [INFO] [GW -> Client] GI-ME  CA=1, IOA=8323 ValueFloat=0 ValueBool=False
2026-01-01 18:38:58.972 [INFO] [IEC104] Client 21831978 event = CLOSED
2026-01-01 18:38:59.983 [INFO] [IEC104] Connection request from 192.168.2.21
2026-01-01 18:39:00.002 [INFO] [Client->GW] => General Interrogation from SCADA
2026-01-01 18:39:00.003 [INFO] [GW -> Client] GI-ME  CA=1, IOA=4352 ValueFloat=82185.05 ValueBool=False
2026-01-01 18:39:00.003 [INFO] [GW -> Client] GI-ME  CA=1, IOA=4354 ValueFloat=81992.03 ValueBool=False
2026-01-01 18:39:00.004 [INFO] [GW -> Client] GI-ME  CA=1, IOA=4356 ValueFloat=83637.21 ValueBool=False
2026-01-01 18:39:00.004 [INFO] [GW -> Client] GI-ME  CA=1, IOA=4392 ValueFloat=86516.02 ValueBool=False
2026-01-01 18:39:00.005 [INFO] [GW -> Client] GI-ME  CA=1, IOA=4394 ValueFloat=85591.23 ValueBool=False
2026-01-01 18:39:00.005 [INFO] [GW -> Client] GI-ME  CA=1, IOA=4396 ValueFloat=85460.86 ValueBool=False
2026-01-01 18:39:00.006 [INFO] [GW -> Client] GI-ME  CA=1, IOA=8322 ValueFloat=0 ValueBool=False
2026-01-01 18:39:00.006 [INFO] [GW -> Client] GI-ME  CA=1, IOA=8323 ValueFloat=0 ValueBool=False
2026-01-01 18:39:15.027 [INFO] [IEC104] Client 16207560 event = CLOSED
2026-01-01 18:39:16.044 [INFO] [IEC104] Connection request from 192.168.2.21
2026-01-01 18:39:16.056 [INFO] [Client->GW] => General Interrogation from SCADA
2026-01-01 18:39:16.056 [INFO] [GW -> Client] GI-ME  CA=1, IOA=4352 ValueFloat=82185.05 ValueBool=False
2026-01-01 18:39:16.057 [INFO] [GW -> Client] GI-ME  CA=1, IOA=4354 ValueFloat=81992.03 ValueBool=False
2026-01-01 18:39:16.057 [INFO] [GW -> Client] GI-ME  CA=1, IOA=4356 ValueFloat=83637.21 ValueBool=False
2026-01-01 18:39:16.057 [INFO] [GW -> Client] GI-ME  CA=1, IOA=4392 ValueFloat=86516.02 ValueBool=False
2026-01-01 18:39:16.057 [INFO] [GW -> Client] GI-ME  CA=1, IOA=4394 ValueFloat=85591.23 ValueBool=False
2026-01-01 18:39:16.057 [INFO] [GW -> Client] GI-ME  CA=1, IOA=4396 ValueFloat=85460.86 ValueBool=False
2026-01-01 18:39:16.057 [INFO] [GW -> Client] GI-ME  CA=1, IOA=8322 ValueFloat=0 ValueBool=False
2026-01-01 18:39:16.057 [INFO] [GW -> Client] GI-ME  CA=1, IOA=8323 ValueFloat=0 ValueBool=False
2026-01-01 18:39:31.065 [INFO] [IEC104] Client 25333693 event = CLOSED
2026-01-01 18:39:32.082 [INFO] [IEC104] Connection request from 192.168.2.21
2026-01-01 18:39:32.100 [INFO] [Client->GW] => General Interrogation from SCADA
2026-01-01 18:39:32.101 [INFO] [GW -> Client] GI-ME  CA=1, IOA=4352 ValueFloat=82185.05 ValueBool=False
2026-01-01 18:39:32.102 [INFO] [GW -> Client] GI-ME  CA=1, IOA=4354 ValueFloat=81992.03 ValueBool=False
2026-01-01 18:39:32.102 [INFO] [GW -> Client] GI-ME  CA=1, IOA=4356 ValueFloat=83637.21 ValueBool=False
2026-01-01 18:39:32.103 [INFO] [GW -> Client] GI-ME  CA=1, IOA=4392 ValueFloat=86516.02 ValueBool=False
2026-01-01 18:39:32.103 [INFO] [GW -> Client] GI-ME  CA=1, IOA=4394 ValueFloat=85591.23 ValueBool=False
2026-01-01 18:39:32.104 [INFO] [GW -> Client] GI-ME  CA=1, IOA=4396 ValueFloat=85460.86 ValueBool=False
2026-01-01 18:39:32.104 [INFO] [GW -> Client] GI-ME  CA=1, IOA=8322 ValueFloat=0 ValueBool=False
2026-01-01 18:39:32.104 [INFO] [GW -> Client] GI-ME  CA=1, IOA=8323 ValueFloat=0 ValueBool=False
2026-01-01 18:39:47.105 [INFO] [IEC104] Client 46978269 event = CLOSED
2026-01-01 18:39:48.110 [INFO] [IEC104] Connection request from 192.168.2.21
2026-01-01 18:39:48.126 [INFO] [Client->GW] => General Interrogation from SCADA
2026-01-01 18:39:48.126 [INFO] [GW -> Client] GI-ME  CA=1, IOA=4352 ValueFloat=82185.05 ValueBool=False
2026-01-01 18:39:48.127 [INFO] [GW -> Client] GI-ME  CA=1, IOA=4354 ValueFloat=81992.03 ValueBool=False
2026-01-01 18:39:48.127 [INFO] [GW -> Client] GI-ME  CA=1, IOA=4356 ValueFloat=83637.21 ValueBool=False
2026-01-01 18:39:48.127 [INFO] [GW -> Client] GI-ME  CA=1, IOA=4392 ValueFloat=86516.02 ValueBool=False
2026-01-01 18:39:48.127 [INFO] [GW -> Client] GI-ME  CA=1, IOA=4394 ValueFloat=85591.23 ValueBool=False
2026-01-01 18:39:48.128 [INFO] [GW -> Client] GI-ME  CA=1, IOA=4396 ValueFloat=85460.86 ValueBool=False
2026-01-01 18:39:48.128 [INFO] [GW -> Client] GI-ME  CA=1, IOA=8322 ValueFloat=0 ValueBool=False
2026-01-01 18:39:48.128 [INFO] [GW -> Client] GI-ME  CA=1, IOA=8323 ValueFloat=0 ValueBool=False
2026-01-01 18:40:03.152 [INFO] [IEC104] Client 23246456 event = CLOSED
2026-01-01 18:40:04.160 [INFO] [IEC104] Connection request from 192.168.2.21
2026-01-01 18:40:04.237 [INFO] [Client->GW] => General Interrogation from SCADA
2026-01-01 18:40:04.238 [INFO] [GW -> Client] GI-ME  CA=1, IOA=4352 ValueFloat=82185.05 ValueBool=False
2026-01-01 18:40:04.238 [INFO] [GW -> Client] GI-ME  CA=1, IOA=4354 ValueFloat=81992.03 ValueBool=False
2026-01-01 18:40:04.238 [INFO] [GW -> Client] GI-ME  CA=1, IOA=4356 ValueFloat=83637.21 ValueBool=False
2026-01-01 18:40:04.239 [INFO] [GW -> Client] GI-ME  CA=1, IOA=4392 ValueFloat=86516.02 ValueBool=False
2026-01-01 18:40:04.239 [INFO] [GW -> Client] GI-ME  CA=1, IOA=4394 ValueFloat=85591.23 ValueBool=False
2026-01-01 18:40:04.239 [INFO] [GW -> Client] GI-ME  CA=1, IOA=4396 ValueFloat=85460.86 ValueBool=False
2026-01-01 18:40:04.239 [INFO] [GW -> Client] GI-ME  CA=1, IOA=8322 ValueFloat=0 ValueBool=False
2026-01-01 18:40:04.240 [INFO] [GW -> Client] GI-ME  CA=1, IOA=8323 ValueFloat=0 ValueBool=False
2026-01-01 18:40:19.262 [INFO] [IEC104] Client 32390921 event = CLOSED
2026-01-01 18:40:20.273 [INFO] [IEC104] Connection request from 192.168.2.21
2026-01-01 18:40:20.299 [INFO] [Client->GW] => General Interrogation from SCADA
2026-01-01 18:40:20.300 [INFO] [GW -> Client] GI-ME  CA=1, IOA=4352 ValueFloat=82185.05 ValueBool=False
2026-01-01 18:40:20.301 [INFO] [GW -> Client] GI-ME  CA=1, IOA=4354 ValueFloat=81992.03 ValueBool=False
2026-01-01 18:40:20.301 [INFO] [GW -> Client] GI-ME  CA=1, IOA=4356 ValueFloat=83637.21 ValueBool=False
2026-01-01 18:40:20.302 [INFO] [GW -> Client] GI-ME  CA=1, IOA=4392 ValueFloat=86516.02 ValueBool=False
2026-01-01 18:40:20.302 [INFO] [GW -> Client] GI-ME  CA=1, IOA=4394 ValueFloat=85591.23 ValueBool=False
2026-01-01 18:40:20.303 [INFO] [GW -> Client] GI-ME  CA=1, IOA=4396 ValueFloat=85460.86 ValueBool=False
2026-01-01 18:40:20.303 [INFO] [GW -> Client] GI-ME  CA=1, IOA=8322 ValueFloat=0 ValueBool=False
2026-01-01 18:40:20.304 [INFO] [GW -> Client] GI-ME  CA=1, IOA=8323 ValueFloat=0 ValueBool=False
2026-01-01 18:40:35.315 [INFO] [IEC104] Client 57028611 event = CLOSED
2026-01-01 18:40:36.334 [INFO] [IEC104] Connection request from 192.168.2.21
2026-01-01 18:40:36.347 [INFO] [Client->GW] => General Interrogation from SCADA
2026-01-01 18:40:36.347 [INFO] [GW -> Client] GI-ME  CA=1, IOA=4352 ValueFloat=82185.05 ValueBool=False
2026-01-01 18:40:36.347 [INFO] [GW -> Client] GI-ME  CA=1, IOA=4354 ValueFloat=81992.03 ValueBool=False
2026-01-01 18:40:36.348 [INFO] [GW -> Client] GI-ME  CA=1, IOA=4356 ValueFloat=83637.21 ValueBool=False
2026-01-01 18:40:36.348 [INFO] [GW -> Client] GI-ME  CA=1, IOA=4392 ValueFloat=86516.02 ValueBool=False
2026-01-01 18:40:36.348 [INFO] [GW -> Client] GI-ME  CA=1, IOA=4394 ValueFloat=85591.23 ValueBool=False
2026-01-01 18:40:36.349 [INFO] [GW -> Client] GI-ME  CA=1, IOA=4396 ValueFloat=85460.86 ValueBool=False
2026-01-01 18:40:36.349 [INFO] [GW -> Client] GI-ME  CA=1, IOA=8322 ValueFloat=0 ValueBool=False
2026-01-01 18:40:36.349 [INFO] [GW -> Client] GI-ME  CA=1, IOA=8323 ValueFloat=0 ValueBool=False
2026-01-01 18:40:51.354 [INFO] [IEC104] Client 10944928 event = CLOSED
2026-01-01 18:48:36.667 [INFO] [IEC104] Connection request from 192.168.2.21
2026-01-01 18:48:37.228 [INFO] [Client->GW] => General Interrogation from SCADA
2026-01-01 18:48:37.229 [INFO] [GW -> Client] GI-ME  CA=1, IOA=4352 ValueFloat=82185.05 ValueBool=False
2026-01-01 18:48:37.235 [INFO] [GW -> Client] GI-ME  CA=1, IOA=4354 ValueFloat=81992.03 ValueBool=False
2026-01-01 18:48:37.283 [INFO] [GW -> Client] GI-ME  CA=1, IOA=4356 ValueFloat=83637.21 ValueBool=False
2026-01-01 18:48:37.288 [INFO] [GW -> Client] GI-ME  CA=1, IOA=4392 ValueFloat=86516.02 ValueBool=False
2026-01-01 18:48:37.288 [INFO] [GW -> Client] GI-ME  CA=1, IOA=4394 ValueFloat=85591.23 ValueBool=False
2026-01-01 18:48:37.289 [INFO] [GW -> Client] GI-ME  CA=1, IOA=4396 ValueFloat=85460.86 ValueBool=False
2026-01-01 18:48:37.289 [INFO] [GW -> Client] GI-ME  CA=1, IOA=8322 ValueFloat=0 ValueBool=False
2026-01-01 18:48:37.289 [INFO] [GW -> Client] GI-ME  CA=1, IOA=8323 ValueFloat=0 ValueBool=False
2026-01-01 21:25:54.575 [INFO] [IEC104] Connection request from 192.168.2.21
2026-01-01 21:25:54.703 [INFO] [Client->GW] => General Interrogation from SCADA
2026-01-01 21:25:54.719 [INFO] [GW -> Client] GI-ME  CA=1, IOA=4352 ValueFloat=65.76601 ValueBool=False
2026-01-01 21:25:54.723 [INFO] [GW -> Client] GI-ME  CA=1, IOA=4354 ValueFloat=65.600006 ValueBool=False
2026-01-01 21:25:54.724 [INFO] [GW -> Client] GI-ME  CA=1, IOA=4356 ValueFloat=65.59901 ValueBool=False
2026-01-01 21:25:54.724 [INFO] [GW -> Client] GI-ME  CA=1, IOA=4392 ValueFloat=131.072 ValueBool=False
2026-01-01 21:25:54.725 [INFO] [GW -> Client] GI-ME  CA=1, IOA=4394 ValueFloat=0.076000005 ValueBool=False
2026-01-01 21:25:54.725 [INFO] [GW -> Client] GI-ME  CA=1, IOA=4396 ValueFloat=131.354 ValueBool=False
2026-01-01 21:25:54.726 [INFO] [GW -> Client] GI-ME  CA=1, IOA=8322 ValueFloat=0 ValueBool=False
2026-01-01 21:25:54.727 [INFO] [GW -> Client] GI-ME  CA=1, IOA=8323 ValueFloat=0 ValueBool=False
2026-01-01 21:26:09.759 [INFO] [IEC104] Client 24893087 event = CLOSED
2026-01-01 21:26:10.757 [INFO] [IEC104] Connection request from 192.168.2.21
2026-01-01 21:26:10.778 [INFO] [Client->GW] => General Interrogation from SCADA
2026-01-01 21:26:10.780 [INFO] [GW -> Client] GI-ME  CA=1, IOA=4352 ValueFloat=65.76601 ValueBool=False
2026-01-01 21:26:10.780 [INFO] [GW -> Client] GI-ME  CA=1, IOA=4354 ValueFloat=65.600006 ValueBool=False
2026-01-01 21:26:10.781 [INFO] [GW -> Client] GI-ME  CA=1, IOA=4356 ValueFloat=65.59901 ValueBool=False
2026-01-01 21:26:10.782 [INFO] [GW -> Client] GI-ME  CA=1, IOA=4392 ValueFloat=131.072 ValueBool=False
2026-01-01 21:26:10.783 [INFO] [GW -> Client] GI-ME  CA=1, IOA=4394 ValueFloat=0.076000005 ValueBool=False
2026-01-01 21:26:10.783 [INFO] [GW -> Client] GI-ME  CA=1, IOA=4396 ValueFloat=131.354 ValueBool=False
2026-01-01 21:26:10.784 [INFO] [GW -> Client] GI-ME  CA=1, IOA=8322 ValueFloat=0 ValueBool=False
2026-01-01 21:26:10.785 [INFO] [GW -> Client] GI-ME  CA=1, IOA=8323 ValueFloat=0 ValueBool=False
2026-01-01 21:26:25.787 [INFO] [IEC104] Client 58408916 event = CLOSED
2026-01-01 21:26:26.798 [INFO] [IEC104] Connection request from 192.168.2.21
2026-01-01 21:26:26.883 [INFO] [Client->GW] => General Interrogation from SCADA
2026-01-01 21:26:26.885 [INFO] [GW -> Client] GI-ME  CA=1, IOA=4352 ValueFloat=65.76601 ValueBool=False
2026-01-01 21:26:26.886 [INFO] [GW -> Client] GI-ME  CA=1, IOA=4354 ValueFloat=65.600006 ValueBool=False
2026-01-01 21:26:26.886 [INFO] [GW -> Client] GI-ME  CA=1, IOA=4356 ValueFloat=65.59901 ValueBool=False
2026-01-01 21:26:26.887 [INFO] [GW -> Client] GI-ME  CA=1, IOA=4392 ValueFloat=131.072 ValueBool=False
2026-01-01 21:26:26.888 [INFO] [GW -> Client] GI-ME  CA=1, IOA=4394 ValueFloat=0.076000005 ValueBool=False
2026-01-01 21:26:26.888 [INFO] [GW -> Client] GI-ME  CA=1, IOA=4396 ValueFloat=131.354 ValueBool=False
2026-01-01 21:26:26.889 [INFO] [GW -> Client] GI-ME  CA=1, IOA=8322 ValueFloat=0 ValueBool=False
2026-01-01 21:26:26.890 [INFO] [GW -> Client] GI-ME  CA=1, IOA=8323 ValueFloat=0 ValueBool=False
2026-01-01 21:26:41.915 [INFO] [IEC104] Client 61669314 event = CLOSED
2026-01-01 21:26:42.920 [INFO] [IEC104] Connection request from 192.168.2.21
2026-01-01 21:26:42.997 [INFO] [Client->GW] => General Interrogation from SCADA
2026-01-01 21:26:42.998 [INFO] [GW -> Client] GI-ME  CA=1, IOA=4352 ValueFloat=65.76601 ValueBool=False
2026-01-01 21:26:42.999 [INFO] [GW -> Client] GI-ME  CA=1, IOA=4354 ValueFloat=65.600006 ValueBool=False
2026-01-01 21:26:42.999 [INFO] [GW -> Client] GI-ME  CA=1, IOA=4356 ValueFloat=65.59901 ValueBool=False
2026-01-01 21:26:43.000 [INFO] [GW -> Client] GI-ME  CA=1, IOA=4392 ValueFloat=131.072 ValueBool=False
2026-01-01 21:26:43.001 [INFO] [GW -> Client] GI-ME  CA=1, IOA=4394 ValueFloat=0.076000005 ValueBool=False
2026-01-01 21:26:43.001 [INFO] [GW -> Client] GI-ME  CA=1, IOA=4396 ValueFloat=131.354 ValueBool=False
2026-01-01 21:26:43.001 [INFO] [GW -> Client] GI-ME  CA=1, IOA=8322 ValueFloat=0 ValueBool=False
2026-01-01 21:26:43.002 [INFO] [GW -> Client] GI-ME  CA=1, IOA=8323 ValueFloat=0 ValueBool=False
2026-01-01 21:26:58.003 [INFO] [IEC104] Client 43694208 event = CLOSED
2026-01-01 21:26:59.014 [INFO] [IEC104] Connection request from 192.168.2.21
2026-01-01 21:26:59.038 [INFO] [Client->GW] => General Interrogation from SCADA
2026-01-01 21:26:59.039 [INFO] [GW -> Client] GI-ME  CA=1, IOA=4352 ValueFloat=65.76601 ValueBool=False
2026-01-01 21:26:59.040 [INFO] [GW -> Client] GI-ME  CA=1, IOA=4354 ValueFloat=65.600006 ValueBool=False
2026-01-01 21:26:59.040 [INFO] [GW -> Client] GI-ME  CA=1, IOA=4356 ValueFloat=65.59901 ValueBool=False
2026-01-01 21:26:59.041 [INFO] [GW -> Client] GI-ME  CA=1, IOA=4392 ValueFloat=131.072 ValueBool=False
2026-01-01 21:26:59.041 [INFO] [GW -> Client] GI-ME  CA=1, IOA=4394 ValueFloat=0.076000005 ValueBool=False
2026-01-01 21:26:59.042 [INFO] [GW -> Client] GI-ME  CA=1, IOA=4396 ValueFloat=131.354 ValueBool=False
2026-01-01 21:26:59.042 [INFO] [GW -> Client] GI-ME  CA=1, IOA=8322 ValueFloat=0 ValueBool=False
2026-01-01 21:26:59.042 [INFO] [GW -> Client] GI-ME  CA=1, IOA=8323 ValueFloat=0 ValueBool=False
2026-01-01 21:27:14.071 [INFO] [IEC104] Client 43954056 event = CLOSED
2026-01-01 21:27:15.078 [INFO] [IEC104] Connection request from 192.168.2.21
2026-01-01 21:27:15.099 [INFO] [Client->GW] => General Interrogation from SCADA
2026-01-01 21:27:15.100 [INFO] [GW -> Client] GI-ME  CA=1, IOA=4352 ValueFloat=0 ValueBool=False
2026-01-01 21:27:15.101 [INFO] [GW -> Client] GI-ME  CA=1, IOA=4354 ValueFloat=65.600006 ValueBool=False
2026-01-01 21:27:15.102 [INFO] [GW -> Client] GI-ME  CA=1, IOA=4356 ValueFloat=65.59901 ValueBool=False
2026-01-01 21:27:15.102 [INFO] [GW -> Client] GI-ME  CA=1, IOA=4392 ValueFloat=131.072 ValueBool=False
2026-01-01 21:27:15.103 [INFO] [GW -> Client] GI-ME  CA=1, IOA=4394 ValueFloat=0.076000005 ValueBool=False
2026-01-01 21:27:15.104 [INFO] [GW -> Client] GI-ME  CA=1, IOA=4396 ValueFloat=131.354 ValueBool=False
2026-01-01 21:27:15.105 [INFO] [GW -> Client] GI-ME  CA=1, IOA=8322 ValueFloat=0 ValueBool=False
2026-01-01 21:27:15.105 [INFO] [GW -> Client] GI-ME  CA=1, IOA=8323 ValueFloat=0 ValueBool=False
2026-01-01 21:27:30.115 [INFO] [IEC104] Client 62485923 event = CLOSED
2026-01-01 21:27:31.131 [INFO] [IEC104] Connection request from 192.168.2.21
2026-01-01 21:27:31.209 [INFO] [Client->GW] => General Interrogation from SCADA
2026-01-01 21:27:31.210 [INFO] [GW -> Client] GI-ME  CA=1, IOA=4352 ValueFloat=0 ValueBool=False
2026-01-01 21:27:31.211 [INFO] [GW -> Client] GI-ME  CA=1, IOA=4354 ValueFloat=65.600006 ValueBool=False
2026-01-01 21:27:31.212 [INFO] [GW -> Client] GI-ME  CA=1, IOA=4356 ValueFloat=65.59901 ValueBool=False
2026-01-01 21:27:31.212 [INFO] [GW -> Client] GI-ME  CA=1, IOA=4392 ValueFloat=131.072 ValueBool=False
2026-01-01 21:27:31.213 [INFO] [GW -> Client] GI-ME  CA=1, IOA=4394 ValueFloat=0.076000005 ValueBool=False
2026-01-01 21:27:31.213 [INFO] [GW -> Client] GI-ME  CA=1, IOA=4396 ValueFloat=131.354 ValueBool=False
2026-01-01 21:27:31.213 [INFO] [GW -> Client] GI-ME  CA=1, IOA=8322 ValueFloat=0 ValueBool=False
2026-01-01 21:27:31.214 [INFO] [GW -> Client] GI-ME  CA=1, IOA=8323 ValueFloat=0 ValueBool=False
2026-01-01 21:27:46.245 [INFO] [IEC104] Client 46027848 event = CLOSED
2026-01-01 21:27:47.256 [INFO] [IEC104] Connection request from 192.168.2.21
2026-01-01 21:27:47.332 [INFO] [Client->GW] => General Interrogation from SCADA
2026-01-01 21:27:47.333 [INFO] [GW -> Client] GI-ME  CA=1, IOA=4352 ValueFloat=0 ValueBool=False
2026-01-01 21:27:47.334 [INFO] [GW -> Client] GI-ME  CA=1, IOA=4354 ValueFloat=65.600006 ValueBool=False
2026-01-01 21:27:47.335 [INFO] [GW -> Client] GI-ME  CA=1, IOA=4356 ValueFloat=65.59901 ValueBool=False
2026-01-01 21:27:47.336 [INFO] [GW -> Client] GI-ME  CA=1, IOA=4392 ValueFloat=131.072 ValueBool=False
2026-01-01 21:27:47.336 [INFO] [GW -> Client] GI-ME  CA=1, IOA=4394 ValueFloat=0.076000005 ValueBool=False
2026-01-01 21:27:47.337 [INFO] [GW -> Client] GI-ME  CA=1, IOA=4396 ValueFloat=131.354 ValueBool=False
2026-01-01 21:27:47.338 [INFO] [GW -> Client] GI-ME  CA=1, IOA=8322 ValueFloat=0 ValueBool=False
2026-01-01 21:27:47.338 [INFO] [GW -> Client] GI-ME  CA=1, IOA=8323 ValueFloat=0 ValueBool=False
2026-01-01 21:28:02.347 [INFO] [IEC104] Client 48436296 event = CLOSED
2026-01-01 21:28:03.360 [INFO] [IEC104] Connection request from 192.168.2.21
2026-01-01 21:28:03.384 [INFO] [Client->GW] => General Interrogation from SCADA
2026-01-01 21:28:03.386 [INFO] [GW -> Client] GI-ME  CA=1, IOA=4352 ValueFloat=0 ValueBool=False
2026-01-01 21:28:03.386 [INFO] [GW -> Client] GI-ME  CA=1, IOA=4354 ValueFloat=65.600006 ValueBool=False
2026-01-01 21:28:03.387 [INFO] [GW -> Client] GI-ME  CA=1, IOA=4356 ValueFloat=65.59901 ValueBool=False
2026-01-01 21:28:03.387 [INFO] [GW -> Client] GI-ME  CA=1, IOA=4392 ValueFloat=131.072 ValueBool=False
2026-01-01 21:28:03.388 [INFO] [GW -> Client] GI-ME  CA=1, IOA=4394 ValueFloat=0.076000005 ValueBool=False
2026-01-01 21:28:03.389 [INFO] [GW -> Client] GI-ME  CA=1, IOA=4396 ValueFloat=131.354 ValueBool=False
2026-01-01 21:28:03.390 [INFO] [GW -> Client] GI-ME  CA=1, IOA=8322 ValueFloat=0 ValueBool=False
2026-01-01 21:28:03.390 [INFO] [GW -> Client] GI-ME  CA=1, IOA=8323 ValueFloat=0 ValueBool=False
2026-01-01 21:28:18.397 [INFO] [IEC104] Client 12820577 event = CLOSED
2026-01-01 21:28:19.413 [INFO] [IEC104] Connection request from 192.168.2.21
2026-01-01 21:28:19.491 [INFO] [Client->GW] => General Interrogation from SCADA
2026-01-01 21:28:19.496 [INFO] [GW -> Client] GI-ME  CA=1, IOA=4352 ValueFloat=0 ValueBool=False
2026-01-01 21:28:38.352 [INFO] [IEC104] Client 27196327 event = CLOSED
2026-01-01 21:28:38.351 [INFO] [GW -> Client] GI-ME  CA=1, IOA=4354 ValueFloat=65.600006 ValueBool=False
2026-01-01 21:28:38.359 [INFO] [GW -> Client] GI-ME  CA=1, IOA=4356 ValueFloat=65.59901 ValueBool=False
2026-01-01 21:28:38.360 [INFO] [GW -> Client] GI-ME  CA=1, IOA=4392 ValueFloat=131.072 ValueBool=False
2026-01-01 21:28:38.360 [INFO] [GW -> Client] GI-ME  CA=1, IOA=4394 ValueFloat=0.076000005 ValueBool=False
2026-01-01 21:28:38.360 [INFO] [GW -> Client] GI-ME  CA=1, IOA=4396 ValueFloat=131.354 ValueBool=False
2026-01-01 21:28:38.360 [INFO] [GW -> Client] GI-ME  CA=1, IOA=8322 ValueFloat=0 ValueBool=False
2026-01-01 21:28:38.361 [INFO] [GW -> Client] GI-ME  CA=1, IOA=8323 ValueFloat=0 ValueBool=False
2026-01-01 21:29:44.555 [INFO] [IEC104] Connection request from 192.168.2.21
2026-01-01 21:29:44.692 [INFO] [Client->GW] => General Interrogation from SCADA
2026-01-01 21:29:44.698 [INFO] [GW -> Client] GI-ME  CA=1, IOA=4352 ValueFloat=0 ValueBool=False
2026-01-01 21:29:44.699 [INFO] [GW -> Client] GI-ME  CA=1, IOA=4354 ValueFloat=0 ValueBool=False
2026-01-01 21:29:44.700 [INFO] [GW -> Client] GI-ME  CA=1, IOA=4356 ValueFloat=0 ValueBool=False
2026-01-01 21:29:44.700 [INFO] [GW -> Client] GI-ME  CA=1, IOA=4392 ValueFloat=0 ValueBool=False
2026-01-01 21:29:44.700 [INFO] [GW -> Client] GI-ME  CA=1, IOA=4394 ValueFloat=0 ValueBool=False
2026-01-01 21:29:44.701 [INFO] [GW -> Client] GI-ME  CA=1, IOA=4396 ValueFloat=0 ValueBool=False
2026-01-01 21:29:44.701 [INFO] [GW -> Client] GI-ME  CA=1, IOA=8322 ValueFloat=0 ValueBool=False
2026-01-01 21:29:44.701 [INFO] [GW -> Client] GI-ME  CA=1, IOA=8323 ValueFloat=0 ValueBool=False
2026-01-01 21:29:59.736 [INFO] [IEC104] Client 23324256 event = CLOSED
2026-01-01 21:30:00.737 [INFO] [IEC104] Connection request from 192.168.2.21
2026-01-01 21:30:00.756 [INFO] [Client->GW] => General Interrogation from SCADA
2026-01-01 21:30:00.757 [INFO] [GW -> Client] GI-ME  CA=1, IOA=4352 ValueFloat=0 ValueBool=False
2026-01-01 21:30:00.758 [INFO] [GW -> Client] GI-ME  CA=1, IOA=4354 ValueFloat=0 ValueBool=False
2026-01-01 21:30:00.759 [INFO] [GW -> Client] GI-ME  CA=1, IOA=4356 ValueFloat=0 ValueBool=False
2026-01-01 21:30:00.759 [INFO] [GW -> Client] GI-ME  CA=1, IOA=4392 ValueFloat=0 ValueBool=False
2026-01-01 21:30:00.760 [INFO] [GW -> Client] GI-ME  CA=1, IOA=4394 ValueFloat=0 ValueBool=False
2026-01-01 21:30:00.760 [INFO] [GW -> Client] GI-ME  CA=1, IOA=4396 ValueFloat=0 ValueBool=False
2026-01-01 21:30:00.760 [INFO] [GW -> Client] GI-ME  CA=1, IOA=8322 ValueFloat=0 ValueBool=False
2026-01-01 21:30:00.761 [INFO] [GW -> Client] GI-ME  CA=1, IOA=8323 ValueFloat=0 ValueBool=False
2026-01-01 21:30:15.764 [INFO] [IEC104] Client 37088038 event = CLOSED
2026-01-01 21:30:16.773 [INFO] [IEC104] Connection request from 192.168.2.21
2026-01-01 21:30:16.792 [INFO] [Client->GW] => General Interrogation from SCADA
2026-01-01 21:30:16.793 [INFO] [GW -> Client] GI-ME  CA=1, IOA=4352 ValueFloat=65.651 ValueBool=False
2026-01-01 21:30:16.794 [INFO] [GW -> Client] GI-ME  CA=1, IOA=4354 ValueFloat=65.579 ValueBool=False
2026-01-01 21:30:16.795 [INFO] [GW -> Client] GI-ME  CA=1, IOA=4356 ValueFloat=131.072 ValueBool=False
2026-01-01 21:30:16.796 [INFO] [GW -> Client] GI-ME  CA=1, IOA=4392 ValueFloat=0 ValueBool=False
2026-01-01 21:30:16.797 [INFO] [GW -> Client] GI-ME  CA=1, IOA=4394 ValueFloat=131.09401 ValueBool=False
2026-01-01 21:30:16.797 [INFO] [GW -> Client] GI-ME  CA=1, IOA=4396 ValueFloat=65.536 ValueBool=False
2026-01-01 21:30:16.798 [INFO] [GW -> Client] GI-ME  CA=1, IOA=8322 ValueFloat=0 ValueBool=False
2026-01-01 21:30:16.799 [INFO] [GW -> Client] GI-ME  CA=1, IOA=8323 ValueFloat=0 ValueBool=False
2026-01-01 21:30:31.811 [INFO] [IEC104] Client 49341803 event = CLOSED
2026-01-01 21:30:32.821 [INFO] [IEC104] Connection request from 192.168.2.21
2026-01-01 21:30:32.837 [INFO] [Client->GW] => General Interrogation from SCADA
2026-01-01 21:30:32.838 [INFO] [GW -> Client] GI-ME  CA=1, IOA=4352 ValueFloat=65.651 ValueBool=False
2026-01-01 21:30:32.839 [INFO] [GW -> Client] GI-ME  CA=1, IOA=4354 ValueFloat=65.579 ValueBool=False
2026-01-01 21:30:32.840 [INFO] [GW -> Client] GI-ME  CA=1, IOA=4356 ValueFloat=131.072 ValueBool=False
2026-01-01 21:30:32.840 [INFO] [GW -> Client] GI-ME  CA=1, IOA=4392 ValueFloat=0 ValueBool=False
2026-01-01 21:30:32.841 [INFO] [GW -> Client] GI-ME  CA=1, IOA=4394 ValueFloat=131.09401 ValueBool=False
2026-01-01 21:30:32.842 [INFO] [GW -> Client] GI-ME  CA=1, IOA=4396 ValueFloat=65.536 ValueBool=False
2026-01-01 21:30:32.842 [INFO] [GW -> Client] GI-ME  CA=1, IOA=8322 ValueFloat=0 ValueBool=False
2026-01-01 21:30:32.843 [INFO] [GW -> Client] GI-ME  CA=1, IOA=8323 ValueFloat=0 ValueBool=False
2026-01-01 21:30:47.844 [INFO] [IEC104] Client 45671588 event = CLOSED
2026-01-01 21:30:48.858 [INFO] [IEC104] Connection request from 192.168.2.21
2026-01-01 21:30:48.879 [INFO] [Client->GW] => General Interrogation from SCADA
2026-01-01 21:30:48.879 [INFO] [GW -> Client] GI-ME  CA=1, IOA=4352 ValueFloat=0 ValueBool=False
2026-01-01 21:30:48.880 [INFO] [GW -> Client] GI-ME  CA=1, IOA=4354 ValueFloat=65.579 ValueBool=False
2026-01-01 21:30:48.881 [INFO] [GW -> Client] GI-ME  CA=1, IOA=4356 ValueFloat=131.072 ValueBool=False
2026-01-01 21:30:48.881 [INFO] [GW -> Client] GI-ME  CA=1, IOA=4392 ValueFloat=0 ValueBool=False
2026-01-01 21:30:48.882 [INFO] [GW -> Client] GI-ME  CA=1, IOA=4394 ValueFloat=131.09401 ValueBool=False
2026-01-01 21:30:48.882 [INFO] [GW -> Client] GI-ME  CA=1, IOA=4396 ValueFloat=65.536 ValueBool=False
2026-01-01 21:30:48.882 [INFO] [GW -> Client] GI-ME  CA=1, IOA=8322 ValueFloat=0 ValueBool=False
2026-01-01 21:30:48.883 [INFO] [GW -> Client] GI-ME  CA=1, IOA=8323 ValueFloat=0 ValueBool=False
2026-01-01 21:31:03.894 [INFO] [IEC104] Client 62954519 event = CLOSED
2026-01-01 21:31:04.912 [INFO] [IEC104] Connection request from 192.168.2.21
2026-01-01 21:31:04.929 [INFO] [Client->GW] => General Interrogation from SCADA
2026-01-01 21:31:04.931 [INFO] [GW -> Client] GI-ME  CA=1, IOA=4352 ValueFloat=0 ValueBool=False
2026-01-01 21:31:04.931 [INFO] [GW -> Client] GI-ME  CA=1, IOA=4354 ValueFloat=65.579 ValueBool=False
2026-01-01 21:31:04.932 [INFO] [GW -> Client] GI-ME  CA=1, IOA=4356 ValueFloat=131.072 ValueBool=False
2026-01-01 21:31:04.932 [INFO] [GW -> Client] GI-ME  CA=1, IOA=4392 ValueFloat=0 ValueBool=False
2026-01-01 21:31:04.933 [INFO] [GW -> Client] GI-ME  CA=1, IOA=4394 ValueFloat=131.09401 ValueBool=False
2026-01-01 21:31:04.933 [INFO] [GW -> Client] GI-ME  CA=1, IOA=4396 ValueFloat=65.536 ValueBool=False
2026-01-01 21:31:04.934 [INFO] [GW -> Client] GI-ME  CA=1, IOA=8322 ValueFloat=0 ValueBool=False
2026-01-01 21:31:04.934 [INFO] [GW -> Client] GI-ME  CA=1, IOA=8323 ValueFloat=0 ValueBool=False
2026-01-01 21:32:25.395 [INFO] [IEC104] Connection request from 192.168.2.21
2026-01-01 21:32:25.532 [INFO] [Client->GW] => General Interrogation from SCADA
2026-01-01 21:32:25.543 [INFO] [GW -> Client] GI-ME  CA=1, IOA=4352 ValueFloat=0 ValueBool=False
2026-01-01 21:32:25.545 [INFO] [GW -> Client] GI-ME  CA=1, IOA=4354 ValueFloat=0 ValueBool=False
2026-01-01 21:32:25.546 [INFO] [GW -> Client] GI-ME  CA=1, IOA=4356 ValueFloat=0 ValueBool=False
2026-01-01 21:32:25.547 [INFO] [GW -> Client] GI-ME  CA=1, IOA=4392 ValueFloat=0 ValueBool=False
2026-01-01 21:32:25.547 [INFO] [GW -> Client] GI-ME  CA=1, IOA=4394 ValueFloat=0 ValueBool=False
2026-01-01 21:32:25.548 [INFO] [GW -> Client] GI-ME  CA=1, IOA=4396 ValueFloat=0 ValueBool=False
2026-01-01 21:32:25.549 [INFO] [GW -> Client] GI-ME  CA=1, IOA=8322 ValueFloat=0 ValueBool=False
2026-01-01 21:32:25.549 [INFO] [GW -> Client] GI-ME  CA=1, IOA=8323 ValueFloat=0 ValueBool=False
2026-01-01 21:32:40.559 [INFO] [IEC104] Client 56140151 event = CLOSED
2026-01-01 21:32:41.556 [INFO] [IEC104] Connection request from 192.168.2.21
2026-01-01 21:32:41.649 [INFO] [Client->GW] => General Interrogation from SCADA
2026-01-01 21:32:41.650 [INFO] [GW -> Client] GI-ME  CA=1, IOA=4352 ValueFloat=0 ValueBool=False
2026-01-01 21:32:41.651 [INFO] [GW -> Client] GI-ME  CA=1, IOA=4354 ValueFloat=0 ValueBool=False
2026-01-01 21:32:41.651 [INFO] [GW -> Client] GI-ME  CA=1, IOA=4356 ValueFloat=0 ValueBool=False
2026-01-01 21:32:41.652 [INFO] [GW -> Client] GI-ME  CA=1, IOA=4392 ValueFloat=0 ValueBool=False
2026-01-01 21:32:41.652 [INFO] [GW -> Client] GI-ME  CA=1, IOA=4394 ValueFloat=0 ValueBool=False
2026-01-01 21:32:41.653 [INFO] [GW -> Client] GI-ME  CA=1, IOA=4396 ValueFloat=0 ValueBool=False
2026-01-01 21:32:41.653 [INFO] [GW -> Client] GI-ME  CA=1, IOA=8322 ValueFloat=0 ValueBool=False
2026-01-01 21:32:41.654 [INFO] [GW -> Client] GI-ME  CA=1, IOA=8323 ValueFloat=0 ValueBool=False
2026-01-01 21:32:56.675 [INFO] [IEC104] Client 21647132 event = CLOSED
2026-01-01 21:32:57.683 [INFO] [IEC104] Connection request from 192.168.2.21
2026-01-01 21:32:57.711 [INFO] [Client->GW] => General Interrogation from SCADA
2026-01-01 21:32:57.713 [INFO] [GW -> Client] GI-ME  CA=1, IOA=4352 ValueFloat=65.536 ValueBool=False
2026-01-01 21:32:57.714 [INFO] [GW -> Client] GI-ME  CA=1, IOA=4354 ValueFloat=131.072 ValueBool=False
2026-01-01 21:32:57.714 [INFO] [GW -> Client] GI-ME  CA=1, IOA=4356 ValueFloat=65.685005 ValueBool=False
2026-01-01 21:32:57.715 [INFO] [GW -> Client] GI-ME  CA=1, IOA=4392 ValueFloat=65.723 ValueBool=False
2026-01-01 21:32:57.715 [INFO] [GW -> Client] GI-ME  CA=1, IOA=4394 ValueFloat=65.536 ValueBool=False
2026-01-01 21:32:57.716 [INFO] [GW -> Client] GI-ME  CA=1, IOA=4396 ValueFloat=131.24901 ValueBool=False
2026-01-01 21:32:57.716 [INFO] [GW -> Client] GI-ME  CA=1, IOA=8322 ValueFloat=0 ValueBool=False
2026-01-01 21:32:57.717 [INFO] [GW -> Client] GI-ME  CA=1, IOA=8323 ValueFloat=0 ValueBool=False
2026-01-01 21:33:12.722 [INFO] [IEC104] Client 34717384 event = CLOSED
2026-01-01 21:33:13.737 [INFO] [IEC104] Connection request from 192.168.2.21
2026-01-01 21:33:13.824 [INFO] [Client->GW] => General Interrogation from SCADA
2026-01-01 21:33:13.825 [INFO] [GW -> Client] GI-ME  CA=1, IOA=4352 ValueFloat=65.536 ValueBool=False
2026-01-01 21:33:13.826 [INFO] [GW -> Client] GI-ME  CA=1, IOA=4354 ValueFloat=131.072 ValueBool=False
2026-01-01 21:33:13.826 [INFO] [GW -> Client] GI-ME  CA=1, IOA=4356 ValueFloat=65.685005 ValueBool=False
2026-01-01 21:33:13.827 [INFO] [GW -> Client] GI-ME  CA=1, IOA=4392 ValueFloat=65.723 ValueBool=False
2026-01-01 21:33:13.827 [INFO] [GW -> Client] GI-ME  CA=1, IOA=4394 ValueFloat=65.536 ValueBool=False
2026-01-01 21:33:13.828 [INFO] [GW -> Client] GI-ME  CA=1, IOA=4396 ValueFloat=131.24901 ValueBool=False
2026-01-01 21:33:13.828 [INFO] [GW -> Client] GI-ME  CA=1, IOA=8322 ValueFloat=0 ValueBool=False
2026-01-01 21:33:13.828 [INFO] [GW -> Client] GI-ME  CA=1, IOA=8323 ValueFloat=0 ValueBool=False
2026-01-01 21:33:28.851 [INFO] [IEC104] Client 3196068 event = CLOSED
2026-01-01 21:33:29.872 [INFO] [IEC104] Connection request from 192.168.2.21
2026-01-01 21:33:29.892 [INFO] [Client->GW] => General Interrogation from SCADA
2026-01-01 21:33:29.893 [INFO] [GW -> Client] GI-ME  CA=1, IOA=4352 ValueFloat=0 ValueBool=False
2026-01-01 21:33:29.894 [INFO] [GW -> Client] GI-ME  CA=1, IOA=4354 ValueFloat=131.072 ValueBool=False
2026-01-01 21:33:29.894 [INFO] [GW -> Client] GI-ME  CA=1, IOA=4356 ValueFloat=65.685005 ValueBool=False
2026-01-01 21:33:29.895 [INFO] [GW -> Client] GI-ME  CA=1, IOA=4392 ValueFloat=65.723 ValueBool=False
2026-01-01 21:33:29.895 [INFO] [GW -> Client] GI-ME  CA=1, IOA=4394 ValueFloat=65.536 ValueBool=False
2026-01-01 21:33:29.896 [INFO] [GW -> Client] GI-ME  CA=1, IOA=4396 ValueFloat=131.24901 ValueBool=False
2026-01-01 21:33:29.896 [INFO] [GW -> Client] GI-ME  CA=1, IOA=8322 ValueFloat=0 ValueBool=False
2026-01-01 21:33:29.897 [INFO] [GW -> Client] GI-ME  CA=1, IOA=8323 ValueFloat=0 ValueBool=False
2026-01-01 21:33:44.919 [INFO] [IEC104] Client 24319432 event = CLOSED
2026-01-01 21:33:45.927 [INFO] [IEC104] Connection request from 192.168.2.21
2026-01-01 21:33:45.944 [INFO] [Client->GW] => General Interrogation from SCADA
2026-01-01 21:33:45.946 [INFO] [GW -> Client] GI-ME  CA=1, IOA=4352 ValueFloat=0 ValueBool=False
2026-01-01 21:33:45.947 [INFO] [GW -> Client] GI-ME  CA=1, IOA=4354 ValueFloat=131.072 ValueBool=False
2026-01-01 21:33:45.948 [INFO] [GW -> Client] GI-ME  CA=1, IOA=4356 ValueFloat=65.685005 ValueBool=False
2026-01-01 21:33:45.949 [INFO] [GW -> Client] GI-ME  CA=1, IOA=4392 ValueFloat=65.723 ValueBool=False
2026-01-01 21:33:45.951 [INFO] [GW -> Client] GI-ME  CA=1, IOA=4394 ValueFloat=65.536 ValueBool=False
2026-01-01 21:33:45.951 [INFO] [GW -> Client] GI-ME  CA=1, IOA=4396 ValueFloat=131.24901 ValueBool=False
2026-01-01 21:33:45.952 [INFO] [GW -> Client] GI-ME  CA=1, IOA=8322 ValueFloat=0 ValueBool=False
2026-01-01 21:33:45.952 [INFO] [GW -> Client] GI-ME  CA=1, IOA=8323 ValueFloat=0 ValueBool=False
2026-01-01 21:34:00.976 [INFO] [IEC104] Client 662246 event = CLOSED
2026-01-01 21:34:01.994 [INFO] [IEC104] Connection request from 192.168.2.21
2026-01-01 21:34:02.012 [INFO] [Client->GW] => General Interrogation from SCADA
2026-01-01 21:34:02.013 [INFO] [GW -> Client] GI-ME  CA=1, IOA=4352 ValueFloat=0 ValueBool=False
2026-01-01 21:34:02.014 [INFO] [GW -> Client] GI-ME  CA=1, IOA=4354 ValueFloat=131.072 ValueBool=False
2026-01-01 21:34:02.015 [INFO] [GW -> Client] GI-ME  CA=1, IOA=4356 ValueFloat=65.685005 ValueBool=False
2026-01-01 21:34:02.015 [INFO] [GW -> Client] GI-ME  CA=1, IOA=4392 ValueFloat=65.723 ValueBool=False
2026-01-01 21:34:02.016 [INFO] [GW -> Client] GI-ME  CA=1, IOA=4394 ValueFloat=65.536 ValueBool=False
2026-01-01 21:34:02.017 [INFO] [GW -> Client] GI-ME  CA=1, IOA=4396 ValueFloat=131.24901 ValueBool=False
2026-01-01 21:34:02.018 [INFO] [GW -> Client] GI-ME  CA=1, IOA=8322 ValueFloat=0 ValueBool=False
2026-01-01 21:34:02.018 [INFO] [GW -> Client] GI-ME  CA=1, IOA=8323 ValueFloat=0 ValueBool=False
2026-01-01 21:34:17.021 [INFO] [IEC104] Client 24267179 event = CLOSED
2026-01-01 21:34:18.026 [INFO] [IEC104] Connection request from 192.168.2.21
2026-01-01 21:34:18.089 [INFO] [Client->GW] => General Interrogation from SCADA
2026-01-01 21:34:18.090 [INFO] [GW -> Client] GI-ME  CA=1, IOA=4352 ValueFloat=0 ValueBool=False
2026-01-01 21:34:18.090 [INFO] [GW -> Client] GI-ME  CA=1, IOA=4354 ValueFloat=131.072 ValueBool=False
2026-01-01 21:34:18.091 [INFO] [GW -> Client] GI-ME  CA=1, IOA=4356 ValueFloat=65.685005 ValueBool=False
2026-01-01 21:34:18.091 [INFO] [GW -> Client] GI-ME  CA=1, IOA=4392 ValueFloat=65.723 ValueBool=False
2026-01-01 21:34:18.091 [INFO] [GW -> Client] GI-ME  CA=1, IOA=4394 ValueFloat=65.536 ValueBool=False
2026-01-01 21:34:18.091 [INFO] [GW -> Client] GI-ME  CA=1, IOA=4396 ValueFloat=131.24901 ValueBool=False
2026-01-01 21:34:18.091 [INFO] [GW -> Client] GI-ME  CA=1, IOA=8322 ValueFloat=0 ValueBool=False
2026-01-01 21:34:18.092 [INFO] [GW -> Client] GI-ME  CA=1, IOA=8323 ValueFloat=0 ValueBool=False
2026-01-01 21:34:45.445 [INFO] [IEC104] Client 48436296 event = CLOSED
2026-01-01 21:35:07.036 [INFO] [IEC104] Connection request from 192.168.2.21
2026-01-01 21:35:07.042 [INFO] [IEC104] Connection request from 192.168.2.21
2026-01-01 21:35:07.093 [INFO] [Client->GW] => General Interrogation from SCADA
2026-01-01 21:35:07.094 [INFO] [GW -> Client] GI-ME  CA=1, IOA=4352 ValueFloat=0 ValueBool=False
2026-01-01 21:35:07.096 [INFO] [GW -> Client] GI-ME  CA=1, IOA=4354 ValueFloat=131.072 ValueBool=False
2026-01-01 21:35:07.097 [INFO] [GW -> Client] GI-ME  CA=1, IOA=4356 ValueFloat=65.685005 ValueBool=False
2026-01-01 21:35:07.102 [INFO] [GW -> Client] GI-ME  CA=1, IOA=4392 ValueFloat=65.723 ValueBool=False
2026-01-01 21:35:07.103 [INFO] [GW -> Client] GI-ME  CA=1, IOA=4394 ValueFloat=65.536 ValueBool=False
2026-01-01 21:35:07.107 [INFO] [GW -> Client] GI-ME  CA=1, IOA=4396 ValueFloat=131.24901 ValueBool=False
2026-01-01 21:35:07.107 [INFO] [GW -> Client] GI-ME  CA=1, IOA=8322 ValueFloat=0 ValueBool=False
2026-01-01 21:35:07.107 [INFO] [GW -> Client] GI-ME  CA=1, IOA=8323 ValueFloat=0 ValueBool=False
2026-01-01 21:35:07.121 [INFO] [IEC104] Client 27772559 event = CLOSED
2026-01-01 21:35:22.113 [INFO] [IEC104] Client 1739147 event = CLOSED
2026-01-01 21:35:23.128 [INFO] [IEC104] Connection request from 192.168.2.21
2026-01-01 21:35:23.148 [INFO] [Client->GW] => General Interrogation from SCADA
2026-01-01 21:35:23.149 [INFO] [GW -> Client] GI-ME  CA=1, IOA=4352 ValueFloat=0 ValueBool=False
2026-01-01 21:35:23.151 [INFO] [GW -> Client] GI-ME  CA=1, IOA=4354 ValueFloat=131.072 ValueBool=False
2026-01-01 21:35:23.151 [INFO] [GW -> Client] GI-ME  CA=1, IOA=4356 ValueFloat=65.685005 ValueBool=False
2026-01-01 21:35:23.152 [INFO] [GW -> Client] GI-ME  CA=1, IOA=4392 ValueFloat=65.723 ValueBool=False
2026-01-01 21:35:23.152 [INFO] [GW -> Client] GI-ME  CA=1, IOA=4394 ValueFloat=65.536 ValueBool=False
2026-01-01 21:35:23.153 [INFO] [GW -> Client] GI-ME  CA=1, IOA=4396 ValueFloat=131.24901 ValueBool=False
2026-01-01 21:35:23.153 [INFO] [GW -> Client] GI-ME  CA=1, IOA=8322 ValueFloat=0 ValueBool=False
2026-01-01 21:35:23.154 [INFO] [GW -> Client] GI-ME  CA=1, IOA=8323 ValueFloat=0 ValueBool=False
2026-01-01 21:35:38.185 [INFO] [IEC104] Client 61466813 event = CLOSED
2026-01-01 21:35:39.190 [INFO] [IEC104] Connection request from 192.168.2.21
2026-01-01 21:35:39.215 [INFO] [Client->GW] => General Interrogation from SCADA
2026-01-01 21:35:39.217 [INFO] [GW -> Client] GI-ME  CA=1, IOA=4352 ValueFloat=0 ValueBool=False
2026-01-01 21:36:12.472 [INFO] [GW -> Client] GI-ME  CA=1, IOA=4354 ValueFloat=131.072 ValueBool=False
2026-01-01 21:36:12.477 [INFO] [IEC104] Client 1504252 event = CLOSED
2026-01-01 21:36:12.530 [INFO] [GW -> Client] GI-ME  CA=1, IOA=4392 ValueFloat=65.723 ValueBool=False
2026-01-01 21:36:12.530 [INFO] [GW -> Client] GI-ME  CA=1, IOA=4394 ValueFloat=65.536 ValueBool=False
2026-01-01 21:36:12.531 [INFO] [GW -> Client] GI-ME  CA=1, IOA=4396 ValueFloat=131.24901 ValueBool=False
2026-01-01 21:36:12.531 [INFO] [GW -> Client] GI-ME  CA=1, IOA=8322 ValueFloat=0 ValueBool=False
2026-01-01 21:36:12.531 [INFO] [GW -> Client] GI-ME  CA=1, IOA=8323 ValueFloat=0 ValueBool=False
2026-01-01 21:38:19.523 [INFO] [IEC104] Connection request from 192.168.2.21
2026-01-01 21:38:19.636 [INFO] [Client->GW] => General Interrogation from SCADA
2026-01-01 21:38:19.652 [INFO] [GW -> Client] GI-ME  CA=1, IOA=4352 ValueFloat=0 ValueBool=False
2026-01-01 21:38:19.656 [INFO] [GW -> Client] GI-ME  CA=1, IOA=4354 ValueFloat=131.104 ValueBool=False
2026-01-01 21:38:19.657 [INFO] [GW -> Client] GI-ME  CA=1, IOA=4356 ValueFloat=65.619 ValueBool=False
2026-01-01 21:38:19.657 [INFO] [GW -> Client] GI-ME  CA=1, IOA=4392 ValueFloat=65.536 ValueBool=False
2026-01-01 21:38:19.658 [INFO] [GW -> Client] GI-ME  CA=1, IOA=4394 ValueFloat=65.54 ValueBool=False
2026-01-01 21:38:19.658 [INFO] [GW -> Client] GI-ME  CA=1, IOA=4396 ValueFloat=65.638 ValueBool=False
2026-01-01 21:38:19.659 [INFO] [GW -> Client] GI-ME  CA=1, IOA=8322 ValueFloat=0 ValueBool=False
2026-01-01 21:38:19.659 [INFO] [GW -> Client] GI-ME  CA=1, IOA=8323 ValueFloat=0 ValueBool=False
2026-01-01 21:38:34.676 [INFO] [IEC104] Client 49538252 event = CLOSED
2026-01-01 21:38:35.686 [INFO] [IEC104] Connection request from 192.168.2.21
2026-01-01 21:38:35.704 [INFO] [Client->GW] => General Interrogation from SCADA
2026-01-01 21:38:35.706 [INFO] [GW -> Client] GI-ME  CA=1, IOA=4352 ValueFloat=0 ValueBool=False
2026-01-01 21:38:42.485 [INFO] [GW -> Client] GI-ME  CA=1, IOA=4354 ValueFloat=131.104 ValueBool=False
2026-01-01 21:38:42.486 [INFO] [GW -> Client] GI-ME  CA=1, IOA=4356 ValueFloat=65.619 ValueBool=False
2026-01-01 21:38:42.486 [INFO] [GW -> Client] GI-ME  CA=1, IOA=4392 ValueFloat=65.536 ValueBool=False
2026-01-01 21:38:42.486 [INFO] [GW -> Client] GI-ME  CA=1, IOA=4394 ValueFloat=65.54 ValueBool=False
2026-01-01 21:38:42.486 [INFO] [GW -> Client] GI-ME  CA=1, IOA=4396 ValueFloat=65.638 ValueBool=False
2026-01-01 21:38:42.487 [INFO] [GW -> Client] GI-ME  CA=1, IOA=8322 ValueFloat=0 ValueBool=False
2026-01-01 21:38:42.487 [INFO] [GW -> Client] GI-ME  CA=1, IOA=8323 ValueFloat=0 ValueBool=False
2026-01-01 21:38:57.504 [INFO] [IEC104] Client 6451435 event = CLOSED
2026-01-01 21:38:58.519 [INFO] [IEC104] Connection request from 192.168.2.21
2026-01-01 21:38:58.582 [INFO] [Client->GW] => General Interrogation from SCADA
2026-01-01 21:38:58.583 [INFO] [GW -> Client] GI-ME  CA=1, IOA=4352 ValueFloat=0 ValueBool=False
2026-01-01 21:38:58.583 [INFO] [GW -> Client] GI-ME  CA=1, IOA=4354 ValueFloat=131.104 ValueBool=False
2026-01-01 21:38:58.583 [INFO] [GW -> Client] GI-ME  CA=1, IOA=4356 ValueFloat=65.619 ValueBool=False
2026-01-01 21:38:58.584 [INFO] [GW -> Client] GI-ME  CA=1, IOA=4392 ValueFloat=65.536 ValueBool=False
2026-01-01 21:38:58.584 [INFO] [GW -> Client] GI-ME  CA=1, IOA=4394 ValueFloat=65.54 ValueBool=False
2026-01-01 21:38:58.584 [INFO] [GW -> Client] GI-ME  CA=1, IOA=4396 ValueFloat=65.638 ValueBool=False
2026-01-01 21:38:58.584 [INFO] [GW -> Client] GI-ME  CA=1, IOA=8322 ValueFloat=0 ValueBool=False
2026-01-01 21:38:58.585 [INFO] [GW -> Client] GI-ME  CA=1, IOA=8323 ValueFloat=0 ValueBool=False
2026-01-01 21:39:13.609 [INFO] [IEC104] Client 36865354 event = CLOSED
2026-01-01 21:39:14.626 [INFO] [IEC104] Connection request from 192.168.2.21
2026-01-01 21:39:14.635 [INFO] [Client->GW] => General Interrogation from SCADA
2026-01-01 21:39:14.635 [INFO] [GW -> Client] GI-ME  CA=1, IOA=4352 ValueFloat=0 ValueBool=False
2026-01-01 21:39:21.028 [INFO] [GW -> Client] GI-ME  CA=1, IOA=4354 ValueFloat=131.104 ValueBool=False
2026-01-01 21:39:21.030 [INFO] [GW -> Client] GI-ME  CA=1, IOA=4356 ValueFloat=65.619 ValueBool=False
2026-01-01 21:39:21.040 [INFO] [GW -> Client] GI-ME  CA=1, IOA=4392 ValueFloat=65.536 ValueBool=False
2026-01-01 21:39:21.040 [INFO] [GW -> Client] GI-ME  CA=1, IOA=4394 ValueFloat=65.54 ValueBool=False
2026-01-01 21:39:21.043 [INFO] [GW -> Client] GI-ME  CA=1, IOA=4396 ValueFloat=65.638 ValueBool=False
2026-01-01 21:39:21.044 [INFO] [GW -> Client] GI-ME  CA=1, IOA=8322 ValueFloat=0 ValueBool=False
2026-01-01 21:39:21.044 [INFO] [GW -> Client] GI-ME  CA=1, IOA=8323 ValueFloat=0 ValueBool=False
2026-01-01 21:39:36.051 [INFO] [IEC104] Client 56772630 event = CLOSED
2026-01-01 21:39:37.061 [INFO] [IEC104] Connection request from 192.168.2.21
2026-01-01 21:39:37.076 [INFO] [Client->GW] => General Interrogation from SCADA
2026-01-01 21:39:37.077 [INFO] [GW -> Client] GI-ME  CA=1, IOA=4352 ValueFloat=0 ValueBool=False
2026-01-01 21:39:37.077 [INFO] [GW -> Client] GI-ME  CA=1, IOA=4354 ValueFloat=131.104 ValueBool=False
2026-01-01 21:39:37.077 [INFO] [GW -> Client] GI-ME  CA=1, IOA=4356 ValueFloat=65.619 ValueBool=False
2026-01-01 21:39:37.078 [INFO] [GW -> Client] GI-ME  CA=1, IOA=4392 ValueFloat=65.536 ValueBool=False
2026-01-01 21:39:37.078 [INFO] [GW -> Client] GI-ME  CA=1, IOA=4394 ValueFloat=65.54 ValueBool=False
2026-01-01 21:39:37.078 [INFO] [GW -> Client] GI-ME  CA=1, IOA=4396 ValueFloat=65.638 ValueBool=False
2026-01-01 21:39:37.078 [INFO] [GW -> Client] GI-ME  CA=1, IOA=8322 ValueFloat=0 ValueBool=False
2026-01-01 21:39:37.078 [INFO] [GW -> Client] GI-ME  CA=1, IOA=8323 ValueFloat=0 ValueBool=False
2026-01-01 21:40:43.686 [INFO] [IEC104] Connection request from 192.168.2.21
2026-01-01 21:40:43.780 [INFO] [Client->GW] => General Interrogation from SCADA
2026-01-01 21:40:43.787 [INFO] [GW -> Client] GI-ME  CA=1, IOA=4352 ValueFloat=131.072 ValueBool=False
2026-01-01 21:40:43.787 [INFO] [GW -> Client] GI-ME  CA=1, IOA=4354 ValueFloat=0.14 ValueBool=False
2026-01-01 21:40:43.788 [INFO] [GW -> Client] GI-ME  CA=1, IOA=4356 ValueFloat=0.2 ValueBool=False
2026-01-01 21:40:43.788 [INFO] [GW -> Client] GI-ME  CA=1, IOA=4392 ValueFloat=131.153 ValueBool=False
2026-01-01 21:40:43.788 [INFO] [GW -> Client] GI-ME  CA=1, IOA=4394 ValueFloat=131.154 ValueBool=False
2026-01-01 21:40:43.788 [INFO] [GW -> Client] GI-ME  CA=1, IOA=4396 ValueFloat=131.145 ValueBool=False
2026-01-01 21:40:43.788 [INFO] [GW -> Client] GI-ME  CA=1, IOA=8322 ValueFloat=0 ValueBool=False
2026-01-01 21:40:43.789 [INFO] [GW -> Client] GI-ME  CA=1, IOA=8323 ValueFloat=0 ValueBool=False
2026-01-01 21:40:58.800 [INFO] [IEC104] Client 42931033 event = CLOSED
2026-01-01 21:40:59.809 [INFO] [IEC104] Connection request from 192.168.2.21
2026-01-01 21:40:59.872 [INFO] [Client->GW] => General Interrogation from SCADA
2026-01-01 21:40:59.872 [INFO] [GW -> Client] GI-ME  CA=1, IOA=4352 ValueFloat=131.072 ValueBool=False
2026-01-01 21:40:59.873 [INFO] [GW -> Client] GI-ME  CA=1, IOA=4354 ValueFloat=0.14 ValueBool=False
2026-01-01 21:40:59.874 [INFO] [GW -> Client] GI-ME  CA=1, IOA=4356 ValueFloat=0.2 ValueBool=False
2026-01-01 21:40:59.874 [INFO] [GW -> Client] GI-ME  CA=1, IOA=4392 ValueFloat=131.153 ValueBool=False
2026-01-01 21:40:59.874 [INFO] [GW -> Client] GI-ME  CA=1, IOA=4394 ValueFloat=131.154 ValueBool=False
2026-01-01 21:40:59.874 [INFO] [GW -> Client] GI-ME  CA=1, IOA=4396 ValueFloat=131.145 ValueBool=False
2026-01-01 21:40:59.874 [INFO] [GW -> Client] GI-ME  CA=1, IOA=8322 ValueFloat=0 ValueBool=False
2026-01-01 21:40:59.875 [INFO] [GW -> Client] GI-ME  CA=1, IOA=8323 ValueFloat=0 ValueBool=False
2026-01-01 21:41:14.903 [INFO] [IEC104] Client 21647132 event = CLOSED
2026-01-01 21:41:15.918 [INFO] [IEC104] Connection request from 192.168.2.21
2026-01-01 21:41:15.981 [INFO] [Client->GW] => General Interrogation from SCADA
2026-01-01 21:41:15.982 [INFO] [GW -> Client] GI-ME  CA=1, IOA=4352 ValueFloat=131.072 ValueBool=False
2026-01-01 21:41:15.982 [INFO] [GW -> Client] GI-ME  CA=1, IOA=4354 ValueFloat=0.14 ValueBool=False
2026-01-01 21:41:15.983 [INFO] [GW -> Client] GI-ME  CA=1, IOA=4356 ValueFloat=0.2 ValueBool=False
2026-01-01 21:41:15.983 [INFO] [GW -> Client] GI-ME  CA=1, IOA=4392 ValueFloat=131.153 ValueBool=False
2026-01-01 21:41:15.983 [INFO] [GW -> Client] GI-ME  CA=1, IOA=4394 ValueFloat=131.154 ValueBool=False
2026-01-01 21:41:15.984 [INFO] [GW -> Client] GI-ME  CA=1, IOA=4396 ValueFloat=131.145 ValueBool=False
2026-01-01 21:41:15.984 [INFO] [GW -> Client] GI-ME  CA=1, IOA=8322 ValueFloat=0 ValueBool=False
2026-01-01 21:41:15.984 [INFO] [GW -> Client] GI-ME  CA=1, IOA=8323 ValueFloat=0 ValueBool=False
2026-01-01 21:41:30.996 [INFO] [IEC104] Client 34717384 event = CLOSED
2026-01-01 21:41:31.999 [INFO] [IEC104] Connection request from 192.168.2.21
2026-01-01 21:41:32.061 [INFO] [Client->GW] => General Interrogation from SCADA
2026-01-01 21:41:32.062 [INFO] [GW -> Client] GI-ME  CA=1, IOA=4352 ValueFloat=0 ValueBool=False
2026-01-01 21:41:32.063 [INFO] [GW -> Client] GI-ME  CA=1, IOA=4354 ValueFloat=0.14 ValueBool=False
2026-01-01 21:41:32.063 [INFO] [GW -> Client] GI-ME  CA=1, IOA=4356 ValueFloat=0.2 ValueBool=False
2026-01-01 21:41:32.063 [INFO] [GW -> Client] GI-ME  CA=1, IOA=4392 ValueFloat=131.153 ValueBool=False
2026-01-01 21:41:32.063 [INFO] [GW -> Client] GI-ME  CA=1, IOA=4394 ValueFloat=131.154 ValueBool=False
2026-01-01 21:41:32.064 [INFO] [GW -> Client] GI-ME  CA=1, IOA=4396 ValueFloat=131.145 ValueBool=False
2026-01-01 21:41:32.064 [INFO] [GW -> Client] GI-ME  CA=1, IOA=8322 ValueFloat=0 ValueBool=False
2026-01-01 21:41:32.064 [INFO] [GW -> Client] GI-ME  CA=1, IOA=8323 ValueFloat=0 ValueBool=False
2026-01-01 21:41:47.084 [INFO] [IEC104] Client 43694208 event = CLOSED
2026-01-01 21:41:48.099 [INFO] [IEC104] Connection request from 192.168.2.21
2026-01-01 21:41:48.176 [INFO] [Client->GW] => General Interrogation from SCADA
2026-01-01 21:41:48.177 [INFO] [GW -> Client] GI-ME  CA=1, IOA=4352 ValueFloat=0 ValueBool=False
2026-01-01 21:41:48.177 [INFO] [GW -> Client] GI-ME  CA=1, IOA=4354 ValueFloat=0.14 ValueBool=False
2026-01-01 21:41:48.178 [INFO] [GW -> Client] GI-ME  CA=1, IOA=4356 ValueFloat=0.2 ValueBool=False
2026-01-01 21:41:48.178 [INFO] [GW -> Client] GI-ME  CA=1, IOA=4392 ValueFloat=131.153 ValueBool=False
2026-01-01 21:41:48.178 [INFO] [GW -> Client] GI-ME  CA=1, IOA=4394 ValueFloat=131.154 ValueBool=False
2026-01-01 21:41:48.179 [INFO] [GW -> Client] GI-ME  CA=1, IOA=4396 ValueFloat=131.145 ValueBool=False
2026-01-01 21:41:48.179 [INFO] [GW -> Client] GI-ME  CA=1, IOA=8322 ValueFloat=0 ValueBool=False
2026-01-01 21:41:48.180 [INFO] [GW -> Client] GI-ME  CA=1, IOA=8323 ValueFloat=0 ValueBool=False
2026-01-01 21:42:03.184 [INFO] [IEC104] Client 750456 event = CLOSED
2026-01-01 21:42:04.189 [INFO] [IEC104] Connection request from 192.168.2.21
2026-01-01 21:42:04.211 [INFO] [Client->GW] => General Interrogation from SCADA
2026-01-01 21:42:04.213 [INFO] [GW -> Client] GI-ME  CA=1, IOA=4352 ValueFloat=0 ValueBool=False
2026-01-01 21:42:04.213 [INFO] [GW -> Client] GI-ME  CA=1, IOA=4354 ValueFloat=0.14 ValueBool=False
2026-01-01 21:42:04.214 [INFO] [GW -> Client] GI-ME  CA=1, IOA=4356 ValueFloat=0.2 ValueBool=False
2026-01-01 21:42:04.215 [INFO] [GW -> Client] GI-ME  CA=1, IOA=4392 ValueFloat=131.153 ValueBool=False
2026-01-01 21:42:04.215 [INFO] [GW -> Client] GI-ME  CA=1, IOA=4394 ValueFloat=131.154 ValueBool=False
2026-01-01 21:42:04.216 [INFO] [GW -> Client] GI-ME  CA=1, IOA=4396 ValueFloat=131.145 ValueBool=False
2026-01-01 21:42:04.217 [INFO] [GW -> Client] GI-ME  CA=1, IOA=8322 ValueFloat=0 ValueBool=False
2026-01-01 21:42:04.217 [INFO] [GW -> Client] GI-ME  CA=1, IOA=8323 ValueFloat=0 ValueBool=False
2026-01-01 21:42:19.237 [INFO] [IEC104] Client 662246 event = CLOSED
2026-01-01 21:42:20.255 [INFO] [IEC104] Connection request from 192.168.2.21
2026-01-01 21:42:20.273 [INFO] [Client->GW] => General Interrogation from SCADA
2026-01-01 21:42:20.274 [INFO] [GW -> Client] GI-ME  CA=1, IOA=4352 ValueFloat=0 ValueBool=False
2026-01-01 21:42:20.274 [INFO] [GW -> Client] GI-ME  CA=1, IOA=4354 ValueFloat=0 ValueBool=False
2026-01-01 21:42:20.275 [INFO] [GW -> Client] GI-ME  CA=1, IOA=4356 ValueFloat=0 ValueBool=False
2026-01-01 21:42:20.275 [INFO] [GW -> Client] GI-ME  CA=1, IOA=4392 ValueFloat=0 ValueBool=False
2026-01-01 21:42:20.275 [INFO] [GW -> Client] GI-ME  CA=1, IOA=4394 ValueFloat=0 ValueBool=False
2026-01-01 21:42:20.275 [INFO] [GW -> Client] GI-ME  CA=1, IOA=4396 ValueFloat=0 ValueBool=False
2026-01-01 21:42:20.275 [INFO] [GW -> Client] GI-ME  CA=1, IOA=8322 ValueFloat=0 ValueBool=False
2026-01-01 21:42:20.276 [INFO] [GW -> Client] GI-ME  CA=1, IOA=8323 ValueFloat=0 ValueBool=False
2026-01-01 21:42:35.293 [INFO] [IEC104] Client 24267179 event = CLOSED
2026-01-01 21:42:36.309 [INFO] [IEC104] Connection request from 192.168.2.21
2026-01-01 21:42:36.328 [INFO] [Client->GW] => General Interrogation from SCADA
2026-01-01 21:42:36.328 [INFO] [GW -> Client] GI-ME  CA=1, IOA=4352 ValueFloat=0 ValueBool=False
2026-01-01 21:42:36.329 [INFO] [GW -> Client] GI-ME  CA=1, IOA=4354 ValueFloat=0 ValueBool=False
2026-01-01 21:42:36.330 [INFO] [GW -> Client] GI-ME  CA=1, IOA=4356 ValueFloat=0 ValueBool=False
2026-01-01 21:42:36.330 [INFO] [GW -> Client] GI-ME  CA=1, IOA=4392 ValueFloat=0 ValueBool=False
2026-01-01 21:42:36.331 [INFO] [GW -> Client] GI-ME  CA=1, IOA=4394 ValueFloat=0 ValueBool=False
2026-01-01 21:42:36.331 [INFO] [GW -> Client] GI-ME  CA=1, IOA=4396 ValueFloat=0 ValueBool=False
2026-01-01 21:42:36.332 [INFO] [GW -> Client] GI-ME  CA=1, IOA=8322 ValueFloat=0 ValueBool=False
2026-01-01 21:42:36.333 [INFO] [GW -> Client] GI-ME  CA=1, IOA=8323 ValueFloat=0 ValueBool=False
2026-01-01 21:42:51.347 [INFO] [IEC104] Client 56691795 event = CLOSED
2026-01-01 21:42:52.362 [INFO] [IEC104] Connection request from 192.168.2.21
2026-01-01 21:42:52.376 [INFO] [Client->GW] => General Interrogation from SCADA
2026-01-01 21:42:52.377 [INFO] [GW -> Client] GI-ME  CA=1, IOA=4352 ValueFloat=0 ValueBool=False
2026-01-01 21:42:52.377 [INFO] [GW -> Client] GI-ME  CA=1, IOA=4354 ValueFloat=0 ValueBool=False
2026-01-01 21:42:52.378 [INFO] [GW -> Client] GI-ME  CA=1, IOA=4356 ValueFloat=0 ValueBool=False
2026-01-01 21:42:52.379 [INFO] [GW -> Client] GI-ME  CA=1, IOA=4392 ValueFloat=0 ValueBool=False
2026-01-01 21:42:52.380 [INFO] [GW -> Client] GI-ME  CA=1, IOA=4394 ValueFloat=0 ValueBool=False
2026-01-01 21:42:52.381 [INFO] [GW -> Client] GI-ME  CA=1, IOA=4396 ValueFloat=0 ValueBool=False
2026-01-01 21:42:52.382 [INFO] [GW -> Client] GI-ME  CA=1, IOA=8322 ValueFloat=0 ValueBool=False
2026-01-01 21:42:52.383 [INFO] [GW -> Client] GI-ME  CA=1, IOA=8323 ValueFloat=0 ValueBool=False
2026-01-01 21:43:07.400 [INFO] [IEC104] Client 9781437 event = CLOSED
2026-01-01 21:43:08.417 [INFO] [IEC104] Connection request from 192.168.2.21
2026-01-01 21:43:08.495 [INFO] [Client->GW] => General Interrogation from SCADA
2026-01-01 21:43:08.496 [INFO] [GW -> Client] GI-ME  CA=1, IOA=4352 ValueFloat=65.69601 ValueBool=False
2026-01-01 21:43:08.496 [INFO] [GW -> Client] GI-ME  CA=1, IOA=4354 ValueFloat=65.62 ValueBool=False
2026-01-01 21:43:08.496 [INFO] [GW -> Client] GI-ME  CA=1, IOA=4356 ValueFloat=0 ValueBool=False
2026-01-01 21:43:08.497 [INFO] [GW -> Client] GI-ME  CA=1, IOA=4392 ValueFloat=0 ValueBool=False
2026-01-01 21:43:08.497 [INFO] [GW -> Client] GI-ME  CA=1, IOA=4394 ValueFloat=0 ValueBool=False
2026-01-01 21:43:08.497 [INFO] [GW -> Client] GI-ME  CA=1, IOA=4396 ValueFloat=65.605 ValueBool=False
2026-01-01 21:43:08.497 [INFO] [GW -> Client] GI-ME  CA=1, IOA=8322 ValueFloat=0 ValueBool=False
2026-01-01 21:43:08.497 [INFO] [GW -> Client] GI-ME  CA=1, IOA=8323 ValueFloat=0 ValueBool=False
2026-01-01 21:43:23.503 [INFO] [IEC104] Client 10893951 event = CLOSED
2026-01-01 21:43:24.514 [INFO] [IEC104] Connection request from 192.168.2.21
2026-01-01 21:43:24.532 [INFO] [Client->GW] => General Interrogation from SCADA
2026-01-01 21:43:24.533 [INFO] [GW -> Client] GI-ME  CA=1, IOA=4352 ValueFloat=65.69601 ValueBool=False
2026-01-01 21:43:24.533 [INFO] [GW -> Client] GI-ME  CA=1, IOA=4354 ValueFloat=65.62 ValueBool=False
2026-01-01 21:43:24.534 [INFO] [GW -> Client] GI-ME  CA=1, IOA=4356 ValueFloat=0 ValueBool=False
2026-01-01 21:43:24.534 [INFO] [GW -> Client] GI-ME  CA=1, IOA=4392 ValueFloat=0 ValueBool=False
2026-01-01 21:43:24.535 [INFO] [GW -> Client] GI-ME  CA=1, IOA=4394 ValueFloat=0 ValueBool=False
2026-01-01 21:43:24.535 [INFO] [GW -> Client] GI-ME  CA=1, IOA=4396 ValueFloat=65.605 ValueBool=False
2026-01-01 21:43:24.535 [INFO] [GW -> Client] GI-ME  CA=1, IOA=8322 ValueFloat=0 ValueBool=False
2026-01-01 21:43:24.536 [INFO] [GW -> Client] GI-ME  CA=1, IOA=8323 ValueFloat=0 ValueBool=False
2026-01-01 21:43:39.560 [INFO] [IEC104] Client 64133568 event = CLOSED
2026-01-01 21:43:40.576 [INFO] [IEC104] Connection request from 192.168.2.21
2026-01-01 21:43:40.592 [INFO] [Client->GW] => General Interrogation from SCADA
2026-01-01 21:43:40.593 [INFO] [GW -> Client] GI-ME  CA=1, IOA=4352 ValueFloat=852.23004 ValueBool=False
2026-01-01 21:43:40.593 [INFO] [GW -> Client] GI-ME  CA=1, IOA=4354 ValueFloat=721.385 ValueBool=False
2026-01-01 21:43:40.594 [INFO] [GW -> Client] GI-ME  CA=1, IOA=4356 ValueFloat=721.63806 ValueBool=False
2026-01-01 21:43:40.594 [INFO] [GW -> Client] GI-ME  CA=1, IOA=4392 ValueFloat=524.62604 ValueBool=False
2026-01-01 21:43:40.595 [INFO] [GW -> Client] GI-ME  CA=1, IOA=4394 ValueFloat=787.74207 ValueBool=False
2026-01-01 21:43:40.595 [INFO] [GW -> Client] GI-ME  CA=1, IOA=4396 ValueFloat=984.18604 ValueBool=False
2026-01-01 21:43:40.596 [INFO] [GW -> Client] GI-ME  CA=1, IOA=8322 ValueFloat=0 ValueBool=False
2026-01-01 21:43:40.596 [INFO] [GW -> Client] GI-ME  CA=1, IOA=8323 ValueFloat=0 ValueBool=False
2026-01-01 21:43:55.628 [INFO] [IEC104] Client 18194402 event = CLOSED
2026-01-01 21:43:56.638 [INFO] [IEC104] Connection request from 192.168.2.21
2026-01-01 21:43:56.655 [INFO] [Client->GW] => General Interrogation from SCADA
2026-01-01 21:43:56.655 [INFO] [GW -> Client] GI-ME  CA=1, IOA=4352 ValueFloat=1704.477 ValueBool=False
2026-01-01 21:43:56.656 [INFO] [GW -> Client] GI-ME  CA=1, IOA=4354 ValueFloat=1442.4451 ValueBool=False
2026-01-01 21:43:56.656 [INFO] [GW -> Client] GI-ME  CA=1, IOA=4356 ValueFloat=1638.7131 ValueBool=False
2026-01-01 21:43:56.657 [INFO] [GW -> Client] GI-ME  CA=1, IOA=4392 ValueFloat=1442.0491 ValueBool=False
2026-01-01 21:43:56.658 [INFO] [GW -> Client] GI-ME  CA=1, IOA=4394 ValueFloat=1902.149 ValueBool=False
2026-01-01 21:43:56.658 [INFO] [GW -> Client] GI-ME  CA=1, IOA=4396 ValueFloat=1705.2771 ValueBool=False
2026-01-01 21:43:56.659 [INFO] [GW -> Client] GI-ME  CA=1, IOA=8322 ValueFloat=0 ValueBool=False
2026-01-01 21:43:56.659 [INFO] [GW -> Client] GI-ME  CA=1, IOA=8323 ValueFloat=0 ValueBool=False
2026-01-01 21:44:11.678 [INFO] [IEC104] Client 5741017 event = CLOSED
2026-01-01 21:44:12.684 [INFO] [IEC104] Connection request from 192.168.2.21
2026-01-01 21:44:12.762 [INFO] [Client->GW] => General Interrogation from SCADA
2026-01-01 21:44:12.764 [INFO] [GW -> Client] GI-ME  CA=1, IOA=4352 ValueFloat=1704.477 ValueBool=False
2026-01-01 21:44:12.765 [INFO] [GW -> Client] GI-ME  CA=1, IOA=4354 ValueFloat=1442.4451 ValueBool=False
2026-01-01 21:44:12.765 [INFO] [GW -> Client] GI-ME  CA=1, IOA=4356 ValueFloat=1638.7131 ValueBool=False
2026-01-01 21:44:12.765 [INFO] [GW -> Client] GI-ME  CA=1, IOA=4392 ValueFloat=1442.0491 ValueBool=False
2026-01-01 21:44:12.765 [INFO] [GW -> Client] GI-ME  CA=1, IOA=4394 ValueFloat=1902.149 ValueBool=False
2026-01-01 21:44:12.766 [INFO] [GW -> Client] GI-ME  CA=1, IOA=4396 ValueFloat=1705.2771 ValueBool=False
2026-01-01 21:44:12.766 [INFO] [GW -> Client] GI-ME  CA=1, IOA=8322 ValueFloat=0 ValueBool=False
2026-01-01 21:44:12.766 [INFO] [GW -> Client] GI-ME  CA=1, IOA=8323 ValueFloat=0 ValueBool=False
2026-01-01 21:45:25.310 [INFO] [IEC104] Connection request from 192.168.2.21
2026-01-01 21:45:25.413 [INFO] [Client->GW] => General Interrogation from SCADA
2026-01-01 21:45:25.423 [INFO] [GW -> Client] GI-ME  CA=1, IOA=4352 ValueFloat=3605.6873 ValueBool=False
2026-01-01 21:45:25.426 [INFO] [GW -> Client] GI-ME  CA=1, IOA=4354 ValueFloat=3146.2493 ValueBool=False
2026-01-01 21:45:25.426 [INFO] [GW -> Client] GI-ME  CA=1, IOA=4356 ValueFloat=3016.778 ValueBool=False
2026-01-01 21:45:25.427 [INFO] [GW -> Client] GI-ME  CA=1, IOA=4392 ValueFloat=2818.3142 ValueBool=False
2026-01-01 21:45:25.427 [INFO] [GW -> Client] GI-ME  CA=1, IOA=4394 ValueFloat=3409.2603 ValueBool=False
2026-01-01 21:45:25.428 [INFO] [GW -> Client] GI-ME  CA=1, IOA=4396 ValueFloat=3016.07 ValueBool=False
2026-01-01 21:45:25.428 [INFO] [GW -> Client] GI-ME  CA=1, IOA=8322 ValueFloat=0 ValueBool=False
2026-01-01 21:45:25.429 [INFO] [GW -> Client] GI-ME  CA=1, IOA=8323 ValueFloat=0 ValueBool=False
2026-01-01 21:45:40.456 [INFO] [IEC104] Client 42931033 event = CLOSED
2026-01-01 21:45:41.465 [INFO] [IEC104] Connection request from 192.168.2.21
2026-01-01 21:45:41.483 [INFO] [Client->GW] => General Interrogation from SCADA
2026-01-01 21:45:41.483 [INFO] [GW -> Client] GI-ME  CA=1, IOA=4352 ValueFloat=3605.6873 ValueBool=False
2026-01-01 21:45:41.484 [INFO] [GW -> Client] GI-ME  CA=1, IOA=4354 ValueFloat=3146.2493 ValueBool=False
2026-01-01 21:45:41.484 [INFO] [GW -> Client] GI-ME  CA=1, IOA=4356 ValueFloat=3016.778 ValueBool=False
2026-01-01 21:45:41.484 [INFO] [GW -> Client] GI-ME  CA=1, IOA=4392 ValueFloat=2818.3142 ValueBool=False
2026-01-01 21:45:41.484 [INFO] [GW -> Client] GI-ME  CA=1, IOA=4394 ValueFloat=3409.2603 ValueBool=False
2026-01-01 21:45:41.484 [INFO] [GW -> Client] GI-ME  CA=1, IOA=4396 ValueFloat=3016.07 ValueBool=False
2026-01-01 21:45:41.485 [INFO] [GW -> Client] GI-ME  CA=1, IOA=8322 ValueFloat=0 ValueBool=False
2026-01-01 21:45:41.485 [INFO] [GW -> Client] GI-ME  CA=1, IOA=8323 ValueFloat=0 ValueBool=False
2026-01-01 21:45:56.494 [INFO] [IEC104] Client 21647132 event = CLOSED
2026-01-01 21:45:57.503 [INFO] [IEC104] Connection request from 192.168.2.21
2026-01-01 21:45:57.566 [INFO] [Client->GW] => General Interrogation from SCADA
2026-01-01 21:45:57.567 [INFO] [GW -> Client] GI-ME  CA=1, IOA=4352 ValueFloat=3605.6873 ValueBool=False
2026-01-01 21:45:57.568 [INFO] [GW -> Client] GI-ME  CA=1, IOA=4354 ValueFloat=3146.2493 ValueBool=False
2026-01-01 21:45:57.568 [INFO] [GW -> Client] GI-ME  CA=1, IOA=4356 ValueFloat=3016.778 ValueBool=False
2026-01-01 21:45:57.568 [INFO] [GW -> Client] GI-ME  CA=1, IOA=4392 ValueFloat=2818.3142 ValueBool=False
2026-01-01 21:45:57.569 [INFO] [GW -> Client] GI-ME  CA=1, IOA=4394 ValueFloat=3409.2603 ValueBool=False
2026-01-01 21:45:57.569 [INFO] [GW -> Client] GI-ME  CA=1, IOA=4396 ValueFloat=3016.07 ValueBool=False
2026-01-01 21:45:57.569 [INFO] [GW -> Client] GI-ME  CA=1, IOA=8322 ValueFloat=0 ValueBool=False
2026-01-01 21:45:57.570 [INFO] [GW -> Client] GI-ME  CA=1, IOA=8323 ValueFloat=0 ValueBool=False
2026-01-01 21:46:12.599 [INFO] [IEC104] Client 34717384 event = CLOSED
2026-01-01 21:46:13.612 [INFO] [IEC104] Connection request from 192.168.2.21
2026-01-01 21:46:13.621 [INFO] [Client->GW] => General Interrogation from SCADA
2026-01-01 21:46:13.622 [INFO] [GW -> Client] GI-ME  CA=1, IOA=4352 ValueFloat=3605.6873 ValueBool=False
2026-01-01 21:46:13.622 [INFO] [GW -> Client] GI-ME  CA=1, IOA=4354 ValueFloat=3146.2493 ValueBool=False
2026-01-01 21:46:13.623 [INFO] [GW -> Client] GI-ME  CA=1, IOA=4356 ValueFloat=3016.778 ValueBool=False
2026-01-01 21:46:13.623 [INFO] [GW -> Client] GI-ME  CA=1, IOA=4392 ValueFloat=2818.3142 ValueBool=False
2026-01-01 21:46:13.624 [INFO] [GW -> Client] GI-ME  CA=1, IOA=4394 ValueFloat=3409.2603 ValueBool=False
2026-01-01 21:46:13.624 [INFO] [GW -> Client] GI-ME  CA=1, IOA=4396 ValueFloat=3016.07 ValueBool=False
2026-01-01 21:46:13.624 [INFO] [GW -> Client] GI-ME  CA=1, IOA=8322 ValueFloat=0 ValueBool=False
2026-01-01 21:46:13.625 [INFO] [GW -> Client] GI-ME  CA=1, IOA=8323 ValueFloat=0 ValueBool=False
2026-01-01 21:46:28.649 [INFO] [IEC104] Client 43694208 event = CLOSED
2026-01-01 21:46:29.655 [INFO] [IEC104] Connection request from 192.168.2.21
2026-01-01 21:46:29.718 [INFO] [Client->GW] => General Interrogation from SCADA
2026-01-01 21:46:29.718 [INFO] [GW -> Client] GI-ME  CA=1, IOA=4352 ValueFloat=3605.6873 ValueBool=False
2026-01-01 21:46:29.718 [INFO] [GW -> Client] GI-ME  CA=1, IOA=4354 ValueFloat=3146.2493 ValueBool=False
2026-01-01 21:46:29.719 [INFO] [GW -> Client] GI-ME  CA=1, IOA=4356 ValueFloat=3016.778 ValueBool=False
2026-01-01 21:46:29.719 [INFO] [GW -> Client] GI-ME  CA=1, IOA=4392 ValueFloat=2818.3142 ValueBool=False
2026-01-01 21:46:29.719 [INFO] [GW -> Client] GI-ME  CA=1, IOA=4394 ValueFloat=3409.2603 ValueBool=False
2026-01-01 21:46:29.719 [INFO] [GW -> Client] GI-ME  CA=1, IOA=4396 ValueFloat=3016.07 ValueBool=False
2026-01-01 21:46:29.720 [INFO] [GW -> Client] GI-ME  CA=1, IOA=8322 ValueFloat=0 ValueBool=False
2026-01-01 21:46:29.720 [INFO] [GW -> Client] GI-ME  CA=1, IOA=8323 ValueFloat=0 ValueBool=False
2026-01-01 21:46:44.721 [INFO] [IEC104] Client 16114441 event = CLOSED
2026-01-01 21:46:45.727 [INFO] [IEC104] Connection request from 192.168.2.21
2026-01-01 21:46:45.745 [INFO] [Client->GW] => General Interrogation from SCADA
2026-01-01 21:46:45.746 [INFO] [GW -> Client] GI-ME  CA=1, IOA=4352 ValueFloat=4261.124 ValueBool=False
2026-01-01 21:46:45.746 [INFO] [GW -> Client] GI-ME  CA=1, IOA=4354 ValueFloat=3801.289 ValueBool=False
2026-01-01 21:46:45.746 [INFO] [GW -> Client] GI-ME  CA=1, IOA=4356 ValueFloat=3803.1482 ValueBool=False
2026-01-01 21:46:45.746 [INFO] [GW -> Client] GI-ME  CA=1, IOA=4392 ValueFloat=3670.726 ValueBool=False
2026-01-01 21:46:45.747 [INFO] [GW -> Client] GI-ME  CA=1, IOA=4394 ValueFloat=4129.9453 ValueBool=False
2026-01-01 21:46:45.747 [INFO] [GW -> Client] GI-ME  CA=1, IOA=4396 ValueFloat=3933.7292 ValueBool=False
2026-01-01 21:46:45.747 [INFO] [GW -> Client] GI-ME  CA=1, IOA=8322 ValueFloat=0 ValueBool=False
2026-01-01 21:46:45.747 [INFO] [GW -> Client] GI-ME  CA=1, IOA=8323 ValueFloat=0 ValueBool=False
2026-01-01 21:47:00.751 [INFO] [IEC104] Client 20060014 event = CLOSED
2026-01-01 21:47:01.756 [INFO] [IEC104] Connection request from 192.168.2.21
2026-01-01 21:47:01.775 [INFO] [Client->GW] => General Interrogation from SCADA
2026-01-01 21:47:01.776 [INFO] [GW -> Client] GI-ME  CA=1, IOA=4352 ValueFloat=4261.124 ValueBool=False
2026-01-01 21:47:01.777 [INFO] [GW -> Client] GI-ME  CA=1, IOA=4354 ValueFloat=3801.289 ValueBool=False
2026-01-01 21:47:01.777 [INFO] [GW -> Client] GI-ME  CA=1, IOA=4356 ValueFloat=3803.1482 ValueBool=False
2026-01-01 21:47:01.777 [INFO] [GW -> Client] GI-ME  CA=1, IOA=4392 ValueFloat=3670.726 ValueBool=False
2026-01-01 21:47:01.778 [INFO] [GW -> Client] GI-ME  CA=1, IOA=4394 ValueFloat=4129.9453 ValueBool=False
2026-01-01 21:47:01.778 [INFO] [GW -> Client] GI-ME  CA=1, IOA=4396 ValueFloat=3933.7292 ValueBool=False
2026-01-01 21:47:01.779 [INFO] [GW -> Client] GI-ME  CA=1, IOA=8322 ValueFloat=0 ValueBool=False
2026-01-01 21:47:01.779 [INFO] [GW -> Client] GI-ME  CA=1, IOA=8323 ValueFloat=0 ValueBool=False
2026-01-01 21:47:16.786 [INFO] [IEC104] Client 34262997 event = CLOSED
2026-01-01 21:47:17.802 [INFO] [IEC104] Connection request from 192.168.2.21
2026-01-01 21:47:17.817 [INFO] [Client->GW] => General Interrogation from SCADA
2026-01-01 21:47:17.818 [INFO] [GW -> Client] GI-ME  CA=1, IOA=4352 ValueFloat=0 ValueBool=False
2026-01-01 21:47:17.819 [INFO] [GW -> Client] GI-ME  CA=1, IOA=4354 ValueFloat=3801.289 ValueBool=False
2026-01-01 21:47:17.819 [INFO] [GW -> Client] GI-ME  CA=1, IOA=4356 ValueFloat=3803.1482 ValueBool=False
2026-01-01 21:47:17.820 [INFO] [GW -> Client] GI-ME  CA=1, IOA=4392 ValueFloat=3670.726 ValueBool=False
2026-01-01 21:47:17.820 [INFO] [GW -> Client] GI-ME  CA=1, IOA=4394 ValueFloat=4129.9453 ValueBool=False
2026-01-01 21:47:17.821 [INFO] [GW -> Client] GI-ME  CA=1, IOA=4396 ValueFloat=3933.7292 ValueBool=False
2026-01-01 21:47:17.821 [INFO] [GW -> Client] GI-ME  CA=1, IOA=8322 ValueFloat=0 ValueBool=False
2026-01-01 21:47:17.822 [INFO] [GW -> Client] GI-ME  CA=1, IOA=8323 ValueFloat=0 ValueBool=False
2026-01-01 21:47:32.850 [INFO] [IEC104] Client 30471145 event = CLOSED
2026-01-01 21:47:33.865 [INFO] [IEC104] Connection request from 192.168.2.21
2026-01-01 21:47:33.876 [INFO] [Client->GW] => General Interrogation from SCADA
2026-01-01 21:47:33.876 [INFO] [GW -> Client] GI-ME  CA=1, IOA=4352 ValueFloat=0 ValueBool=False
2026-01-01 21:47:33.877 [INFO] [GW -> Client] GI-ME  CA=1, IOA=4354 ValueFloat=3801.289 ValueBool=False
2026-01-01 21:47:33.877 [INFO] [GW -> Client] GI-ME  CA=1, IOA=4356 ValueFloat=3803.1482 ValueBool=False
2026-01-01 21:47:33.877 [INFO] [GW -> Client] GI-ME  CA=1, IOA=4392 ValueFloat=3670.726 ValueBool=False
2026-01-01 21:47:33.877 [INFO] [GW -> Client] GI-ME  CA=1, IOA=4394 ValueFloat=4129.9453 ValueBool=False
2026-01-01 21:47:33.878 [INFO] [GW -> Client] GI-ME  CA=1, IOA=4396 ValueFloat=3933.7292 ValueBool=False
2026-01-01 21:47:33.878 [INFO] [GW -> Client] GI-ME  CA=1, IOA=8322 ValueFloat=0 ValueBool=False
2026-01-01 21:47:33.878 [INFO] [GW -> Client] GI-ME  CA=1, IOA=8323 ValueFloat=0 ValueBool=False
2026-01-01 21:47:48.880 [INFO] [IEC104] Client 19586269 event = CLOSED
2026-01-01 21:47:49.883 [INFO] [IEC104] Connection request from 192.168.2.21
2026-01-01 21:47:49.945 [INFO] [Client->GW] => General Interrogation from SCADA
2026-01-01 21:47:49.946 [INFO] [GW -> Client] GI-ME  CA=1, IOA=4352 ValueFloat=0 ValueBool=False
2026-01-01 21:47:49.946 [INFO] [GW -> Client] GI-ME  CA=1, IOA=4354 ValueFloat=3801.289 ValueBool=False
2026-01-01 21:47:49.946 [INFO] [GW -> Client] GI-ME  CA=1, IOA=4356 ValueFloat=3803.1482 ValueBool=False
2026-01-01 21:47:49.946 [INFO] [GW -> Client] GI-ME  CA=1, IOA=4392 ValueFloat=3670.726 ValueBool=False
2026-01-01 21:47:49.947 [INFO] [GW -> Client] GI-ME  CA=1, IOA=4394 ValueFloat=4129.9453 ValueBool=False
2026-01-01 21:47:49.947 [INFO] [GW -> Client] GI-ME  CA=1, IOA=4396 ValueFloat=3933.7292 ValueBool=False
2026-01-01 21:47:49.947 [INFO] [GW -> Client] GI-ME  CA=1, IOA=8322 ValueFloat=0 ValueBool=False
2026-01-01 21:47:49.947 [INFO] [GW -> Client] GI-ME  CA=1, IOA=8323 ValueFloat=0 ValueBool=False
2026-01-01 21:49:57.283 [INFO] [IEC104] Connection request from 192.168.2.21
2026-01-01 21:49:57.386 [INFO] [Client->GW] => General Interrogation from SCADA
2026-01-01 21:49:57.392 [INFO] [GW -> Client] GI-ME  CA=1, IOA=4352 ValueFloat=1179.6481 ValueBool=False
2026-01-01 21:49:57.393 [INFO] [GW -> Client] GI-ME  CA=1, IOA=4354 ValueFloat=1638.8071 ValueBool=False
2026-01-01 21:49:57.393 [INFO] [GW -> Client] GI-ME  CA=1, IOA=4356 ValueFloat=1508.0781 ValueBool=False
2026-01-01 21:49:57.393 [INFO] [GW -> Client] GI-ME  CA=1, IOA=4392 ValueFloat=1048.6471 ValueBool=False
2026-01-01 21:49:57.393 [INFO] [GW -> Client] GI-ME  CA=1, IOA=4394 ValueFloat=1966.5961 ValueBool=False
2026-01-01 21:49:57.394 [INFO] [GW -> Client] GI-ME  CA=1, IOA=4396 ValueFloat=1442.4191 ValueBool=False
2026-01-01 21:49:57.394 [INFO] [GW -> Client] GI-ME  CA=1, IOA=8322 ValueFloat=0 ValueBool=False
2026-01-01 21:49:57.394 [INFO] [GW -> Client] GI-ME  CA=1, IOA=8323 ValueFloat=0 ValueBool=False
2026-01-01 21:50:12.427 [INFO] [IEC104] Client 23324256 event = CLOSED
2026-01-01 21:50:13.439 [INFO] [IEC104] Connection request from 192.168.2.21
2026-01-01 21:50:13.457 [INFO] [Client->GW] => General Interrogation from SCADA
2026-01-01 21:50:13.458 [INFO] [GW -> Client] GI-ME  CA=1, IOA=4352 ValueFloat=2032.0051 ValueBool=False
2026-01-01 21:50:13.459 [INFO] [GW -> Client] GI-ME  CA=1, IOA=4354 ValueFloat=2163.156 ValueBool=False
2026-01-01 21:50:13.460 [INFO] [GW -> Client] GI-ME  CA=1, IOA=4356 ValueFloat=2162.989 ValueBool=False
2026-01-01 21:50:13.460 [INFO] [GW -> Client] GI-ME  CA=1, IOA=4392 ValueFloat=1967.3741 ValueBool=False
2026-01-01 21:50:13.461 [INFO] [GW -> Client] GI-ME  CA=1, IOA=4394 ValueFloat=3016.507 ValueBool=False
2026-01-01 21:50:13.462 [INFO] [GW -> Client] GI-ME  CA=1, IOA=4396 ValueFloat=2032.2091 ValueBool=False
2026-01-01 21:50:13.463 [INFO] [GW -> Client] GI-ME  CA=1, IOA=8322 ValueFloat=0 ValueBool=False
2026-01-01 21:50:13.463 [INFO] [GW -> Client] GI-ME  CA=1, IOA=8323 ValueFloat=0 ValueBool=False
2026-01-01 21:50:28.490 [INFO] [IEC104] Client 58408916 event = CLOSED
2026-01-01 21:50:29.506 [INFO] [IEC104] Connection request from 192.168.2.21
2026-01-01 21:50:29.570 [INFO] [Client->GW] => General Interrogation from SCADA
2026-01-01 21:50:29.571 [INFO] [GW -> Client] GI-ME  CA=1, IOA=4352 ValueFloat=2032.0051 ValueBool=False
2026-01-01 21:50:29.571 [INFO] [GW -> Client] GI-ME  CA=1, IOA=4354 ValueFloat=2163.156 ValueBool=False
2026-01-01 21:50:29.571 [INFO] [GW -> Client] GI-ME  CA=1, IOA=4356 ValueFloat=2162.989 ValueBool=False
2026-01-01 21:50:29.572 [INFO] [GW -> Client] GI-ME  CA=1, IOA=4392 ValueFloat=1967.3741 ValueBool=False
2026-01-01 21:50:29.572 [INFO] [GW -> Client] GI-ME  CA=1, IOA=4394 ValueFloat=3016.507 ValueBool=False
2026-01-01 21:50:29.572 [INFO] [GW -> Client] GI-ME  CA=1, IOA=4396 ValueFloat=2032.2091 ValueBool=False
2026-01-01 21:50:29.572 [INFO] [GW -> Client] GI-ME  CA=1, IOA=8322 ValueFloat=0 ValueBool=False
2026-01-01 21:50:29.573 [INFO] [GW -> Client] GI-ME  CA=1, IOA=8323 ValueFloat=0 ValueBool=False
2026-01-01 21:50:44.584 [INFO] [IEC104] Client 24775715 event = CLOSED
2026-01-01 21:50:45.600 [INFO] [IEC104] Connection request from 192.168.2.21
2026-01-01 21:50:45.618 [INFO] [Client->GW] => General Interrogation from SCADA
2026-01-01 21:50:45.619 [INFO] [GW -> Client] GI-ME  CA=1, IOA=4352 ValueFloat=0 ValueBool=False
2026-01-01 21:50:45.619 [INFO] [GW -> Client] GI-ME  CA=1, IOA=4354 ValueFloat=-1 ValueBool=False
2026-01-01 21:50:45.620 [INFO] [GW -> Client] GI-ME  CA=1, IOA=4356 ValueFloat=-1 ValueBool=False
2026-01-01 21:50:45.620 [INFO] [GW -> Client] GI-ME  CA=1, IOA=4392 ValueFloat=-1 ValueBool=False
2026-01-01 21:50:45.621 [INFO] [GW -> Client] GI-ME  CA=1, IOA=4394 ValueFloat=-1 ValueBool=False
2026-01-01 21:50:45.621 [INFO] [GW -> Client] GI-ME  CA=1, IOA=4396 ValueFloat=-1 ValueBool=False
2026-01-01 21:50:45.622 [INFO] [GW -> Client] GI-ME  CA=1, IOA=8322 ValueFloat=-1 ValueBool=False
2026-01-01 21:50:45.622 [INFO] [GW -> Client] GI-ME  CA=1, IOA=8323 ValueFloat=-1 ValueBool=False
2026-01-01 21:51:00.634 [INFO] [IEC104] Client 35147378 event = CLOSED
2026-01-01 21:51:01.646 [INFO] [IEC104] Connection request from 192.168.2.21
2026-01-01 21:51:01.669 [INFO] [Client->GW] => General Interrogation from SCADA
2026-01-01 21:51:01.669 [INFO] [GW -> Client] GI-ME  CA=1, IOA=4352 ValueFloat=0 ValueBool=False
2026-01-01 21:51:01.670 [INFO] [GW -> Client] GI-ME  CA=1, IOA=4354 ValueFloat=-1 ValueBool=False
2026-01-01 21:51:01.670 [INFO] [GW -> Client] GI-ME  CA=1, IOA=4356 ValueFloat=-1 ValueBool=False
2026-01-01 21:51:01.671 [INFO] [GW -> Client] GI-ME  CA=1, IOA=4392 ValueFloat=-1 ValueBool=False
2026-01-01 21:51:01.671 [INFO] [GW -> Client] GI-ME  CA=1, IOA=4394 ValueFloat=-1 ValueBool=False
2026-01-01 21:51:01.672 [INFO] [GW -> Client] GI-ME  CA=1, IOA=4396 ValueFloat=-1 ValueBool=False
2026-01-01 21:51:01.673 [INFO] [GW -> Client] GI-ME  CA=1, IOA=8322 ValueFloat=-1 ValueBool=False
2026-01-01 21:51:01.673 [INFO] [GW -> Client] GI-ME  CA=1, IOA=8323 ValueFloat=-1 ValueBool=False
2026-01-01 21:51:16.675 [INFO] [IEC104] Client 62954519 event = CLOSED
2026-01-01 21:51:17.683 [INFO] [IEC104] Connection request from 192.168.2.21
2026-01-01 21:51:17.700 [INFO] [Client->GW] => General Interrogation from SCADA
2026-01-01 21:51:17.702 [INFO] [GW -> Client] GI-ME  CA=1, IOA=4352 ValueFloat=0 ValueBool=False
2026-01-01 21:51:17.703 [INFO] [GW -> Client] GI-ME  CA=1, IOA=4354 ValueFloat=-1 ValueBool=False
2026-01-01 21:51:17.703 [INFO] [GW -> Client] GI-ME  CA=1, IOA=4356 ValueFloat=-1 ValueBool=False
2026-01-01 21:51:17.704 [INFO] [GW -> Client] GI-ME  CA=1, IOA=4392 ValueFloat=-1 ValueBool=False
2026-01-01 21:51:17.704 [INFO] [GW -> Client] GI-ME  CA=1, IOA=4394 ValueFloat=-1 ValueBool=False
2026-01-01 21:51:17.705 [INFO] [GW -> Client] GI-ME  CA=1, IOA=4396 ValueFloat=-1 ValueBool=False
2026-01-01 21:51:17.705 [INFO] [GW -> Client] GI-ME  CA=1, IOA=8322 ValueFloat=-1 ValueBool=False
2026-01-01 21:51:17.706 [INFO] [GW -> Client] GI-ME  CA=1, IOA=8323 ValueFloat=-1 ValueBool=False
2026-01-01 21:51:32.725 [INFO] [IEC104] Client 20060014 event = CLOSED
2026-01-01 21:51:33.743 [INFO] [IEC104] Connection request from 192.168.2.21
2026-01-01 21:51:33.762 [INFO] [Client->GW] => General Interrogation from SCADA
2026-01-01 21:51:33.762 [INFO] [GW -> Client] GI-ME  CA=1, IOA=4352 ValueFloat=0 ValueBool=False
2026-01-01 21:51:33.762 [INFO] [GW -> Client] GI-ME  CA=1, IOA=4354 ValueFloat=-1 ValueBool=False
2026-01-01 21:51:33.763 [INFO] [GW -> Client] GI-ME  CA=1, IOA=4356 ValueFloat=-1 ValueBool=False
2026-01-01 21:51:33.763 [INFO] [GW -> Client] GI-ME  CA=1, IOA=4392 ValueFloat=-1 ValueBool=False
2026-01-01 21:51:33.763 [INFO] [GW -> Client] GI-ME  CA=1, IOA=4394 ValueFloat=-1 ValueBool=False
2026-01-01 21:51:33.763 [INFO] [GW -> Client] GI-ME  CA=1, IOA=4396 ValueFloat=-1 ValueBool=False
2026-01-01 21:51:33.763 [INFO] [GW -> Client] GI-ME  CA=1, IOA=8322 ValueFloat=-1 ValueBool=False
2026-01-01 21:51:33.764 [INFO] [GW -> Client] GI-ME  CA=1, IOA=8323 ValueFloat=-1 ValueBool=False
2026-01-01 21:51:48.790 [INFO] [IEC104] Client 27313459 event = CLOSED
2026-01-01 21:51:49.795 [INFO] [IEC104] Connection request from 192.168.2.21
2026-01-01 21:51:49.858 [INFO] [Client->GW] => General Interrogation from SCADA
2026-01-01 21:51:49.858 [INFO] [GW -> Client] GI-ME  CA=1, IOA=4352 ValueFloat=0 ValueBool=False
2026-01-01 21:51:49.859 [INFO] [GW -> Client] GI-ME  CA=1, IOA=4354 ValueFloat=-1 ValueBool=False
2026-01-01 21:51:49.859 [INFO] [GW -> Client] GI-ME  CA=1, IOA=4356 ValueFloat=-1 ValueBool=False
2026-01-01 21:51:49.859 [INFO] [GW -> Client] GI-ME  CA=1, IOA=4392 ValueFloat=-1 ValueBool=False
2026-01-01 21:51:49.860 [INFO] [GW -> Client] GI-ME  CA=1, IOA=4394 ValueFloat=-1 ValueBool=False
2026-01-01 21:51:49.860 [INFO] [GW -> Client] GI-ME  CA=1, IOA=4396 ValueFloat=-1 ValueBool=False
2026-01-01 21:51:49.860 [INFO] [GW -> Client] GI-ME  CA=1, IOA=8322 ValueFloat=-1 ValueBool=False
2026-01-01 21:51:49.860 [INFO] [GW -> Client] GI-ME  CA=1, IOA=8323 ValueFloat=-1 ValueBool=False
2026-01-01 21:52:04.885 [INFO] [IEC104] Client 30471145 event = CLOSED
2026-01-01 21:52:05.891 [INFO] [IEC104] Connection request from 192.168.2.21
2026-01-01 21:52:05.911 [INFO] [Client->GW] => General Interrogation from SCADA
2026-01-01 21:52:05.912 [INFO] [GW -> Client] GI-ME  CA=1, IOA=4352 ValueFloat=0 ValueBool=False
2026-01-01 21:52:05.913 [INFO] [GW -> Client] GI-ME  CA=1, IOA=4354 ValueFloat=-1 ValueBool=False
2026-01-01 21:52:05.913 [INFO] [GW -> Client] GI-ME  CA=1, IOA=4356 ValueFloat=-1 ValueBool=False
2026-01-01 21:52:05.914 [INFO] [GW -> Client] GI-ME  CA=1, IOA=4392 ValueFloat=-1 ValueBool=False
2026-01-01 21:52:05.914 [INFO] [GW -> Client] GI-ME  CA=1, IOA=4394 ValueFloat=-1 ValueBool=False
2026-01-01 21:52:05.914 [INFO] [GW -> Client] GI-ME  CA=1, IOA=4396 ValueFloat=-1 ValueBool=False
2026-01-01 21:52:05.914 [INFO] [GW -> Client] GI-ME  CA=1, IOA=8322 ValueFloat=-1 ValueBool=False
2026-01-01 21:52:05.914 [INFO] [GW -> Client] GI-ME  CA=1, IOA=8323 ValueFloat=-1 ValueBool=False
2026-01-01 22:32:30.587 [INFO] [IEC104] Connection request from 192.168.2.21
2026-01-01 22:32:30.735 [INFO] [Client->GW] => General Interrogation from SCADA
2026-01-01 22:32:30.743 [INFO] [GW -> Client] GI-ME  CA=1, IOA=4352 ValueFloat=0 ValueBool=False
2026-01-01 22:32:30.745 [INFO] [GW -> Client] GI-ME  CA=1, IOA=4354 ValueFloat=0 ValueBool=False
2026-01-01 22:32:30.745 [INFO] [GW -> Client] GI-ME  CA=1, IOA=4356 ValueFloat=0 ValueBool=False
2026-01-01 22:32:30.746 [INFO] [GW -> Client] GI-ME  CA=1, IOA=4392 ValueFloat=0 ValueBool=False
2026-01-01 22:32:30.746 [INFO] [GW -> Client] GI-ME  CA=1, IOA=4394 ValueFloat=0 ValueBool=False
2026-01-01 22:32:30.746 [INFO] [GW -> Client] GI-ME  CA=1, IOA=4396 ValueFloat=0 ValueBool=False
2026-01-01 22:32:30.746 [INFO] [GW -> Client] GI-ME  CA=1, IOA=8322 ValueFloat=0 ValueBool=False
2026-01-01 22:32:30.747 [INFO] [GW -> Client] GI-ME  CA=1, IOA=8323 ValueFloat=0 ValueBool=False
2026-01-01 22:32:45.770 [INFO] [IEC104] Client 24893087 event = CLOSED
2026-01-01 22:32:46.769 [INFO] [IEC104] Connection request from 192.168.2.21
2026-01-01 22:32:46.790 [INFO] [Client->GW] => General Interrogation from SCADA
2026-01-01 22:32:46.791 [INFO] [GW -> Client] GI-ME  CA=1, IOA=4352 ValueFloat=0 ValueBool=False
2026-01-01 22:32:46.792 [INFO] [GW -> Client] GI-ME  CA=1, IOA=4354 ValueFloat=0 ValueBool=False
2026-01-01 22:32:46.792 [INFO] [GW -> Client] GI-ME  CA=1, IOA=4356 ValueFloat=0 ValueBool=False
2026-01-01 22:32:46.793 [INFO] [GW -> Client] GI-ME  CA=1, IOA=4392 ValueFloat=0 ValueBool=False
2026-01-01 22:32:46.793 [INFO] [GW -> Client] GI-ME  CA=1, IOA=4394 ValueFloat=0 ValueBool=False
2026-01-01 22:32:46.793 [INFO] [GW -> Client] GI-ME  CA=1, IOA=4396 ValueFloat=0 ValueBool=False
2026-01-01 22:32:46.794 [INFO] [GW -> Client] GI-ME  CA=1, IOA=8322 ValueFloat=0 ValueBool=False
2026-01-01 22:32:46.794 [INFO] [GW -> Client] GI-ME  CA=1, IOA=8323 ValueFloat=0 ValueBool=False
2026-01-01 22:33:01.817 [INFO] [IEC104] Client 34250480 event = CLOSED
2026-01-01 22:33:02.833 [INFO] [IEC104] Connection request from 192.168.2.21
2026-01-01 22:33:02.858 [INFO] [Client->GW] => General Interrogation from SCADA
2026-01-01 22:33:02.860 [INFO] [GW -> Client] GI-ME  CA=1, IOA=4352 ValueFloat=0 ValueBool=False
2026-01-01 22:33:02.861 [INFO] [GW -> Client] GI-ME  CA=1, IOA=4354 ValueFloat=0 ValueBool=False
2026-01-01 22:33:02.862 [INFO] [GW -> Client] GI-ME  CA=1, IOA=4356 ValueFloat=0 ValueBool=False
2026-01-01 22:33:02.863 [INFO] [GW -> Client] GI-ME  CA=1, IOA=4392 ValueFloat=0 ValueBool=False
2026-01-01 22:33:02.864 [INFO] [GW -> Client] GI-ME  CA=1, IOA=4394 ValueFloat=0 ValueBool=False
2026-01-01 22:33:02.865 [INFO] [GW -> Client] GI-ME  CA=1, IOA=4396 ValueFloat=0 ValueBool=False
2026-01-01 22:33:02.866 [INFO] [GW -> Client] GI-ME  CA=1, IOA=8322 ValueFloat=0 ValueBool=False
2026-01-01 22:33:02.867 [INFO] [GW -> Client] GI-ME  CA=1, IOA=8323 ValueFloat=0 ValueBool=False
2026-01-01 22:33:17.874 [INFO] [IEC104] Client 2348279 event = CLOSED
2026-01-01 22:33:18.887 [INFO] [IEC104] Connection request from 192.168.2.21
2026-01-01 22:33:18.962 [INFO] [Client->GW] => General Interrogation from SCADA
2026-01-01 22:33:18.963 [INFO] [GW -> Client] GI-ME  CA=1, IOA=4352 ValueFloat=0 ValueBool=False
2026-01-01 22:33:18.964 [INFO] [GW -> Client] GI-ME  CA=1, IOA=4354 ValueFloat=0 ValueBool=False
2026-01-01 22:33:18.964 [INFO] [GW -> Client] GI-ME  CA=1, IOA=4356 ValueFloat=0 ValueBool=False
2026-01-01 22:33:18.965 [INFO] [GW -> Client] GI-ME  CA=1, IOA=4392 ValueFloat=0 ValueBool=False
2026-01-01 22:33:18.965 [INFO] [GW -> Client] GI-ME  CA=1, IOA=4394 ValueFloat=0 ValueBool=False
2026-01-01 22:33:18.965 [INFO] [GW -> Client] GI-ME  CA=1, IOA=4396 ValueFloat=0 ValueBool=False
2026-01-01 22:33:18.965 [INFO] [GW -> Client] GI-ME  CA=1, IOA=8322 ValueFloat=0 ValueBool=False
2026-01-01 22:33:18.966 [INFO] [GW -> Client] GI-ME  CA=1, IOA=8323 ValueFloat=0 ValueBool=False
2026-01-01 22:37:38.097 [INFO] [IEC104] Connection request from 192.168.2.21
2026-01-01 22:37:38.234 [INFO] [Client->GW] => General Interrogation from SCADA
2026-01-01 22:37:38.246 [INFO] [GW -> Client] GI-ME  CA=1, IOA=4352 ValueFloat=0 ValueBool=False
2026-01-01 22:37:38.249 [INFO] [GW -> Client] GI-ME  CA=1, IOA=4354 ValueFloat=0 ValueBool=False
2026-01-01 22:37:38.249 [INFO] [GW -> Client] GI-ME  CA=1, IOA=4356 ValueFloat=0 ValueBool=False
2026-01-01 22:37:38.250 [INFO] [GW -> Client] GI-ME  CA=1, IOA=4392 ValueFloat=0 ValueBool=False
2026-01-01 22:37:38.251 [INFO] [GW -> Client] GI-ME  CA=1, IOA=4394 ValueFloat=0 ValueBool=False
2026-01-01 22:37:38.251 [INFO] [GW -> Client] GI-ME  CA=1, IOA=4396 ValueFloat=0 ValueBool=False
2026-01-01 22:37:38.252 [INFO] [GW -> Client] GI-ME  CA=1, IOA=8322 ValueFloat=0 ValueBool=False
2026-01-01 22:37:38.252 [INFO] [GW -> Client] GI-ME  CA=1, IOA=8323 ValueFloat=0 ValueBool=False
2026-01-01 22:40:46.129 [INFO] [IEC104] Connection request from 192.168.2.21
2026-01-01 22:40:46.229 [INFO] [Client->GW] => General Interrogation from SCADA
2026-01-01 22:40:46.235 [INFO] [GW -> Client] GI-ME  CA=1, IOA=4352 ValueFloat=0 ValueBool=False
2026-01-01 22:40:46.236 [INFO] [GW -> Client] GI-ME  CA=1, IOA=4354 ValueFloat=0 ValueBool=False
2026-01-01 22:40:46.237 [INFO] [GW -> Client] GI-ME  CA=1, IOA=4356 ValueFloat=0 ValueBool=False
2026-01-01 22:40:46.237 [INFO] [GW -> Client] GI-ME  CA=1, IOA=4392 ValueFloat=0 ValueBool=False
2026-01-01 22:40:46.237 [INFO] [GW -> Client] GI-ME  CA=1, IOA=4394 ValueFloat=0 ValueBool=False
2026-01-01 22:40:46.237 [INFO] [GW -> Client] GI-ME  CA=1, IOA=4396 ValueFloat=0 ValueBool=False
2026-01-01 22:40:46.237 [INFO] [GW -> Client] GI-ME  CA=1, IOA=8322 ValueFloat=0 ValueBool=False
2026-01-01 22:40:46.237 [INFO] [GW -> Client] GI-ME  CA=1, IOA=8323 ValueFloat=0 ValueBool=False
2026-01-01 22:41:01.247 [INFO] [IEC104] Client 42931033 event = CLOSED
2026-01-01 22:41:02.258 [INFO] [IEC104] Connection request from 192.168.2.21
2026-01-01 22:41:02.321 [INFO] [Client->GW] => General Interrogation from SCADA
2026-01-01 22:41:02.322 [INFO] [GW -> Client] GI-ME  CA=1, IOA=4352 ValueFloat=0 ValueBool=False
2026-01-01 22:41:02.323 [INFO] [GW -> Client] GI-ME  CA=1, IOA=4354 ValueFloat=0 ValueBool=False
2026-01-01 22:41:02.324 [INFO] [GW -> Client] GI-ME  CA=1, IOA=4356 ValueFloat=0 ValueBool=False
2026-01-01 22:41:02.324 [INFO] [GW -> Client] GI-ME  CA=1, IOA=4392 ValueFloat=0 ValueBool=False
2026-01-01 22:41:02.325 [INFO] [GW -> Client] GI-ME  CA=1, IOA=4394 ValueFloat=0 ValueBool=False
2026-01-01 22:41:02.326 [INFO] [GW -> Client] GI-ME  CA=1, IOA=4396 ValueFloat=0 ValueBool=False
2026-01-01 22:41:02.327 [INFO] [GW -> Client] GI-ME  CA=1, IOA=8322 ValueFloat=0 ValueBool=False
2026-01-01 22:41:02.327 [INFO] [GW -> Client] GI-ME  CA=1, IOA=8323 ValueFloat=0 ValueBool=False
2026-01-01 22:41:17.346 [INFO] [IEC104] Client 53682616 event = CLOSED
2026-01-01 22:41:18.365 [INFO] [IEC104] Connection request from 192.168.2.21
2026-01-01 22:41:18.426 [INFO] [Client->GW] => General Interrogation from SCADA
2026-01-01 22:41:18.427 [INFO] [GW -> Client] GI-ME  CA=1, IOA=4352 ValueFloat=0 ValueBool=False
2026-01-01 22:41:18.427 [INFO] [GW -> Client] GI-ME  CA=1, IOA=4354 ValueFloat=0 ValueBool=False
2026-01-01 22:41:18.427 [INFO] [GW -> Client] GI-ME  CA=1, IOA=4356 ValueFloat=0 ValueBool=False
2026-01-01 22:41:18.427 [INFO] [GW -> Client] GI-ME  CA=1, IOA=4392 ValueFloat=0 ValueBool=False
2026-01-01 22:41:18.427 [INFO] [GW -> Client] GI-ME  CA=1, IOA=4394 ValueFloat=0 ValueBool=False
2026-01-01 22:41:18.428 [INFO] [GW -> Client] GI-ME  CA=1, IOA=4396 ValueFloat=0 ValueBool=False
2026-01-01 22:41:18.428 [INFO] [GW -> Client] GI-ME  CA=1, IOA=8322 ValueFloat=0 ValueBool=False
2026-01-01 22:41:18.428 [INFO] [GW -> Client] GI-ME  CA=1, IOA=8323 ValueFloat=0 ValueBool=False
2026-01-01 22:41:33.449 [INFO] [IEC104] Client 24775715 event = CLOSED
2026-01-01 22:41:34.458 [INFO] [IEC104] Connection request from 192.168.2.21
2026-01-01 22:41:34.520 [INFO] [Client->GW] => General Interrogation from SCADA
2026-01-01 22:41:34.522 [INFO] [GW -> Client] GI-ME  CA=1, IOA=4352 ValueFloat=65.62701 ValueBool=False
2026-01-01 22:41:34.522 [INFO] [GW -> Client] GI-ME  CA=1, IOA=4354 ValueFloat=131.33801 ValueBool=False
2026-01-01 22:41:34.523 [INFO] [GW -> Client] GI-ME  CA=1, IOA=4356 ValueFloat=0 ValueBool=False
2026-01-01 22:41:34.523 [INFO] [GW -> Client] GI-ME  CA=1, IOA=4392 ValueFloat=196.781 ValueBool=False
2026-01-01 22:41:34.523 [INFO] [GW -> Client] GI-ME  CA=1, IOA=4394 ValueFloat=196.80501 ValueBool=False
2026-01-01 22:41:34.523 [INFO] [GW -> Client] GI-ME  CA=1, IOA=4396 ValueFloat=131.17401 ValueBool=False
2026-01-01 22:41:34.524 [INFO] [GW -> Client] GI-ME  CA=1, IOA=8322 ValueFloat=0 ValueBool=False
2026-01-01 22:41:34.524 [INFO] [GW -> Client] GI-ME  CA=1, IOA=8323 ValueFloat=0 ValueBool=False
2026-01-01 22:41:49.531 [INFO] [IEC104] Client 35147378 event = CLOSED
2026-01-01 22:41:50.534 [INFO] [IEC104] Connection request from 192.168.2.21
2026-01-01 22:41:50.562 [INFO] [Client->GW] => General Interrogation from SCADA
2026-01-01 22:41:50.562 [INFO] [GW -> Client] GI-ME  CA=1, IOA=4352 ValueFloat=65.62701 ValueBool=False
2026-01-01 22:41:50.563 [INFO] [GW -> Client] GI-ME  CA=1, IOA=4354 ValueFloat=131.33801 ValueBool=False
2026-01-01 22:41:50.563 [INFO] [GW -> Client] GI-ME  CA=1, IOA=4356 ValueFloat=0 ValueBool=False
2026-01-01 22:41:50.564 [INFO] [GW -> Client] GI-ME  CA=1, IOA=4392 ValueFloat=196.781 ValueBool=False
2026-01-01 22:41:50.564 [INFO] [GW -> Client] GI-ME  CA=1, IOA=4394 ValueFloat=196.80501 ValueBool=False
2026-01-01 22:41:50.565 [INFO] [GW -> Client] GI-ME  CA=1, IOA=4396 ValueFloat=131.17401 ValueBool=False
2026-01-01 22:41:50.565 [INFO] [GW -> Client] GI-ME  CA=1, IOA=8322 ValueFloat=0 ValueBool=False
2026-01-01 22:41:50.566 [INFO] [GW -> Client] GI-ME  CA=1, IOA=8323 ValueFloat=0 ValueBool=False
2026-01-01 22:42:05.585 [INFO] [IEC104] Client 51867411 event = CLOSED
2026-01-01 22:42:06.589 [INFO] [IEC104] Connection request from 192.168.2.21
2026-01-01 22:42:06.604 [INFO] [Client->GW] => General Interrogation from SCADA
2026-01-01 22:42:06.605 [INFO] [GW -> Client] GI-ME  CA=1, IOA=4352 ValueFloat=65.62701 ValueBool=False
2026-01-01 22:42:06.606 [INFO] [GW -> Client] GI-ME  CA=1, IOA=4354 ValueFloat=131.33801 ValueBool=False
2026-01-01 22:42:06.606 [INFO] [GW -> Client] GI-ME  CA=1, IOA=4356 ValueFloat=0 ValueBool=False
2026-01-01 22:42:06.606 [INFO] [GW -> Client] GI-ME  CA=1, IOA=4392 ValueFloat=196.781 ValueBool=False
2026-01-01 22:42:06.607 [INFO] [GW -> Client] GI-ME  CA=1, IOA=4394 ValueFloat=196.80501 ValueBool=False
2026-01-01 22:42:06.607 [INFO] [GW -> Client] GI-ME  CA=1, IOA=4396 ValueFloat=131.17401 ValueBool=False
2026-01-01 22:42:06.607 [INFO] [GW -> Client] GI-ME  CA=1, IOA=8322 ValueFloat=0 ValueBool=False
2026-01-01 22:42:06.607 [INFO] [GW -> Client] GI-ME  CA=1, IOA=8323 ValueFloat=0 ValueBool=False
